[2026-09-17 05:25:04] BRIDGE-FAILED: no API key found (env XL_API_KEY, /Users/joshuaghoreishi/.xenolift_bridge_key, or v9 script /Users/joshuaghoreishi/Downloads/xenolift-bridge9.sh)
[2026-09-21 21:16:00] key source: /Users/joshuaghoreishi/.xenolift_bridge_key (69 chars)
[2026-09-21 21:16:00] v10 CONTINUOUS running: poll=10s watchdog=300s conv=6aa26c825d5b4135ae6b48b5
[2026-09-21 21:16:00] GET /api/agents/6aa26c7ce0ac9a5ee05d2b95/conversations/6aa26c825d5b4135ae6b48b5/messages -> <urlopen error [SSL: CERTIFICATE_VERIFY_FAILED] certificate verify failed: unable to get local issuer certificate (_ssl.c:1082)> (next candidate)
[2026-09-21 21:16:00] GET /api/agents/6aa26c7ce0ac9a5ee05d2b95/conversations/6aa26c825d5b4135ae6b48b5 -> <urlopen error [SSL: CERTIFICATE_VERIFY_FAILED] certificate verify failed: unable to get local issuer certificate (_ssl.c:1082)> (next candidate)
[2026-09-21 21:16:00] GET /api/agents/6aa26c7ce0ac9a5ee05d2b95/conversations -> <urlopen error [SSL: CERTIFICATE_VERIFY_FAILED] certificate verify failed: unable to get local issuer certificate (_ssl.c:1082)> (next candidate)
[2026-09-21 21:16:10] GET /api/agents/6aa26c7ce0ac9a5ee05d2b95/conversations/6aa26c825d5b4135ae6b48b5/messages -> <urlopen error [SSL: CERTIFICATE_VERIFY_FAILED] certificate verify failed: unable to get local issuer certificate (_ssl.c:1082)> (next candidate)
[2026-09-21 21:16:11] GET /api/agents/6aa26c7ce0ac9a5ee05d2b95/conversations/6aa26c825d5b4135ae6b48b5 -> <urlopen error [SSL: CERTIFICATE_VERIFY_FAILED] certificate verify failed: unable to get local issuer certificate (_ssl.c:1082)> (next candidate)
[2026-09-21 21:16:11] GET /api/agents/6aa26c7ce0ac9a5ee05d2b95/conversations -> <urlopen error [SSL: CERTIFICATE_VERIFY_FAILED] certificate verify failed: unable to get local issuer certificate (_ssl.c:1082)> (next candidate)
[2026-09-21 21:16:21] GET /api/agents/6aa26c7ce0ac9a5ee05d2b95/conversations/6aa26c825d5b4135ae6b48b5/messages -> <urlopen error [SSL: CERTIFICATE_VERIFY_FAILED] certificate verify failed: unable to get local issuer certificate (_ssl.c:1082)> (next candidate)
[2026-09-21 21:16:21] GET /api/agents/6aa26c7ce0ac9a5ee05d2b95/conversations/6aa26c825d5b4135ae6b48b5 -> <urlopen error [SSL: CERTIFICATE_VERIFY_FAILED] certificate verify failed: unable to get local issuer certificate (_ssl.c:1082)> (next candidate)
[2026-09-21 21:16:21] GET /api/agents/6aa26c7ce0ac9a5ee05d2b95/conversations -> <urlopen error [SSL: CERTIFICATE_VERIFY_FAILED] certificate verify failed: unable to get local issuer certificate (_ssl.c:1082)> (next candidate)
[2026-09-21 21:16:31] GET /api/agents/6aa26c7ce0ac9a5ee05d2b95/conversations/6aa26c825d5b4135ae6b48b5/messages -> <urlopen error [SSL: CERTIFICATE_VERIFY_FAILED] certificate verify failed: unable to get local issuer certificate (_ssl.c:1082)> (next candidate)
[2026-09-21 21:16:31] GET /api/agents/6aa26c7ce0ac9a5ee05d2b95/conversations/6aa26c825d5b4135ae6b48b5 -> <urlopen error [SSL: CERTIFICATE_VERIFY_FAILED] certificate verify failed: unable to get local issuer certificate (_ssl.c:1082)> (next candidate)
[2026-09-21 21:16:31] GET /api/agents/6aa26c7ce0ac9a5ee05d2b95/conversations -> <urlopen error [SSL: CERTIFICATE_VERIFY_FAILED] certificate verify failed: unable to get local issuer certificate (_ssl.c:1082)> (next candidate)
[2026-09-21 21:16:41] GET /api/agents/6aa26c7ce0ac9a5ee05d2b95/conversations/6aa26c825d5b4135ae6b48b5/messages -> <urlopen error [SSL: CERTIFICATE_VERIFY_FAILED] certificate verify failed: unable to get local issuer certificate (_ssl.c:1082)> (next candidate)
[2026-09-21 21:16:41] GET /api/agents/6aa26c7ce0ac9a5ee05d2b95/conversations/6aa26c825d5b4135ae6b48b5 -> <urlopen error [SSL: CERTIFICATE_VERIFY_FAILED] certificate verify failed: unable to get local issuer certificate (_ssl.c:1082)> (next candidate)
[2026-09-21 21:16:41] GET /api/agents/6aa26c7ce0ac9a5ee05d2b95/conversations -> <urlopen error [SSL: CERTIFICATE_VERIFY_FAILED] certificate verify failed: unable to get local issuer certificate (_ssl.c:1082)> (next candidate)
[2026-09-21 21:16:51] GET /api/agents/6aa26c7ce0ac9a5ee05d2b95/conversations/6aa26c825d5b4135ae6b48b5/messages -> <urlopen error [SSL: CERTIFICATE_VERIFY_FAILED] certificate verify failed: unable to get local issuer certificate (_ssl.c:1082)> (next candidate)
[2026-09-21 21:16:51] GET /api/agents/6aa26c7ce0ac9a5ee05d2b95/conversations/6aa26c825d5b4135ae6b48b5 -> <urlopen error [SSL: CERTIFICATE_VERIFY_FAILED] certificate verify failed: unable to get local issuer certificate (_ssl.c:1082)> (next candidate)
[2026-09-21 21:16:52] GET /api/agents/6aa26c7ce0ac9a5ee05d2b95/conversations -> <urlopen error [SSL: CERTIFICATE_VERIFY_FAILED] certificate verify failed: unable to get local issuer certificate (_ssl.c:1082)> (next candidate)
[2026-09-21 21:16:56] key source: /Users/joshuaghoreishi/.xenolift_bridge_key (69 chars)
[2026-09-21 21:16:56] stale pidfile - reclaiming
[2026-09-21 21:16:56] v10 CONTINUOUS running: poll=10s watchdog=300s conv=6aa26c825d5b4135ae6b48b5
[2026-09-21 21:16:56] GET /api/agents/6aa26c7ce0ac9a5ee05d2b95/conversations/6aa26c825d5b4135ae6b48b5/messages -> HTTP 403 (next candidate)
[2026-09-21 21:16:56] GET /api/agents/6aa26c7ce0ac9a5ee05d2b95/conversations/6aa26c825d5b4135ae6b48b5 -> HTTP 403 (next candidate)
[2026-09-21 21:16:56] GET /api/agents/6aa26c7ce0ac9a5ee05d2b95/conversations -> HTTP 403 (next candidate)
[2026-09-21 21:17:07] GET /api/agents/6aa26c7ce0ac9a5ee05d2b95/conversations/6aa26c825d5b4135ae6b48b5/messages -> HTTP 403 (next candidate)
[2026-09-21 21:17:07] GET /api/agents/6aa26c7ce0ac9a5ee05d2b95/conversations/6aa26c825d5b4135ae6b48b5 -> HTTP 403 (next candidate)
[2026-09-21 21:17:07] GET /api/agents/6aa26c7ce0ac9a5ee05d2b95/conversations -> HTTP 403 (next candidate)
[2026-09-21 21:17:17] GET /api/agents/6aa26c7ce0ac9a5ee05d2b95/conversations/6aa26c825d5b4135ae6b48b5/messages -> HTTP 403 (next candidate)
[2026-09-21 21:17:17] GET /api/agents/6aa26c7ce0ac9a5ee05d2b95/conversations/6aa26c825d5b4135ae6b48b5 -> HTTP 403 (next candidate)
[2026-09-21 21:17:17] GET /api/agents/6aa26c7ce0ac9a5ee05d2b95/conversations -> HTTP 403 (next candidate)
[2026-09-21 21:17:27] GET /api/agents/6aa26c7ce0ac9a5ee05d2b95/conversations/6aa26c825d5b4135ae6b48b5/messages -> HTTP 403 (next candidate)
[2026-09-21 21:17:27] GET /api/agents/6aa26c7ce0ac9a5ee05d2b95/conversations/6aa26c825d5b4135ae6b48b5 -> HTTP 403 (next candidate)
[2026-09-21 21:17:28] GET /api/agents/6aa26c7ce0ac9a5ee05d2b95/conversations -> HTTP 403 (next candidate)
[2026-09-21 21:17:38] GET /api/agents/6aa26c7ce0ac9a5ee05d2b95/conversations/6aa26c825d5b4135ae6b48b5/messages -> HTTP 403 (next candidate)
[2026-09-21 21:17:38] GET /api/agents/6aa26c7ce0ac9a5ee05d2b95/conversations/6aa26c825d5b4135ae6b48b5 -> HTTP 403 (next candidate)
[2026-09-21 21:17:38] GET /api/agents/6aa26c7ce0ac9a5ee05d2b95/conversations -> HTTP 403 (next candidate)
[2026-09-21 21:17:48] GET /api/agents/6aa26c7ce0ac9a5ee05d2b95/conversations/6aa26c825d5b4135ae6b48b5/messages -> HTTP 403 (next candidate)
[2026-09-21 21:17:49] GET /api/agents/6aa26c7ce0ac9a5ee05d2b95/conversations/6aa26c825d5b4135ae6b48b5 -> HTTP 403 (next candidate)
[2026-09-21 21:17:49] GET /api/agents/6aa26c7ce0ac9a5ee05d2b95/conversations -> HTTP 403 (next candidate)
[2026-09-21 21:17:59] GET /api/agents/6aa26c7ce0ac9a5ee05d2b95/conversations/6aa26c825d5b4135ae6b48b5/messages -> HTTP 403 (next candidate)
[2026-09-21 21:17:59] GET /api/agents/6aa26c7ce0ac9a5ee05d2b95/conversations/6aa26c825d5b4135ae6b48b5 -> HTTP 403 (next candidate)
[2026-09-21 21:17:59] GET /api/agents/6aa26c7ce0ac9a5ee05d2b95/conversations -> HTTP 403 (next candidate)
[2026-09-21 21:18:09] GET /api/agents/6aa26c7ce0ac9a5ee05d2b95/conversations/6aa26c825d5b4135ae6b48b5/messages -> HTTP 403 (next candidate)
[2026-09-21 21:18:09] GET /api/agents/6aa26c7ce0ac9a5ee05d2b95/conversations/6aa26c825d5b4135ae6b48b5 -> HTTP 403 (next candidate)
[2026-09-21 21:18:10] GET /api/agents/6aa26c7ce0ac9a5ee05d2b95/conversations -> HTTP 403 (next candidate)
[2026-09-21 21:18:20] GET /api/agents/6aa26c7ce0ac9a5ee05d2b95/conversations/6aa26c825d5b4135ae6b48b5/messages -> HTTP 403 (next candidate)
[2026-09-21 21:18:20] GET /api/agents/6aa26c7ce0ac9a5ee05d2b95/conversations/6aa26c825d5b4135ae6b48b5 -> HTTP 403 (next candidate)
[2026-09-21 21:18:20] GET /api/agents/6aa26c7ce0ac9a5ee05d2b95/conversations -> HTTP 403 (next candidate)
[2026-09-21 21:18:30] GET /api/agents/6aa26c7ce0ac9a5ee05d2b95/conversations/6aa26c825d5b4135ae6b48b5/messages -> HTTP 403 (next candidate)
[2026-09-21 21:18:30] GET /api/agents/6aa26c7ce0ac9a5ee05d2b95/conversations/6aa26c825d5b4135ae6b48b5 -> HTTP 403 (next candidate)
[2026-09-21 21:18:30] GET /api/agents/6aa26c7ce0ac9a5ee05d2b95/conversations -> HTTP 403 (next candidate)
[2026-09-21 21:18:40] GET /api/agents/6aa26c7ce0ac9a5ee05d2b95/conversations/6aa26c825d5b4135ae6b48b5/messages -> HTTP 403 (next candidate)
[2026-09-21 21:18:41] GET /api/agents/6aa26c7ce0ac9a5ee05d2b95/conversations/6aa26c825d5b4135ae6b48b5 -> HTTP 403 (next candidate)
[2026-09-21 21:18:41] GET /api/agents/6aa26c7ce0ac9a5ee05d2b95/conversations -> HTTP 403 (next candidate)
[2026-09-21 21:18:51] GET /api/agents/6aa26c7ce0ac9a5ee05d2b95/conversations/6aa26c825d5b4135ae6b48b5/messages -> HTTP 403 (next candidate)
[2026-09-21 21:18:51] GET /api/agents/6aa26c7ce0ac9a5ee05d2b95/conversations/6aa26c825d5b4135ae6b48b5 -> HTTP 403 (next candidate)
[2026-09-21 21:18:51] GET /api/agents/6aa26c7ce0ac9a5ee05d2b95/conversations -> HTTP 403 (next candidate)
[2026-09-21 21:18:59] key source: /Users/joshuaghoreishi/.xenolift_bridge_key (18 chars)
[2026-09-21 21:18:59] stale pidfile - reclaiming
[2026-09-21 21:18:59] v10 CONTINUOUS running: poll=10s watchdog=300s conv=6aa26c825d5b4135ae6b48b5
[2026-09-21 21:19:00] GET /api/agents/6aa26c7ce0ac9a5ee05d2b95/conversations/6aa26c825d5b4135ae6b48b5/messages -> HTTP 403 (next candidate)
[2026-09-21 21:19:00] GET /api/agents/6aa26c7ce0ac9a5ee05d2b95/conversations/6aa26c825d5b4135ae6b48b5 -> HTTP 403 (next candidate)
[2026-09-21 21:19:00] GET /api/agents/6aa26c7ce0ac9a5ee05d2b95/conversations -> HTTP 403 (next candidate)
[2026-09-21 21:19:10] GET /api/agents/6aa26c7ce0ac9a5ee05d2b95/conversations/6aa26c825d5b4135ae6b48b5/messages -> HTTP 403 (next candidate)
[2026-09-21 21:19:10] GET /api/agents/6aa26c7ce0ac9a5ee05d2b95/conversations/6aa26c825d5b4135ae6b48b5 -> HTTP 403 (next candidate)
[2026-09-21 21:19:10] GET /api/agents/6aa26c7ce0ac9a5ee05d2b95/conversations -> HTTP 403 (next candidate)
[2026-09-21 21:19:20] GET /api/agents/6aa26c7ce0ac9a5ee05d2b95/conversations/6aa26c825d5b4135ae6b48b5/messages -> HTTP 403 (next candidate)
[2026-09-21 21:19:20] GET /api/agents/6aa26c7ce0ac9a5ee05d2b95/conversations/6aa26c825d5b4135ae6b48b5 -> HTTP 403 (next candidate)
[2026-09-21 21:19:20] GET /api/agents/6aa26c7ce0ac9a5ee05d2b95/conversations -> HTTP 403 (next candidate)
[2026-09-21 21:19:30] GET /api/agents/6aa26c7ce0ac9a5ee05d2b95/conversations/6aa26c825d5b4135ae6b48b5/messages -> HTTP 403 (next candidate)
[2026-09-21 21:19:31] GET /api/agents/6aa26c7ce0ac9a5ee05d2b95/conversations/6aa26c825d5b4135ae6b48b5 -> HTTP 403 (next candidate)
[2026-09-21 21:19:31] GET /api/agents/6aa26c7ce0ac9a5ee05d2b95/conversations -> HTTP 403 (next candidate)
[2026-09-21 21:19:41] GET /api/agents/6aa26c7ce0ac9a5ee05d2b95/conversations/6aa26c825d5b4135ae6b48b5/messages -> HTTP 403 (next candidate)
[2026-09-21 21:19:41] GET /api/agents/6aa26c7ce0ac9a5ee05d2b95/conversations/6aa26c825d5b4135ae6b48b5 -> HTTP 403 (next candidate)
[2026-09-21 21:19:41] GET /api/agents/6aa26c7ce0ac9a5ee05d2b95/conversations -> HTTP 403 (next candidate)
[2026-09-21 21:19:51] GET /api/agents/6aa26c7ce0ac9a5ee05d2b95/conversations/6aa26c825d5b4135ae6b48b5/messages -> HTTP 403 (next candidate)
[2026-09-21 21:19:51] GET /api/agents/6aa26c7ce0ac9a5ee05d2b95/conversations/6aa26c825d5b4135ae6b48b5 -> HTTP 403 (next candidate)
[2026-09-21 21:19:51] GET /api/agents/6aa26c7ce0ac9a5ee05d2b95/conversations -> HTTP 403 (next candidate)
[2026-09-21 21:20:01] GET /api/agents/6aa26c7ce0ac9a5ee05d2b95/conversations/6aa26c825d5b4135ae6b48b5/messages -> HTTP 403 (next candidate)
[2026-09-21 21:20:02] GET /api/agents/6aa26c7ce0ac9a5ee05d2b95/conversations/6aa26c825d5b4135ae6b48b5 -> HTTP 403 (next candidate)
[2026-09-21 21:20:02] GET /api/agents/6aa26c7ce0ac9a5ee05d2b95/conversations -> HTTP 403 (next candidate)
[2026-09-21 21:20:12] GET /api/agents/6aa26c7ce0ac9a5ee05d2b95/conversations/6aa26c825d5b4135ae6b48b5/messages -> HTTP 403 (next candidate)
[2026-09-21 21:20:12] GET /api/agents/6aa26c7ce0ac9a5ee05d2b95/conversations/6aa26c825d5b4135ae6b48b5 -> HTTP 403 (next candidate)
[2026-09-21 21:20:12] GET /api/agents/6aa26c7ce0ac9a5ee05d2b95/conversations -> HTTP 403 (next candidate)
[2026-09-21 21:20:22] GET /api/agents/6aa26c7ce0ac9a5ee05d2b95/conversations/6aa26c825d5b4135ae6b48b5/messages -> HTTP 403 (next candidate)
[2026-09-21 21:20:22] GET /api/agents/6aa26c7ce0ac9a5ee05d2b95/conversations/6aa26c825d5b4135ae6b48b5 -> HTTP 403 (next candidate)
[2026-09-21 21:20:22] GET /api/agents/6aa26c7ce0ac9a5ee05d2b95/conversations -> HTTP 403 (next candidate)
[2026-09-21 21:20:33] GET /api/agents/6aa26c7ce0ac9a5ee05d2b95/conversations/6aa26c825d5b4135ae6b48b5/messages -> HTTP 403 (next candidate)
[2026-09-21 21:20:33] GET /api/agents/6aa26c7ce0ac9a5ee05d2b95/conversations/6aa26c825d5b4135ae6b48b5 -> HTTP 403 (next candidate)
[2026-09-21 21:20:33] GET /api/agents/6aa26c7ce0ac9a5ee05d2b95/conversations -> HTTP 403 (next candidate)
[2026-09-21 21:20:43] GET /api/agents/6aa26c7ce0ac9a5ee05d2b95/conversations/6aa26c825d5b4135ae6b48b5/messages -> HTTP 403 (next candidate)
[2026-09-21 21:20:43] GET /api/agents/6aa26c7ce0ac9a5ee05d2b95/conversations/6aa26c825d5b4135ae6b48b5 -> HTTP 403 (next candidate)
[2026-09-21 21:20:43] GET /api/agents/6aa26c7ce0ac9a5ee05d2b95/conversations -> HTTP 403 (next candidate)
[2026-09-21 21:20:53] GET /api/agents/6aa26c7ce0ac9a5ee05d2b95/conversations/6aa26c825d5b4135ae6b48b5/messages -> HTTP 403 (next candidate)
[2026-09-21 21:20:54] GET /api/agents/6aa26c7ce0ac9a5ee05d2b95/conversations/6aa26c825d5b4135ae6b48b5 -> HTTP 403 (next candidate)
[2026-09-21 21:20:54] GET /api/agents/6aa26c7ce0ac9a5ee05d2b95/conversations -> HTTP 403 (next candidate)
[2026-09-21 21:21:04] GET /api/agents/6aa26c7ce0ac9a5ee05d2b95/conversations/6aa26c825d5b4135ae6b48b5/messages -> HTTP 403 (next candidate)
[2026-09-21 21:21:04] GET /api/agents/6aa26c7ce0ac9a5ee05d2b95/conversations/6aa26c825d5b4135ae6b48b5 -> HTTP 403 (next candidate)
[2026-09-21 21:21:04] GET /api/agents/6aa26c7ce0ac9a5ee05d2b95/conversations -> HTTP 403 (next candidate)
[2026-09-21 21:21:14] GET /api/agents/6aa26c7ce0ac9a5ee05d2b95/conversations/6aa26c825d5b4135ae6b48b5/messages -> HTTP 403 (next candidate)
[2026-09-21 21:21:14] GET /api/agents/6aa26c7ce0ac9a5ee05d2b95/conversations/6aa26c825d5b4135ae6b48b5 -> HTTP 403 (next candidate)
[2026-09-21 21:21:14] GET /api/agents/6aa26c7ce0ac9a5ee05d2b95/conversations -> HTTP 403 (next candidate)
[2026-09-21 21:21:24] GET /api/agents/6aa26c7ce0ac9a5ee05d2b95/conversations/6aa26c825d5b4135ae6b48b5/messages -> HTTP 403 (next candidate)
[2026-09-21 21:21:25] GET /api/agents/6aa26c7ce0ac9a5ee05d2b95/conversations/6aa26c825d5b4135ae6b48b5 -> HTTP 403 (next candidate)
[2026-09-21 21:21:25] GET /api/agents/6aa26c7ce0ac9a5ee05d2b95/conversations -> HTTP 403 (next candidate)
[2026-09-21 21:21:35] GET /api/agents/6aa26c7ce0ac9a5ee05d2b95/conversations/6aa26c825d5b4135ae6b48b5/messages -> HTTP 403 (next candidate)
[2026-09-21 21:21:35] GET /api/agents/6aa26c7ce0ac9a5ee05d2b95/conversations/6aa26c825d5b4135ae6b48b5 -> HTTP 403 (next candidate)
[2026-09-21 21:21:35] GET /api/agents/6aa26c7ce0ac9a5ee05d2b95/conversations -> HTTP 403 (next candidate)
[2026-09-21 21:21:45] GET /api/agents/6aa26c7ce0ac9a5ee05d2b95/conversations/6aa26c825d5b4135ae6b48b5/messages -> HTTP 403 (next candidate)
[2026-09-21 21:21:45] GET /api/agents/6aa26c7ce0ac9a5ee05d2b95/conversations/6aa26c825d5b4135ae6b48b5 -> HTTP 403 (next candidate)
[2026-09-21 21:21:45] GET /api/agents/6aa26c7ce0ac9a5ee05d2b95/conversations -> HTTP 403 (next candidate)
[2026-09-21 21:21:56] GET /api/agents/6aa26c7ce0ac9a5ee05d2b95/conversations/6aa26c825d5b4135ae6b48b5/messages -> HTTP 403 (next candidate)
[2026-09-21 21:21:56] GET /api/agents/6aa26c7ce0ac9a5ee05d2b95/conversations/6aa26c825d5b4135ae6b48b5 -> HTTP 403 (next candidate)
[2026-09-21 21:21:56] GET /api/agents/6aa26c7ce0ac9a5ee05d2b95/conversations -> HTTP 403 (next candidate)
[2026-09-21 21:22:06] GET /api/agents/6aa26c7ce0ac9a5ee05d2b95/conversations/6aa26c825d5b4135ae6b48b5/messages -> HTTP 403 (next candidate)
[2026-09-21 21:22:06] GET /api/agents/6aa26c7ce0ac9a5ee05d2b95/conversations/6aa26c825d5b4135ae6b48b5 -> HTTP 403 (next candidate)
[2026-09-21 21:22:06] GET /api/agents/6aa26c7ce0ac9a5ee05d2b95/conversations -> HTTP 403 (next candidate)
[2026-09-21 21:22:16] GET /api/agents/6aa26c7ce0ac9a5ee05d2b95/conversations/6aa26c825d5b4135ae6b48b5/messages -> HTTP 403 (next candidate)
[2026-09-21 21:22:17] GET /api/agents/6aa26c7ce0ac9a5ee05d2b95/conversations/6aa26c825d5b4135ae6b48b5 -> HTTP 403 (next candidate)
[2026-09-21 21:22:17] GET /api/agents/6aa26c7ce0ac9a5ee05d2b95/conversations -> HTTP 403 (next candidate)
[2026-09-21 21:22:27] GET /api/agents/6aa26c7ce0ac9a5ee05d2b95/conversations/6aa26c825d5b4135ae6b48b5/messages -> HTTP 403 (next candidate)
[2026-09-21 21:22:27] GET /api/agents/6aa26c7ce0ac9a5ee05d2b95/conversations/6aa26c825d5b4135ae6b48b5 -> HTTP 403 (next candidate)
[2026-09-21 21:22:27] GET /api/agents/6aa26c7ce0ac9a5ee05d2b95/conversations -> HTTP 403 (next candidate)
[2026-09-21 21:22:37] GET /api/agents/6aa26c7ce0ac9a5ee05d2b95/conversations/6aa26c825d5b4135ae6b48b5/messages -> HTTP 403 (next candidate)
[2026-09-21 21:22:37] GET /api/agents/6aa26c7ce0ac9a5ee05d2b95/conversations/6aa26c825d5b4135ae6b48b5 -> HTTP 403 (next candidate)
[2026-09-21 21:22:37] GET /api/agents/6aa26c7ce0ac9a5ee05d2b95/conversations -> HTTP 403 (next candidate)
[2026-09-21 21:22:47] GET /api/agents/6aa26c7ce0ac9a5ee05d2b95/conversations/6aa26c825d5b4135ae6b48b5/messages -> HTTP 403 (next candidate)
[2026-09-21 21:22:47] GET /api/agents/6aa26c7ce0ac9a5ee05d2b95/conversations/6aa26c825d5b4135ae6b48b5 -> HTTP 403 (next candidate)
[2026-09-21 21:22:48] GET /api/agents/6aa26c7ce0ac9a5ee05d2b95/conversations -> HTTP 403 (next candidate)
[2026-09-21 21:22:58] GET /api/agents/6aa26c7ce0ac9a5ee05d2b95/conversations/6aa26c825d5b4135ae6b48b5/messages -> HTTP 403 (next candidate)
[2026-09-21 21:22:58] GET /api/agents/6aa26c7ce0ac9a5ee05d2b95/conversations/6aa26c825d5b4135ae6b48b5 -> HTTP 403 (next candidate)
[2026-09-21 21:22:58] GET /api/agents/6aa26c7ce0ac9a5ee05d2b95/conversations -> HTTP 403 (next candidate)
[2026-09-21 21:23:08] GET /api/agents/6aa26c7ce0ac9a5ee05d2b95/conversations/6aa26c825d5b4135ae6b48b5/messages -> HTTP 403 (next candidate)
[2026-09-21 21:23:08] GET /api/agents/6aa26c7ce0ac9a5ee05d2b95/conversations/6aa26c825d5b4135ae6b48b5 -> HTTP 403 (next candidate)
[2026-09-21 21:23:08] GET /api/agents/6aa26c7ce0ac9a5ee05d2b95/conversations -> HTTP 403 (next candidate)
[2026-09-21 21:23:19] GET /api/agents/6aa26c7ce0ac9a5ee05d2b95/conversations/6aa26c825d5b4135ae6b48b5/messages -> HTTP 403 (next candidate)
[2026-09-21 21:23:19] GET /api/agents/6aa26c7ce0ac9a5ee05d2b95/conversations/6aa26c825d5b4135ae6b48b5 -> HTTP 403 (next candidate)
[2026-09-21 21:23:19] GET /api/agents/6aa26c7ce0ac9a5ee05d2b95/conversations -> HTTP 403 (next candidate)
[2026-09-21 21:23:29] GET /api/agents/6aa26c7ce0ac9a5ee05d2b95/conversations/6aa26c825d5b4135ae6b48b5/messages -> HTTP 403 (next candidate)
[2026-09-21 21:23:29] GET /api/agents/6aa26c7ce0ac9a5ee05d2b95/conversations/6aa26c825d5b4135ae6b48b5 -> HTTP 403 (next candidate)
[2026-09-21 21:23:29] GET /api/agents/6aa26c7ce0ac9a5ee05d2b95/conversations -> HTTP 403 (next candidate)
[2026-09-21 21:23:39] GET /api/agents/6aa26c7ce0ac9a5ee05d2b95/conversations/6aa26c825d5b4135ae6b48b5/messages -> HTTP 403 (next candidate)
[2026-09-21 21:23:39] GET /api/agents/6aa26c7ce0ac9a5ee05d2b95/conversations/6aa26c825d5b4135ae6b48b5 -> HTTP 403 (next candidate)
[2026-09-21 21:23:39] GET /api/agents/6aa26c7ce0ac9a5ee05d2b95/conversations -> HTTP 403 (next candidate)
[2026-09-21 21:23:50] GET /api/agents/6aa26c7ce0ac9a5ee05d2b95/conversations/6aa26c825d5b4135ae6b48b5/messages -> HTTP 403 (next candidate)
[2026-09-21 21:23:50] GET /api/agents/6aa26c7ce0ac9a5ee05d2b95/conversations/6aa26c825d5b4135ae6b48b5 -> HTTP 403 (next candidate)
[2026-09-21 21:23:50] GET /api/agents/6aa26c7ce0ac9a5ee05d2b95/conversations -> HTTP 403 (next candidate)
[2026-09-21 21:24:00] GET /api/agents/6aa26c7ce0ac9a5ee05d2b95/conversations/6aa26c825d5b4135ae6b48b5/messages -> HTTP 403 (next candidate)
[2026-09-21 21:24:00] GET /api/agents/6aa26c7ce0ac9a5ee05d2b95/conversations/6aa26c825d5b4135ae6b48b5 -> HTTP 403 (next candidate)
[2026-09-21 21:24:00] GET /api/agents/6aa26c7ce0ac9a5ee05d2b95/conversations -> HTTP 403 (next candidate)
[2026-09-21 21:24:10] GET /api/agents/6aa26c7ce0ac9a5ee05d2b95/conversations/6aa26c825d5b4135ae6b48b5/messages -> HTTP 403 (next candidate)
[2026-09-21 21:24:10] GET /api/agents/6aa26c7ce0ac9a5ee05d2b95/conversations/6aa26c825d5b4135ae6b48b5 -> HTTP 403 (next candidate)
[2026-09-21 21:24:10] GET /api/agents/6aa26c7ce0ac9a5ee05d2b95/conversations -> HTTP 403 (next candidate)
[2026-09-21 21:24:21] GET /api/agents/6aa26c7ce0ac9a5ee05d2b95/conversations/6aa26c825d5b4135ae6b48b5/messages -> HTTP 403 (next candidate)
[2026-09-21 21:24:21] GET /api/agents/6aa26c7ce0ac9a5ee05d2b95/conversations/6aa26c825d5b4135ae6b48b5 -> HTTP 403 (next candidate)
[2026-09-21 21:24:21] GET /api/agents/6aa26c7ce0ac9a5ee05d2b95/conversations -> HTTP 403 (next candidate)
[2026-09-21 21:24:31] GET /api/agents/6aa26c7ce0ac9a5ee05d2b95/conversations/6aa26c825d5b4135ae6b48b5/messages -> HTTP 403 (next candidate)
[2026-09-21 21:24:31] GET /api/agents/6aa26c7ce0ac9a5ee05d2b95/conversations/6aa26c825d5b4135ae6b48b5 -> HTTP 403 (next candidate)
[2026-09-21 21:24:31] GET /api/agents/6aa26c7ce0ac9a5ee05d2b95/conversations -> HTTP 403 (next candidate)
[2026-09-21 21:24:42] GET /api/agents/6aa26c7ce0ac9a5ee05d2b95/conversations/6aa26c825d5b4135ae6b48b5/messages -> HTTP 403 (next candidate)
[2026-09-21 21:24:42] GET /api/agents/6aa26c7ce0ac9a5ee05d2b95/conversations/6aa26c825d5b4135ae6b48b5 -> HTTP 403 (next candidate)
[2026-09-21 21:24:42] GET /api/agents/6aa26c7ce0ac9a5ee05d2b95/conversations -> HTTP 403 (next candidate)
[2026-09-21 21:24:52] GET /api/agents/6aa26c7ce0ac9a5ee05d2b95/conversations/6aa26c825d5b4135ae6b48b5/messages -> HTTP 403 (next candidate)
[2026-09-21 21:24:52] GET /api/agents/6aa26c7ce0ac9a5ee05d2b95/conversations/6aa26c825d5b4135ae6b48b5 -> HTTP 403 (next candidate)
[2026-09-21 21:24:52] GET /api/agents/6aa26c7ce0ac9a5ee05d2b95/conversations -> HTTP 403 (next candidate)
[2026-09-21 21:25:02] GET /api/agents/6aa26c7ce0ac9a5ee05d2b95/conversations/6aa26c825d5b4135ae6b48b5/messages -> HTTP 403 (next candidate)
[2026-09-21 21:25:02] GET /api/agents/6aa26c7ce0ac9a5ee05d2b95/conversations/6aa26c825d5b4135ae6b48b5 -> HTTP 403 (next candidate)
[2026-09-21 21:25:02] GET /api/agents/6aa26c7ce0ac9a5ee05d2b95/conversations -> HTTP 403 (next candidate)
[2026-09-21 21:25:13] GET /api/agents/6aa26c7ce0ac9a5ee05d2b95/conversations/6aa26c825d5b4135ae6b48b5/messages -> HTTP 403 (next candidate)
[2026-09-21 21:25:13] GET /api/agents/6aa26c7ce0ac9a5ee05d2b95/conversations/6aa26c825d5b4135ae6b48b5 -> HTTP 403 (next candidate)
[2026-09-21 21:25:13] GET /api/agents/6aa26c7ce0ac9a5ee05d2b95/conversations -> HTTP 403 (next candidate)
[2026-09-21 21:25:23] GET /api/agents/6aa26c7ce0ac9a5ee05d2b95/conversations/6aa26c825d5b4135ae6b48b5/messages -> HTTP 403 (next candidate)
[2026-09-21 21:25:23] GET /api/agents/6aa26c7ce0ac9a5ee05d2b95/conversations/6aa26c825d5b4135ae6b48b5 -> HTTP 403 (next candidate)
[2026-09-21 21:25:23] GET /api/agents/6aa26c7ce0ac9a5ee05d2b95/conversations -> HTTP 403 (next candidate)
[2026-09-21 21:25:33] GET /api/agents/6aa26c7ce0ac9a5ee05d2b95/conversations/6aa26c825d5b4135ae6b48b5/messages -> HTTP 403 (next candidate)
[2026-09-21 21:25:33] GET /api/agents/6aa26c7ce0ac9a5ee05d2b95/conversations/6aa26c825d5b4135ae6b48b5 -> HTTP 403 (next candidate)
[2026-09-21 21:25:33] GET /api/agents/6aa26c7ce0ac9a5ee05d2b95/conversations -> HTTP 403 (next candidate)
[2026-09-21 21:25:44] GET /api/agents/6aa26c7ce0ac9a5ee05d2b95/conversations/6aa26c825d5b4135ae6b48b5/messages -> HTTP 403 (next candidate)
[2026-09-21 21:25:44] GET /api/agents/6aa26c7ce0ac9a5ee05d2b95/conversations/6aa26c825d5b4135ae6b48b5 -> HTTP 403 (next candidate)
[2026-09-21 21:25:44] GET /api/agents/6aa26c7ce0ac9a5ee05d2b95/conversations -> HTTP 403 (next candidate)
[2026-09-21 21:25:54] GET /api/agents/6aa26c7ce0ac9a5ee05d2b95/conversations/6aa26c825d5b4135ae6b48b5/messages -> HTTP 403 (next candidate)
[2026-09-21 21:25:54] GET /api/agents/6aa26c7ce0ac9a5ee05d2b95/conversations/6aa26c825d5b4135ae6b48b5 -> HTTP 403 (next candidate)
[2026-09-21 21:25:54] GET /api/agents/6aa26c7ce0ac9a5ee05d2b95/conversations -> HTTP 403 (next candidate)
[2026-09-21 21:26:04] GET /api/agents/6aa26c7ce0ac9a5ee05d2b95/conversations/6aa26c825d5b4135ae6b48b5/messages -> HTTP 403 (next candidate)
[2026-09-21 21:26:04] GET /api/agents/6aa26c7ce0ac9a5ee05d2b95/conversations/6aa26c825d5b4135ae6b48b5 -> HTTP 403 (next candidate)
[2026-09-21 21:26:05] GET /api/agents/6aa26c7ce0ac9a5ee05d2b95/conversations -> HTTP 403 (next candidate)
[2026-09-21 21:26:15] GET /api/agents/6aa26c7ce0ac9a5ee05d2b95/conversations/6aa26c825d5b4135ae6b48b5/messages -> HTTP 403 (next candidate)
[2026-09-21 21:26:15] GET /api/agents/6aa26c7ce0ac9a5ee05d2b95/conversations/6aa26c825d5b4135ae6b48b5 -> HTTP 403 (next candidate)
[2026-09-21 21:26:15] GET /api/agents/6aa26c7ce0ac9a5ee05d2b95/conversations -> HTTP 403 (next candidate)
[2026-09-21 21:26:25] GET /api/agents/6aa26c7ce0ac9a5ee05d2b95/conversations/6aa26c825d5b4135ae6b48b5/messages -> HTTP 403 (next candidate)
[2026-09-21 21:26:25] GET /api/agents/6aa26c7ce0ac9a5ee05d2b95/conversations/6aa26c825d5b4135ae6b48b5 -> HTTP 403 (next candidate)
[2026-09-21 21:26:25] GET /api/agents/6aa26c7ce0ac9a5ee05d2b95/conversations -> HTTP 403 (next candidate)
[2026-09-21 21:26:35] GET /api/agents/6aa26c7ce0ac9a5ee05d2b95/conversations/6aa26c825d5b4135ae6b48b5/messages -> HTTP 403 (next candidate)
[2026-09-21 21:26:35] GET /api/agents/6aa26c7ce0ac9a5ee05d2b95/conversations/6aa26c825d5b4135ae6b48b5 -> HTTP 403 (next candidate)
[2026-09-21 21:26:36] GET /api/agents/6aa26c7ce0ac9a5ee05d2b95/conversations -> HTTP 403 (next candidate)
[2026-09-21 21:26:46] GET /api/agents/6aa26c7ce0ac9a5ee05d2b95/conversations/6aa26c825d5b4135ae6b48b5/messages -> HTTP 403 (next candidate)
[2026-09-21 21:26:46] GET /api/agents/6aa26c7ce0ac9a5ee05d2b95/conversations/6aa26c825d5b4135ae6b48b5 -> HTTP 403 (next candidate)
[2026-09-21 21:26:47] GET /api/agents/6aa26c7ce0ac9a5ee05d2b95/conversations -> HTTP 403 (next candidate)
[2026-09-21 21:26:57] GET /api/agents/6aa26c7ce0ac9a5ee05d2b95/conversations/6aa26c825d5b4135ae6b48b5/messages -> HTTP 403 (next candidate)
[2026-09-21 21:26:57] GET /api/agents/6aa26c7ce0ac9a5ee05d2b95/conversations/6aa26c825d5b4135ae6b48b5 -> HTTP 403 (next candidate)
[2026-09-21 21:26:57] GET /api/agents/6aa26c7ce0ac9a5ee05d2b95/conversations -> HTTP 403 (next candidate)
[2026-09-21 21:27:07] GET /api/agents/6aa26c7ce0ac9a5ee05d2b95/conversations/6aa26c825d5b4135ae6b48b5/messages -> HTTP 403 (next candidate)
[2026-09-21 21:27:07] GET /api/agents/6aa26c7ce0ac9a5ee05d2b95/conversations/6aa26c825d5b4135ae6b48b5 -> HTTP 403 (next candidate)
[2026-09-21 21:27:07] GET /api/agents/6aa26c7ce0ac9a5ee05d2b95/conversations -> HTTP 403 (next candidate)
[2026-09-21 21:27:17] GET /api/agents/6aa26c7ce0ac9a5ee05d2b95/conversations/6aa26c825d5b4135ae6b48b5/messages -> HTTP 403 (next candidate)
[2026-09-21 21:27:18] GET /api/agents/6aa26c7ce0ac9a5ee05d2b95/conversations/6aa26c825d5b4135ae6b48b5 -> HTTP 403 (next candidate)
[2026-09-21 21:27:18] GET /api/agents/6aa26c7ce0ac9a5ee05d2b95/conversations -> HTTP 403 (next candidate)
[2026-09-21 21:27:28] GET /api/agents/6aa26c7ce0ac9a5ee05d2b95/conversations/6aa26c825d5b4135ae6b48b5/messages -> HTTP 403 (next candidate)
[2026-09-21 21:27:28] GET /api/agents/6aa26c7ce0ac9a5ee05d2b95/conversations/6aa26c825d5b4135ae6b48b5 -> HTTP 403 (next candidate)
[2026-09-21 21:27:28] GET /api/agents/6aa26c7ce0ac9a5ee05d2b95/conversations -> HTTP 403 (next candidate)
[2026-09-21 21:27:38] GET /api/agents/6aa26c7ce0ac9a5ee05d2b95/conversations/6aa26c825d5b4135ae6b48b5/messages -> HTTP 403 (next candidate)
[2026-09-21 21:27:38] GET /api/agents/6aa26c7ce0ac9a5ee05d2b95/conversations/6aa26c825d5b4135ae6b48b5 -> HTTP 403 (next candidate)
[2026-09-21 21:27:38] GET /api/agents/6aa26c7ce0ac9a5ee05d2b95/conversations -> HTTP 403 (next candidate)
[2026-09-21 21:27:48] GET /api/agents/6aa26c7ce0ac9a5ee05d2b95/conversations/6aa26c825d5b4135ae6b48b5/messages -> HTTP 403 (next candidate)
[2026-09-21 21:27:49] GET /api/agents/6aa26c7ce0ac9a5ee05d2b95/conversations/6aa26c825d5b4135ae6b48b5 -> HTTP 403 (next candidate)
[2026-09-21 21:27:49] GET /api/agents/6aa26c7ce0ac9a5ee05d2b95/conversations -> HTTP 403 (next candidate)
[2026-09-21 21:27:59] GET /api/agents/6aa26c7ce0ac9a5ee05d2b95/conversations/6aa26c825d5b4135ae6b48b5/messages -> HTTP 403 (next candidate)
[2026-09-21 21:27:59] GET /api/agents/6aa26c7ce0ac9a5ee05d2b95/conversations/6aa26c825d5b4135ae6b48b5 -> HTTP 403 (next candidate)
[2026-09-21 21:27:59] GET /api/agents/6aa26c7ce0ac9a5ee05d2b95/conversations -> HTTP 403 (next candidate)
[2026-09-21 21:28:09] GET /api/agents/6aa26c7ce0ac9a5ee05d2b95/conversations/6aa26c825d5b4135ae6b48b5/messages -> HTTP 403 (next candidate)
[2026-09-21 21:28:09] GET /api/agents/6aa26c7ce0ac9a5ee05d2b95/conversations/6aa26c825d5b4135ae6b48b5 -> HTTP 403 (next candidate)
[2026-09-21 21:28:09] GET /api/agents/6aa26c7ce0ac9a5ee05d2b95/conversations -> HTTP 403 (next candidate)
[2026-09-21 21:28:19] GET /api/agents/6aa26c7ce0ac9a5ee05d2b95/conversations/6aa26c825d5b4135ae6b48b5/messages -> HTTP 403 (next candidate)
[2026-09-21 21:28:19] GET /api/agents/6aa26c7ce0ac9a5ee05d2b95/conversations/6aa26c825d5b4135ae6b48b5 -> HTTP 403 (next candidate)
[2026-09-21 21:28:20] GET /api/agents/6aa26c7ce0ac9a5ee05d2b95/conversations -> HTTP 403 (next candidate)
[2026-09-21 21:28:30] GET /api/agents/6aa26c7ce0ac9a5ee05d2b95/conversations/6aa26c825d5b4135ae6b48b5/messages -> HTTP 403 (next candidate)
[2026-09-21 21:28:30] GET /api/agents/6aa26c7ce0ac9a5ee05d2b95/conversations/6aa26c825d5b4135ae6b48b5 -> HTTP 403 (next candidate)
[2026-09-21 21:28:30] GET /api/agents/6aa26c7ce0ac9a5ee05d2b95/conversations -> HTTP 403 (next candidate)
[2026-09-21 21:28:40] GET /api/agents/6aa26c7ce0ac9a5ee05d2b95/conversations/6aa26c825d5b4135ae6b48b5/messages -> HTTP 403 (next candidate)
[2026-09-21 21:28:40] GET /api/agents/6aa26c7ce0ac9a5ee05d2b95/conversations/6aa26c825d5b4135ae6b48b5 -> HTTP 403 (next candidate)
[2026-09-21 21:28:40] GET /api/agents/6aa26c7ce0ac9a5ee05d2b95/conversations -> HTTP 403 (next candidate)
[2026-09-21 21:28:50] GET /api/agents/6aa26c7ce0ac9a5ee05d2b95/conversations/6aa26c825d5b4135ae6b48b5/messages -> HTTP 403 (next candidate)
[2026-09-21 21:28:51] GET /api/agents/6aa26c7ce0ac9a5ee05d2b95/conversations/6aa26c825d5b4135ae6b48b5 -> HTTP 403 (next candidate)
[2026-09-21 21:28:51] GET /api/agents/6aa26c7ce0ac9a5ee05d2b95/conversations -> HTTP 403 (next candidate)
[2026-09-21 21:29:01] GET /api/agents/6aa26c7ce0ac9a5ee05d2b95/conversations/6aa26c825d5b4135ae6b48b5/messages -> HTTP 403 (next candidate)
[2026-09-21 21:29:01] GET /api/agents/6aa26c7ce0ac9a5ee05d2b95/conversations/6aa26c825d5b4135ae6b48b5 -> HTTP 403 (next candidate)
[2026-09-21 21:29:01] GET /api/agents/6aa26c7ce0ac9a5ee05d2b95/conversations -> HTTP 403 (next candidate)
[2026-09-21 21:29:11] GET /api/agents/6aa26c7ce0ac9a5ee05d2b95/conversations/6aa26c825d5b4135ae6b48b5/messages -> HTTP 403 (next candidate)
[2026-09-21 21:29:11] GET /api/agents/6aa26c7ce0ac9a5ee05d2b95/conversations/6aa26c825d5b4135ae6b48b5 -> HTTP 403 (next candidate)
[2026-09-21 21:29:12] GET /api/agents/6aa26c7ce0ac9a5ee05d2b95/conversations -> HTTP 403 (next candidate)
[2026-09-21 21:29:22] GET /api/agents/6aa26c7ce0ac9a5ee05d2b95/conversations/6aa26c825d5b4135ae6b48b5/messages -> HTTP 403 (next candidate)
[2026-09-21 21:29:22] GET /api/agents/6aa26c7ce0ac9a5ee05d2b95/conversations/6aa26c825d5b4135ae6b48b5 -> HTTP 403 (next candidate)
[2026-09-21 21:29:22] GET /api/agents/6aa26c7ce0ac9a5ee05d2b95/conversations -> HTTP 403 (next candidate)
[2026-09-21 21:29:32] GET /api/agents/6aa26c7ce0ac9a5ee05d2b95/conversations/6aa26c825d5b4135ae6b48b5/messages -> HTTP 403 (next candidate)
[2026-09-21 21:29:32] GET /api/agents/6aa26c7ce0ac9a5ee05d2b95/conversations/6aa26c825d5b4135ae6b48b5 -> HTTP 403 (next candidate)
[2026-09-21 21:29:32] GET /api/agents/6aa26c7ce0ac9a5ee05d2b95/conversations -> HTTP 403 (next candidate)
[2026-09-21 21:29:42] GET /api/agents/6aa26c7ce0ac9a5ee05d2b95/conversations/6aa26c825d5b4135ae6b48b5/messages -> HTTP 403 (next candidate)
[2026-09-21 21:29:42] GET /api/agents/6aa26c7ce0ac9a5ee05d2b95/conversations/6aa26c825d5b4135ae6b48b5 -> HTTP 403 (next candidate)
[2026-09-21 21:29:43] GET /api/agents/6aa26c7ce0ac9a5ee05d2b95/conversations -> HTTP 403 (next candidate)
[2026-09-21 21:29:53] GET /api/agents/6aa26c7ce0ac9a5ee05d2b95/conversations/6aa26c825d5b4135ae6b48b5/messages -> HTTP 403 (next candidate)
[2026-09-21 21:29:53] GET /api/agents/6aa26c7ce0ac9a5ee05d2b95/conversations/6aa26c825d5b4135ae6b48b5 -> HTTP 403 (next candidate)
[2026-09-21 21:29:53] GET /api/agents/6aa26c7ce0ac9a5ee05d2b95/conversations -> HTTP 403 (next candidate)
[2026-09-21 21:30:03] GET /api/agents/6aa26c7ce0ac9a5ee05d2b95/conversations/6aa26c825d5b4135ae6b48b5/messages -> HTTP 403 (next candidate)
[2026-09-21 21:30:03] GET /api/agents/6aa26c7ce0ac9a5ee05d2b95/conversations/6aa26c825d5b4135ae6b48b5 -> HTTP 403 (next candidate)
[2026-09-21 21:30:03] GET /api/agents/6aa26c7ce0ac9a5ee05d2b95/conversations -> HTTP 403 (next candidate)
[2026-09-21 21:30:14] GET /api/agents/6aa26c7ce0ac9a5ee05d2b95/conversations/6aa26c825d5b4135ae6b48b5/messages -> HTTP 403 (next candidate)
[2026-09-21 21:30:14] GET /api/agents/6aa26c7ce0ac9a5ee05d2b95/conversations/6aa26c825d5b4135ae6b48b5 -> HTTP 403 (next candidate)
[2026-09-21 21:30:14] GET /api/agents/6aa26c7ce0ac9a5ee05d2b95/conversations -> HTTP 403 (next candidate)
[2026-09-21 21:30:24] GET /api/agents/6aa26c7ce0ac9a5ee05d2b95/conversations/6aa26c825d5b4135ae6b48b5/messages -> HTTP 403 (next candidate)
[2026-09-21 21:30:24] GET /api/agents/6aa26c7ce0ac9a5ee05d2b95/conversations/6aa26c825d5b4135ae6b48b5 -> HTTP 403 (next candidate)
[2026-09-21 21:30:24] GET /api/agents/6aa26c7ce0ac9a5ee05d2b95/conversations -> HTTP 403 (next candidate)
[2026-09-21 21:30:34] GET /api/agents/6aa26c7ce0ac9a5ee05d2b95/conversations/6aa26c825d5b4135ae6b48b5/messages -> HTTP 403 (next candidate)
[2026-09-21 21:30:34] GET /api/agents/6aa26c7ce0ac9a5ee05d2b95/conversations/6aa26c825d5b4135ae6b48b5 -> HTTP 403 (next candidate)
[2026-09-21 21:30:34] GET /api/agents/6aa26c7ce0ac9a5ee05d2b95/conversations -> HTTP 403 (next candidate)
[2026-09-21 21:30:45] GET /api/agents/6aa26c7ce0ac9a5ee05d2b95/conversations/6aa26c825d5b4135ae6b48b5/messages -> HTTP 403 (next candidate)
[2026-09-21 21:30:45] GET /api/agents/6aa26c7ce0ac9a5ee05d2b95/conversations/6aa26c825d5b4135ae6b48b5 -> HTTP 403 (next candidate)
[2026-09-21 21:30:45] GET /api/agents/6aa26c7ce0ac9a5ee05d2b95/conversations -> HTTP 403 (next candidate)
[2026-09-21 21:30:55] GET /api/agents/6aa26c7ce0ac9a5ee05d2b95/conversations/6aa26c825d5b4135ae6b48b5/messages -> HTTP 403 (next candidate)
[2026-09-21 21:30:55] GET /api/agents/6aa26c7ce0ac9a5ee05d2b95/conversations/6aa26c825d5b4135ae6b48b5 -> HTTP 403 (next candidate)
[2026-09-21 21:30:55] GET /api/agents/6aa26c7ce0ac9a5ee05d2b95/conversations -> HTTP 403 (next candidate)
[2026-09-21 21:31:05] GET /api/agents/6aa26c7ce0ac9a5ee05d2b95/conversations/6aa26c825d5b4135ae6b48b5/messages -> HTTP 403 (next candidate)
[2026-09-21 21:31:05] GET /api/agents/6aa26c7ce0ac9a5ee05d2b95/conversations/6aa26c825d5b4135ae6b48b5 -> HTTP 403 (next candidate)
[2026-09-21 21:31:05] GET /api/agents/6aa26c7ce0ac9a5ee05d2b95/conversations -> HTTP 403 (next candidate)
[2026-09-21 21:31:16] GET /api/agents/6aa26c7ce0ac9a5ee05d2b95/conversations/6aa26c825d5b4135ae6b48b5/messages -> HTTP 403 (next candidate)
[2026-09-21 21:31:16] GET /api/agents/6aa26c7ce0ac9a5ee05d2b95/conversations/6aa26c825d5b4135ae6b48b5 -> HTTP 403 (next candidate)
[2026-09-21 21:31:16] GET /api/agents/6aa26c7ce0ac9a5ee05d2b95/conversations -> HTTP 403 (next candidate)
[2026-09-21 21:31:26] GET /api/agents/6aa26c7ce0ac9a5ee05d2b95/conversations/6aa26c825d5b4135ae6b48b5/messages -> HTTP 403 (next candidate)
[2026-09-21 21:31:26] GET /api/agents/6aa26c7ce0ac9a5ee05d2b95/conversations/6aa26c825d5b4135ae6b48b5 -> HTTP 403 (next candidate)
[2026-09-21 21:31:26] GET /api/agents/6aa26c7ce0ac9a5ee05d2b95/conversations -> HTTP 403 (next candidate)
[2026-09-21 21:31:36] GET /api/agents/6aa26c7ce0ac9a5ee05d2b95/conversations/6aa26c825d5b4135ae6b48b5/messages -> HTTP 403 (next candidate)
[2026-09-21 21:31:36] GET /api/agents/6aa26c7ce0ac9a5ee05d2b95/conversations/6aa26c825d5b4135ae6b48b5 -> HTTP 403 (next candidate)
[2026-09-21 21:31:37] GET /api/agents/6aa26c7ce0ac9a5ee05d2b95/conversations -> HTTP 403 (next candidate)
[2026-09-21 21:31:47] GET /api/agents/6aa26c7ce0ac9a5ee05d2b95/conversations/6aa26c825d5b4135ae6b48b5/messages -> HTTP 403 (next candidate)
[2026-09-21 21:31:47] GET /api/agents/6aa26c7ce0ac9a5ee05d2b95/conversations/6aa26c825d5b4135ae6b48b5 -> HTTP 403 (next candidate)
[2026-09-21 21:31:47] GET /api/agents/6aa26c7ce0ac9a5ee05d2b95/conversations -> HTTP 403 (next candidate)
[2026-09-21 21:31:57] GET /api/agents/6aa26c7ce0ac9a5ee05d2b95/conversations/6aa26c825d5b4135ae6b48b5/messages -> HTTP 403 (next candidate)
[2026-09-21 21:31:57] GET /api/agents/6aa26c7ce0ac9a5ee05d2b95/conversations/6aa26c825d5b4135ae6b48b5 -> HTTP 403 (next candidate)
[2026-09-21 21:31:57] GET /api/agents/6aa26c7ce0ac9a5ee05d2b95/conversations -> HTTP 403 (next candidate)
[2026-09-21 21:32:08] GET /api/agents/6aa26c7ce0ac9a5ee05d2b95/conversations/6aa26c825d5b4135ae6b48b5/messages -> HTTP 403 (next candidate)
[2026-09-21 21:32:08] GET /api/agents/6aa26c7ce0ac9a5ee05d2b95/conversations/6aa26c825d5b4135ae6b48b5 -> HTTP 403 (next candidate)
[2026-09-21 21:32:08] GET /api/agents/6aa26c7ce0ac9a5ee05d2b95/conversations -> HTTP 403 (next candidate)
[2026-09-21 21:32:18] GET /api/agents/6aa26c7ce0ac9a5ee05d2b95/conversations/6aa26c825d5b4135ae6b48b5/messages -> HTTP 403 (next candidate)
[2026-09-21 21:32:18] GET /api/agents/6aa26c7ce0ac9a5ee05d2b95/conversations/6aa26c825d5b4135ae6b48b5 -> HTTP 403 (next candidate)
[2026-09-21 21:32:18] GET /api/agents/6aa26c7ce0ac9a5ee05d2b95/conversations -> HTTP 403 (next candidate)
[2026-09-21 21:32:28] GET /api/agents/6aa26c7ce0ac9a5ee05d2b95/conversations/6aa26c825d5b4135ae6b48b5/messages -> HTTP 403 (next candidate)
[2026-09-21 21:32:28] GET /api/agents/6aa26c7ce0ac9a5ee05d2b95/conversations/6aa26c825d5b4135ae6b48b5 -> HTTP 403 (next candidate)
[2026-09-21 21:32:28] GET /api/agents/6aa26c7ce0ac9a5ee05d2b95/conversations -> HTTP 403 (next candidate)
[2026-09-21 21:32:38] GET /api/agents/6aa26c7ce0ac9a5ee05d2b95/conversations/6aa26c825d5b4135ae6b48b5/messages -> HTTP 403 (next candidate)
[2026-09-21 21:32:39] GET /api/agents/6aa26c7ce0ac9a5ee05d2b95/conversations/6aa26c825d5b4135ae6b48b5 -> HTTP 403 (next candidate)
[2026-09-21 21:32:39] GET /api/agents/6aa26c7ce0ac9a5ee05d2b95/conversations -> HTTP 403 (next candidate)
[2026-09-21 21:32:49] GET /api/agents/6aa26c7ce0ac9a5ee05d2b95/conversations/6aa26c825d5b4135ae6b48b5/messages -> HTTP 403 (next candidate)
[2026-09-21 21:32:49] GET /api/agents/6aa26c7ce0ac9a5ee05d2b95/conversations/6aa26c825d5b4135ae6b48b5 -> HTTP 403 (next candidate)
[2026-09-21 21:32:49] GET /api/agents/6aa26c7ce0ac9a5ee05d2b95/conversations -> HTTP 403 (next candidate)
[2026-09-21 21:32:59] GET /api/agents/6aa26c7ce0ac9a5ee05d2b95/conversations/6aa26c825d5b4135ae6b48b5/messages -> HTTP 403 (next candidate)
[2026-09-21 21:32:59] GET /api/agents/6aa26c7ce0ac9a5ee05d2b95/conversations/6aa26c825d5b4135ae6b48b5 -> HTTP 403 (next candidate)
[2026-09-21 21:32:59] GET /api/agents/6aa26c7ce0ac9a5ee05d2b95/conversations -> HTTP 403 (next candidate)
[2026-09-21 21:33:10] GET /api/agents/6aa26c7ce0ac9a5ee05d2b95/conversations/6aa26c825d5b4135ae6b48b5/messages -> HTTP 403 (next candidate)
[2026-09-21 21:33:10] GET /api/agents/6aa26c7ce0ac9a5ee05d2b95/conversations/6aa26c825d5b4135ae6b48b5 -> HTTP 403 (next candidate)
[2026-09-21 21:33:10] GET /api/agents/6aa26c7ce0ac9a5ee05d2b95/conversations -> HTTP 403 (next candidate)
[2026-09-21 21:33:20] GET /api/agents/6aa26c7ce0ac9a5ee05d2b95/conversations/6aa26c825d5b4135ae6b48b5/messages -> HTTP 403 (next candidate)
[2026-09-21 21:33:20] GET /api/agents/6aa26c7ce0ac9a5ee05d2b95/conversations/6aa26c825d5b4135ae6b48b5 -> HTTP 403 (next candidate)
[2026-09-21 21:33:20] GET /api/agents/6aa26c7ce0ac9a5ee05d2b95/conversations -> HTTP 403 (next candidate)
[2026-09-21 21:33:30] GET /api/agents/6aa26c7ce0ac9a5ee05d2b95/conversations/6aa26c825d5b4135ae6b48b5/messages -> HTTP 403 (next candidate)
[2026-09-21 21:33:30] GET /api/agents/6aa26c7ce0ac9a5ee05d2b95/conversations/6aa26c825d5b4135ae6b48b5 -> HTTP 403 (next candidate)
[2026-09-21 21:33:30] GET /api/agents/6aa26c7ce0ac9a5ee05d2b95/conversations -> HTTP 403 (next candidate)
[2026-09-21 21:33:41] GET /api/agents/6aa26c7ce0ac9a5ee05d2b95/conversations/6aa26c825d5b4135ae6b48b5/messages -> HTTP 403 (next candidate)
[2026-09-21 21:33:41] GET /api/agents/6aa26c7ce0ac9a5ee05d2b95/conversations/6aa26c825d5b4135ae6b48b5 -> HTTP 403 (next candidate)
[2026-09-21 21:33:41] GET /api/agents/6aa26c7ce0ac9a5ee05d2b95/conversations -> HTTP 403 (next candidate)
[2026-09-21 21:33:51] GET /api/agents/6aa26c7ce0ac9a5ee05d2b95/conversations/6aa26c825d5b4135ae6b48b5/messages -> HTTP 403 (next candidate)
[2026-09-21 21:33:51] GET /api/agents/6aa26c7ce0ac9a5ee05d2b95/conversations/6aa26c825d5b4135ae6b48b5 -> HTTP 403 (next candidate)
[2026-09-21 21:33:51] GET /api/agents/6aa26c7ce0ac9a5ee05d2b95/conversations -> HTTP 403 (next candidate)
[2026-09-21 21:34:01] GET /api/agents/6aa26c7ce0ac9a5ee05d2b95/conversations/6aa26c825d5b4135ae6b48b5/messages -> HTTP 403 (next candidate)
[2026-09-21 21:34:02] GET /api/agents/6aa26c7ce0ac9a5ee05d2b95/conversations/6aa26c825d5b4135ae6b48b5 -> HTTP 403 (next candidate)
[2026-09-21 21:34:02] GET /api/agents/6aa26c7ce0ac9a5ee05d2b95/conversations -> HTTP 403 (next candidate)
[2026-09-21 21:34:12] GET /api/agents/6aa26c7ce0ac9a5ee05d2b95/conversations/6aa26c825d5b4135ae6b48b5/messages -> HTTP 403 (next candidate)
[2026-09-21 21:34:12] GET /api/agents/6aa26c7ce0ac9a5ee05d2b95/conversations/6aa26c825d5b4135ae6b48b5 -> HTTP 403 (next candidate)
[2026-09-21 21:34:12] GET /api/agents/6aa26c7ce0ac9a5ee05d2b95/conversations -> HTTP 403 (next candidate)
[2026-09-21 21:34:22] GET /api/agents/6aa26c7ce0ac9a5ee05d2b95/conversations/6aa26c825d5b4135ae6b48b5/messages -> HTTP 403 (next candidate)
[2026-09-21 21:34:22] GET /api/agents/6aa26c7ce0ac9a5ee05d2b95/conversations/6aa26c825d5b4135ae6b48b5 -> HTTP 403 (next candidate)
[2026-09-21 21:34:23] GET /api/agents/6aa26c7ce0ac9a5ee05d2b95/conversations -> HTTP 403 (next candidate)
[2026-09-21 21:34:33] GET /api/agents/6aa26c7ce0ac9a5ee05d2b95/conversations/6aa26c825d5b4135ae6b48b5/messages -> HTTP 403 (next candidate)
[2026-09-21 21:34:33] GET /api/agents/6aa26c7ce0ac9a5ee05d2b95/conversations/6aa26c825d5b4135ae6b48b5 -> HTTP 403 (next candidate)
[2026-09-21 21:34:33] GET /api/agents/6aa26c7ce0ac9a5ee05d2b95/conversations -> HTTP 403 (next candidate)
[2026-09-21 21:34:43] GET /api/agents/6aa26c7ce0ac9a5ee05d2b95/conversations/6aa26c825d5b4135ae6b48b5/messages -> HTTP 403 (next candidate)
[2026-09-21 21:34:43] GET /api/agents/6aa26c7ce0ac9a5ee05d2b95/conversations/6aa26c825d5b4135ae6b48b5 -> HTTP 403 (next candidate)
[2026-09-21 21:34:43] GET /api/agents/6aa26c7ce0ac9a5ee05d2b95/conversations -> HTTP 403 (next candidate)
[2026-09-21 21:34:53] GET /api/agents/6aa26c7ce0ac9a5ee05d2b95/conversations/6aa26c825d5b4135ae6b48b5/messages -> HTTP 403 (next candidate)
[2026-09-21 21:34:54] GET /api/agents/6aa26c7ce0ac9a5ee05d2b95/conversations/6aa26c825d5b4135ae6b48b5 -> HTTP 403 (next candidate)
[2026-09-21 21:34:54] GET /api/agents/6aa26c7ce0ac9a5ee05d2b95/conversations -> HTTP 403 (next candidate)
[2026-09-21 21:35:04] GET /api/agents/6aa26c7ce0ac9a5ee05d2b95/conversations/6aa26c825d5b4135ae6b48b5/messages -> HTTP 403 (next candidate)
[2026-09-21 21:35:04] GET /api/agents/6aa26c7ce0ac9a5ee05d2b95/conversations/6aa26c825d5b4135ae6b48b5 -> HTTP 403 (next candidate)
[2026-09-21 21:35:04] GET /api/agents/6aa26c7ce0ac9a5ee05d2b95/conversations -> HTTP 403 (next candidate)
[2026-09-21 21:35:14] GET /api/agents/6aa26c7ce0ac9a5ee05d2b95/conversations/6aa26c825d5b4135ae6b48b5/messages -> HTTP 403 (next candidate)
[2026-09-21 21:35:14] GET /api/agents/6aa26c7ce0ac9a5ee05d2b95/conversations/6aa26c825d5b4135ae6b48b5 -> HTTP 403 (next candidate)
[2026-09-21 21:35:14] GET /api/agents/6aa26c7ce0ac9a5ee05d2b95/conversations -> HTTP 403 (next candidate)
[2026-09-21 21:35:24] GET /api/agents/6aa26c7ce0ac9a5ee05d2b95/conversations/6aa26c825d5b4135ae6b48b5/messages -> HTTP 403 (next candidate)
[2026-09-21 21:35:24] GET /api/agents/6aa26c7ce0ac9a5ee05d2b95/conversations/6aa26c825d5b4135ae6b48b5 -> HTTP 403 (next candidate)
[2026-09-21 21:35:25] GET /api/agents/6aa26c7ce0ac9a5ee05d2b95/conversations -> HTTP 403 (next candidate)
[2026-09-21 21:35:35] GET /api/agents/6aa26c7ce0ac9a5ee05d2b95/conversations/6aa26c825d5b4135ae6b48b5/messages -> HTTP 403 (next candidate)
[2026-09-21 21:35:35] GET /api/agents/6aa26c7ce0ac9a5ee05d2b95/conversations/6aa26c825d5b4135ae6b48b5 -> HTTP 403 (next candidate)
[2026-09-21 21:35:35] GET /api/agents/6aa26c7ce0ac9a5ee05d2b95/conversations -> HTTP 403 (next candidate)
[2026-09-21 21:35:45] GET /api/agents/6aa26c7ce0ac9a5ee05d2b95/conversations/6aa26c825d5b4135ae6b48b5/messages -> HTTP 403 (next candidate)
[2026-09-21 21:35:45] GET /api/agents/6aa26c7ce0ac9a5ee05d2b95/conversations/6aa26c825d5b4135ae6b48b5 -> HTTP 403 (next candidate)
[2026-09-21 21:35:45] GET /api/agents/6aa26c7ce0ac9a5ee05d2b95/conversations -> HTTP 403 (next candidate)
[2026-09-21 21:35:55] GET /api/agents/6aa26c7ce0ac9a5ee05d2b95/conversations/6aa26c825d5b4135ae6b48b5/messages -> HTTP 403 (next candidate)
[2026-09-21 21:35:55] GET /api/agents/6aa26c7ce0ac9a5ee05d2b95/conversations/6aa26c825d5b4135ae6b48b5 -> HTTP 403 (next candidate)
[2026-09-21 21:35:56] GET /api/agents/6aa26c7ce0ac9a5ee05d2b95/conversations -> HTTP 403 (next candidate)
[2026-09-21 21:36:06] GET /api/agents/6aa26c7ce0ac9a5ee05d2b95/conversations/6aa26c825d5b4135ae6b48b5/messages -> HTTP 403 (next candidate)
[2026-09-21 21:36:06] GET /api/agents/6aa26c7ce0ac9a5ee05d2b95/conversations/6aa26c825d5b4135ae6b48b5 -> HTTP 403 (next candidate)
[2026-09-21 21:36:06] GET /api/agents/6aa26c7ce0ac9a5ee05d2b95/conversations -> HTTP 403 (next candidate)
[2026-09-21 21:36:16] GET /api/agents/6aa26c7ce0ac9a5ee05d2b95/conversations/6aa26c825d5b4135ae6b48b5/messages -> HTTP 403 (next candidate)
[2026-09-21 21:36:16] GET /api/agents/6aa26c7ce0ac9a5ee05d2b95/conversations/6aa26c825d5b4135ae6b48b5 -> HTTP 403 (next candidate)
[2026-09-21 21:36:16] GET /api/agents/6aa26c7ce0ac9a5ee05d2b95/conversations -> HTTP 403 (next candidate)
[2026-09-21 21:36:26] GET /api/agents/6aa26c7ce0ac9a5ee05d2b95/conversations/6aa26c825d5b4135ae6b48b5/messages -> HTTP 403 (next candidate)
[2026-09-21 21:36:26] GET /api/agents/6aa26c7ce0ac9a5ee05d2b95/conversations/6aa26c825d5b4135ae6b48b5 -> HTTP 403 (next candidate)
[2026-09-21 21:36:27] GET /api/agents/6aa26c7ce0ac9a5ee05d2b95/conversations -> HTTP 403 (next candidate)
[2026-09-21 21:36:37] GET /api/agents/6aa26c7ce0ac9a5ee05d2b95/conversations/6aa26c825d5b4135ae6b48b5/messages -> HTTP 403 (next candidate)
[2026-09-21 21:36:37] GET /api/agents/6aa26c7ce0ac9a5ee05d2b95/conversations/6aa26c825d5b4135ae6b48b5 -> HTTP 403 (next candidate)
[2026-09-21 21:36:37] GET /api/agents/6aa26c7ce0ac9a5ee05d2b95/conversations -> HTTP 403 (next candidate)
[2026-09-21 21:36:47] GET /api/agents/6aa26c7ce0ac9a5ee05d2b95/conversations/6aa26c825d5b4135ae6b48b5/messages -> HTTP 403 (next candidate)
[2026-09-21 21:36:47] GET /api/agents/6aa26c7ce0ac9a5ee05d2b95/conversations/6aa26c825d5b4135ae6b48b5 -> HTTP 403 (next candidate)
[2026-09-21 21:36:47] GET /api/agents/6aa26c7ce0ac9a5ee05d2b95/conversations -> HTTP 403 (next candidate)
[2026-09-21 21:36:57] GET /api/agents/6aa26c7ce0ac9a5ee05d2b95/conversations/6aa26c825d5b4135ae6b48b5/messages -> HTTP 403 (next candidate)
[2026-09-21 21:36:57] GET /api/agents/6aa26c7ce0ac9a5ee05d2b95/conversations/6aa26c825d5b4135ae6b48b5 -> HTTP 403 (next candidate)
[2026-09-21 21:36:58] GET /api/agents/6aa26c7ce0ac9a5ee05d2b95/conversations -> HTTP 403 (next candidate)
[2026-09-21 21:37:08] GET /api/agents/6aa26c7ce0ac9a5ee05d2b95/conversations/6aa26c825d5b4135ae6b48b5/messages -> HTTP 403 (next candidate)
[2026-09-21 21:37:08] GET /api/agents/6aa26c7ce0ac9a5ee05d2b95/conversations/6aa26c825d5b4135ae6b48b5 -> HTTP 403 (next candidate)
[2026-09-21 21:37:08] GET /api/agents/6aa26c7ce0ac9a5ee05d2b95/conversations -> HTTP 403 (next candidate)
[2026-09-21 21:37:18] GET /api/agents/6aa26c7ce0ac9a5ee05d2b95/conversations/6aa26c825d5b4135ae6b48b5/messages -> HTTP 403 (next candidate)
[2026-09-21 21:37:18] GET /api/agents/6aa26c7ce0ac9a5ee05d2b95/conversations/6aa26c825d5b4135ae6b48b5 -> HTTP 403 (next candidate)
[2026-09-21 21:37:18] GET /api/agents/6aa26c7ce0ac9a5ee05d2b95/conversations -> HTTP 403 (next candidate)
[2026-09-21 21:37:28] GET /api/agents/6aa26c7ce0ac9a5ee05d2b95/conversations/6aa26c825d5b4135ae6b48b5/messages -> HTTP 403 (next candidate)
[2026-09-21 21:37:28] GET /api/agents/6aa26c7ce0ac9a5ee05d2b95/conversations/6aa26c825d5b4135ae6b48b5 -> HTTP 403 (next candidate)
[2026-09-21 21:37:28] GET /api/agents/6aa26c7ce0ac9a5ee05d2b95/conversations -> HTTP 403 (next candidate)
[2026-09-21 21:37:39] GET /api/agents/6aa26c7ce0ac9a5ee05d2b95/conversations/6aa26c825d5b4135ae6b48b5/messages -> HTTP 403 (next candidate)
[2026-09-21 21:37:39] GET /api/agents/6aa26c7ce0ac9a5ee05d2b95/conversations/6aa26c825d5b4135ae6b48b5 -> HTTP 403 (next candidate)
[2026-09-21 21:37:39] GET /api/agents/6aa26c7ce0ac9a5ee05d2b95/conversations -> HTTP 403 (next candidate)
[2026-09-21 21:37:49] GET /api/agents/6aa26c7ce0ac9a5ee05d2b95/conversations/6aa26c825d5b4135ae6b48b5/messages -> HTTP 403 (next candidate)
[2026-09-21 21:37:49] GET /api/agents/6aa26c7ce0ac9a5ee05d2b95/conversations/6aa26c825d5b4135ae6b48b5 -> HTTP 403 (next candidate)
[2026-09-21 21:37:49] GET /api/agents/6aa26c7ce0ac9a5ee05d2b95/conversations -> HTTP 403 (next candidate)
[2026-09-21 21:37:59] GET /api/agents/6aa26c7ce0ac9a5ee05d2b95/conversations/6aa26c825d5b4135ae6b48b5/messages -> HTTP 403 (next candidate)
[2026-09-21 21:37:59] GET /api/agents/6aa26c7ce0ac9a5ee05d2b95/conversations/6aa26c825d5b4135ae6b48b5 -> HTTP 403 (next candidate)
[2026-09-21 21:37:59] GET /api/agents/6aa26c7ce0ac9a5ee05d2b95/conversations -> HTTP 403 (next candidate)
[2026-09-21 21:38:10] GET /api/agents/6aa26c7ce0ac9a5ee05d2b95/conversations/6aa26c825d5b4135ae6b48b5/messages -> HTTP 403 (next candidate)
[2026-09-21 21:38:10] GET /api/agents/6aa26c7ce0ac9a5ee05d2b95/conversations/6aa26c825d5b4135ae6b48b5 -> HTTP 403 (next candidate)
[2026-09-21 21:38:10] GET /api/agents/6aa26c7ce0ac9a5ee05d2b95/conversations -> HTTP 403 (next candidate)
[2026-09-21 21:38:20] GET /api/agents/6aa26c7ce0ac9a5ee05d2b95/conversations/6aa26c825d5b4135ae6b48b5/messages -> HTTP 403 (next candidate)
[2026-09-21 21:38:20] GET /api/agents/6aa26c7ce0ac9a5ee05d2b95/conversations/6aa26c825d5b4135ae6b48b5 -> HTTP 403 (next candidate)
[2026-09-21 21:38:20] GET /api/agents/6aa26c7ce0ac9a5ee05d2b95/conversations -> HTTP 403 (next candidate)
[2026-09-21 21:38:30] GET /api/agents/6aa26c7ce0ac9a5ee05d2b95/conversations/6aa26c825d5b4135ae6b48b5/messages -> HTTP 403 (next candidate)
[2026-09-21 21:38:30] GET /api/agents/6aa26c7ce0ac9a5ee05d2b95/conversations/6aa26c825d5b4135ae6b48b5 -> HTTP 403 (next candidate)
[2026-09-21 21:38:31] GET /api/agents/6aa26c7ce0ac9a5ee05d2b95/conversations -> HTTP 403 (next candidate)
[2026-09-21 21:38:41] GET /api/agents/6aa26c7ce0ac9a5ee05d2b95/conversations/6aa26c825d5b4135ae6b48b5/messages -> HTTP 403 (next candidate)
[2026-09-21 21:38:41] GET /api/agents/6aa26c7ce0ac9a5ee05d2b95/conversations/6aa26c825d5b4135ae6b48b5 -> HTTP 403 (next candidate)
[2026-09-21 21:38:41] GET /api/agents/6aa26c7ce0ac9a5ee05d2b95/conversations -> HTTP 403 (next candidate)
[2026-09-21 21:38:51] GET /api/agents/6aa26c7ce0ac9a5ee05d2b95/conversations/6aa26c825d5b4135ae6b48b5/messages -> HTTP 403 (next candidate)
[2026-09-21 21:38:51] GET /api/agents/6aa26c7ce0ac9a5ee05d2b95/conversations/6aa26c825d5b4135ae6b48b5 -> HTTP 403 (next candidate)
[2026-09-21 21:38:51] GET /api/agents/6aa26c7ce0ac9a5ee05d2b95/conversations -> HTTP 403 (next candidate)
[2026-09-21 21:39:02] GET /api/agents/6aa26c7ce0ac9a5ee05d2b95/conversations/6aa26c825d5b4135ae6b48b5/messages -> HTTP 403 (next candidate)
[2026-09-21 21:39:02] GET /api/agents/6aa26c7ce0ac9a5ee05d2b95/conversations/6aa26c825d5b4135ae6b48b5 -> HTTP 403 (next candidate)
[2026-09-21 21:39:02] GET /api/agents/6aa26c7ce0ac9a5ee05d2b95/conversations -> HTTP 403 (next candidate)
[2026-09-21 21:39:12] GET /api/agents/6aa26c7ce0ac9a5ee05d2b95/conversations/6aa26c825d5b4135ae6b48b5/messages -> HTTP 403 (next candidate)
[2026-09-21 21:39:12] GET /api/agents/6aa26c7ce0ac9a5ee05d2b95/conversations/6aa26c825d5b4135ae6b48b5 -> HTTP 403 (next candidate)
[2026-09-21 21:39:12] GET /api/agents/6aa26c7ce0ac9a5ee05d2b95/conversations -> HTTP 403 (next candidate)
[2026-09-21 21:39:22] GET /api/agents/6aa26c7ce0ac9a5ee05d2b95/conversations/6aa26c825d5b4135ae6b48b5/messages -> HTTP 403 (next candidate)
[2026-09-21 21:39:22] GET /api/agents/6aa26c7ce0ac9a5ee05d2b95/conversations/6aa26c825d5b4135ae6b48b5 -> HTTP 403 (next candidate)
[2026-09-21 21:39:22] GET /api/agents/6aa26c7ce0ac9a5ee05d2b95/conversations -> HTTP 403 (next candidate)
[2026-09-21 21:39:33] GET /api/agents/6aa26c7ce0ac9a5ee05d2b95/conversations/6aa26c825d5b4135ae6b48b5/messages -> HTTP 403 (next candidate)
[2026-09-21 21:39:33] GET /api/agents/6aa26c7ce0ac9a5ee05d2b95/conversations/6aa26c825d5b4135ae6b48b5 -> HTTP 403 (next candidate)
[2026-09-21 21:39:33] GET /api/agents/6aa26c7ce0ac9a5ee05d2b95/conversations -> HTTP 403 (next candidate)
[2026-09-21 21:39:43] GET /api/agents/6aa26c7ce0ac9a5ee05d2b95/conversations/6aa26c825d5b4135ae6b48b5/messages -> HTTP 403 (next candidate)
[2026-09-21 21:39:43] GET /api/agents/6aa26c7ce0ac9a5ee05d2b95/conversations/6aa26c825d5b4135ae6b48b5 -> HTTP 403 (next candidate)
[2026-09-21 21:39:43] GET /api/agents/6aa26c7ce0ac9a5ee05d2b95/conversations -> HTTP 403 (next candidate)
[2026-09-21 21:39:53] GET /api/agents/6aa26c7ce0ac9a5ee05d2b95/conversations/6aa26c825d5b4135ae6b48b5/messages -> HTTP 403 (next candidate)
[2026-09-21 21:39:53] GET /api/agents/6aa26c7ce0ac9a5ee05d2b95/conversations/6aa26c825d5b4135ae6b48b5 -> HTTP 403 (next candidate)
[2026-09-21 21:39:53] GET /api/agents/6aa26c7ce0ac9a5ee05d2b95/conversations -> HTTP 403 (next candidate)
[2026-09-21 21:40:03] GET /api/agents/6aa26c7ce0ac9a5ee05d2b95/conversations/6aa26c825d5b4135ae6b48b5/messages -> HTTP 403 (next candidate)
[2026-09-21 21:40:04] GET /api/agents/6aa26c7ce0ac9a5ee05d2b95/conversations/6aa26c825d5b4135ae6b48b5 -> HTTP 403 (next candidate)
[2026-09-21 21:40:04] GET /api/agents/6aa26c7ce0ac9a5ee05d2b95/conversations -> HTTP 403 (next candidate)
[2026-09-21 21:40:14] GET /api/agents/6aa26c7ce0ac9a5ee05d2b95/conversations/6aa26c825d5b4135ae6b48b5/messages -> HTTP 403 (next candidate)
[2026-09-21 21:40:14] GET /api/agents/6aa26c7ce0ac9a5ee05d2b95/conversations/6aa26c825d5b4135ae6b48b5 -> HTTP 403 (next candidate)
[2026-09-21 21:40:14] GET /api/agents/6aa26c7ce0ac9a5ee05d2b95/conversations -> HTTP 403 (next candidate)
[2026-09-21 21:40:24] GET /api/agents/6aa26c7ce0ac9a5ee05d2b95/conversations/6aa26c825d5b4135ae6b48b5/messages -> HTTP 403 (next candidate)
[2026-09-21 21:40:24] GET /api/agents/6aa26c7ce0ac9a5ee05d2b95/conversations/6aa26c825d5b4135ae6b48b5 -> HTTP 403 (next candidate)
[2026-09-21 21:40:24] GET /api/agents/6aa26c7ce0ac9a5ee05d2b95/conversations -> HTTP 403 (next candidate)
[2026-09-21 21:40:34] GET /api/agents/6aa26c7ce0ac9a5ee05d2b95/conversations/6aa26c825d5b4135ae6b48b5/messages -> HTTP 403 (next candidate)
[2026-09-21 21:40:34] GET /api/agents/6aa26c7ce0ac9a5ee05d2b95/conversations/6aa26c825d5b4135ae6b48b5 -> HTTP 403 (next candidate)
[2026-09-21 21:40:35] GET /api/agents/6aa26c7ce0ac9a5ee05d2b95/conversations -> HTTP 403 (next candidate)
[2026-09-21 21:40:45] GET /api/agents/6aa26c7ce0ac9a5ee05d2b95/conversations/6aa26c825d5b4135ae6b48b5/messages -> HTTP 403 (next candidate)
[2026-09-21 21:40:45] GET /api/agents/6aa26c7ce0ac9a5ee05d2b95/conversations/6aa26c825d5b4135ae6b48b5 -> HTTP 403 (next candidate)
[2026-09-21 21:40:45] GET /api/agents/6aa26c7ce0ac9a5ee05d2b95/conversations -> HTTP 403 (next candidate)
[2026-09-21 21:40:55] GET /api/agents/6aa26c7ce0ac9a5ee05d2b95/conversations/6aa26c825d5b4135ae6b48b5/messages -> HTTP 403 (next candidate)
[2026-09-21 21:40:55] GET /api/agents/6aa26c7ce0ac9a5ee05d2b95/conversations/6aa26c825d5b4135ae6b48b5 -> HTTP 403 (next candidate)
[2026-09-21 21:40:55] GET /api/agents/6aa26c7ce0ac9a5ee05d2b95/conversations -> HTTP 403 (next candidate)
[2026-09-21 21:41:05] GET /api/agents/6aa26c7ce0ac9a5ee05d2b95/conversations/6aa26c825d5b4135ae6b48b5/messages -> HTTP 403 (next candidate)
[2026-09-21 21:41:06] GET /api/agents/6aa26c7ce0ac9a5ee05d2b95/conversations/6aa26c825d5b4135ae6b48b5 -> HTTP 403 (next candidate)
[2026-09-21 21:41:06] GET /api/agents/6aa26c7ce0ac9a5ee05d2b95/conversations -> HTTP 403 (next candidate)
[2026-09-21 21:41:16] GET /api/agents/6aa26c7ce0ac9a5ee05d2b95/conversations/6aa26c825d5b4135ae6b48b5/messages -> HTTP 403 (next candidate)
[2026-09-21 21:41:16] GET /api/agents/6aa26c7ce0ac9a5ee05d2b95/conversations/6aa26c825d5b4135ae6b48b5 -> HTTP 403 (next candidate)
[2026-09-21 21:41:16] GET /api/agents/6aa26c7ce0ac9a5ee05d2b95/conversations -> HTTP 403 (next candidate)
[2026-09-21 21:41:26] GET /api/agents/6aa26c7ce0ac9a5ee05d2b95/conversations/6aa26c825d5b4135ae6b48b5/messages -> HTTP 403 (next candidate)
[2026-09-21 21:41:27] GET /api/agents/6aa26c7ce0ac9a5ee05d2b95/conversations/6aa26c825d5b4135ae6b48b5 -> HTTP 403 (next candidate)
[2026-09-21 21:41:27] GET /api/agents/6aa26c7ce0ac9a5ee05d2b95/conversations -> HTTP 403 (next candidate)
[2026-09-21 21:41:37] GET /api/agents/6aa26c7ce0ac9a5ee05d2b95/conversations/6aa26c825d5b4135ae6b48b5/messages -> HTTP 403 (next candidate)
[2026-09-21 21:41:37] GET /api/agents/6aa26c7ce0ac9a5ee05d2b95/conversations/6aa26c825d5b4135ae6b48b5 -> HTTP 403 (next candidate)
[2026-09-21 21:41:37] GET /api/agents/6aa26c7ce0ac9a5ee05d2b95/conversations -> HTTP 403 (next candidate)
[2026-09-21 21:41:47] GET /api/agents/6aa26c7ce0ac9a5ee05d2b95/conversations/6aa26c825d5b4135ae6b48b5/messages -> HTTP 403 (next candidate)
[2026-09-21 21:41:47] GET /api/agents/6aa26c7ce0ac9a5ee05d2b95/conversations/6aa26c825d5b4135ae6b48b5 -> HTTP 403 (next candidate)
[2026-09-21 21:41:47] GET /api/agents/6aa26c7ce0ac9a5ee05d2b95/conversations -> HTTP 403 (next candidate)
[2026-09-21 21:41:58] GET /api/agents/6aa26c7ce0ac9a5ee05d2b95/conversations/6aa26c825d5b4135ae6b48b5/messages -> HTTP 403 (next candidate)
[2026-09-21 21:41:58] GET /api/agents/6aa26c7ce0ac9a5ee05d2b95/conversations/6aa26c825d5b4135ae6b48b5 -> HTTP 403 (next candidate)
[2026-09-21 21:41:58] GET /api/agents/6aa26c7ce0ac9a5ee05d2b95/conversations -> HTTP 403 (next candidate)
[2026-09-21 21:42:08] GET /api/agents/6aa26c7ce0ac9a5ee05d2b95/conversations/6aa26c825d5b4135ae6b48b5/messages -> HTTP 403 (next candidate)
[2026-09-21 21:42:08] GET /api/agents/6aa26c7ce0ac9a5ee05d2b95/conversations/6aa26c825d5b4135ae6b48b5 -> HTTP 403 (next candidate)
[2026-09-21 21:42:08] GET /api/agents/6aa26c7ce0ac9a5ee05d2b95/conversations -> HTTP 403 (next candidate)
[2026-09-21 21:42:18] GET /api/agents/6aa26c7ce0ac9a5ee05d2b95/conversations/6aa26c825d5b4135ae6b48b5/messages -> HTTP 403 (next candidate)
[2026-09-21 21:42:18] GET /api/agents/6aa26c7ce0ac9a5ee05d2b95/conversations/6aa26c825d5b4135ae6b48b5 -> HTTP 403 (next candidate)
[2026-09-21 21:42:19] GET /api/agents/6aa26c7ce0ac9a5ee05d2b95/conversations -> HTTP 403 (next candidate)
[2026-09-21 21:42:29] GET /api/agents/6aa26c7ce0ac9a5ee05d2b95/conversations/6aa26c825d5b4135ae6b48b5/messages -> HTTP 403 (next candidate)
[2026-09-21 21:42:29] GET /api/agents/6aa26c7ce0ac9a5ee05d2b95/conversations/6aa26c825d5b4135ae6b48b5 -> HTTP 403 (next candidate)
[2026-09-21 21:42:29] GET /api/agents/6aa26c7ce0ac9a5ee05d2b95/conversations -> HTTP 403 (next candidate)
[2026-09-21 21:42:39] GET /api/agents/6aa26c7ce0ac9a5ee05d2b95/conversations/6aa26c825d5b4135ae6b48b5/messages -> HTTP 403 (next candidate)
[2026-09-21 21:42:39] GET /api/agents/6aa26c7ce0ac9a5ee05d2b95/conversations/6aa26c825d5b4135ae6b48b5 -> HTTP 403 (next candidate)
[2026-09-21 21:42:39] GET /api/agents/6aa26c7ce0ac9a5ee05d2b95/conversations -> HTTP 403 (next candidate)
[2026-09-21 21:42:49] GET /api/agents/6aa26c7ce0ac9a5ee05d2b95/conversations/6aa26c825d5b4135ae6b48b5/messages -> HTTP 403 (next candidate)
[2026-09-21 21:42:49] GET /api/agents/6aa26c7ce0ac9a5ee05d2b95/conversations/6aa26c825d5b4135ae6b48b5 -> HTTP 403 (next candidate)
[2026-09-21 21:42:50] GET /api/agents/6aa26c7ce0ac9a5ee05d2b95/conversations -> HTTP 403 (next candidate)
[2026-09-21 21:43:00] GET /api/agents/6aa26c7ce0ac9a5ee05d2b95/conversations/6aa26c825d5b4135ae6b48b5/messages -> HTTP 403 (next candidate)
[2026-09-21 21:43:00] GET /api/agents/6aa26c7ce0ac9a5ee05d2b95/conversations/6aa26c825d5b4135ae6b48b5 -> HTTP 403 (next candidate)
[2026-09-21 21:43:00] GET /api/agents/6aa26c7ce0ac9a5ee05d2b95/conversations -> HTTP 403 (next candidate)
[2026-09-21 21:43:10] GET /api/agents/6aa26c7ce0ac9a5ee05d2b95/conversations/6aa26c825d5b4135ae6b48b5/messages -> HTTP 403 (next candidate)
[2026-09-21 21:43:10] GET /api/agents/6aa26c7ce0ac9a5ee05d2b95/conversations/6aa26c825d5b4135ae6b48b5 -> HTTP 403 (next candidate)
[2026-09-21 21:43:10] GET /api/agents/6aa26c7ce0ac9a5ee05d2b95/conversations -> HTTP 403 (next candidate)
[2026-09-21 21:43:21] GET /api/agents/6aa26c7ce0ac9a5ee05d2b95/conversations/6aa26c825d5b4135ae6b48b5/messages -> HTTP 403 (next candidate)
[2026-09-21 21:43:21] GET /api/agents/6aa26c7ce0ac9a5ee05d2b95/conversations/6aa26c825d5b4135ae6b48b5 -> HTTP 403 (next candidate)
[2026-09-21 21:43:21] GET /api/agents/6aa26c7ce0ac9a5ee05d2b95/conversations -> HTTP 403 (next candidate)
[2026-09-21 21:43:31] GET /api/agents/6aa26c7ce0ac9a5ee05d2b95/conversations/6aa26c825d5b4135ae6b48b5/messages -> HTTP 403 (next candidate)
[2026-09-21 21:43:31] GET /api/agents/6aa26c7ce0ac9a5ee05d2b95/conversations/6aa26c825d5b4135ae6b48b5 -> HTTP 403 (next candidate)
[2026-09-21 21:43:31] GET /api/agents/6aa26c7ce0ac9a5ee05d2b95/conversations -> HTTP 403 (next candidate)
[2026-09-21 21:43:41] GET /api/agents/6aa26c7ce0ac9a5ee05d2b95/conversations/6aa26c825d5b4135ae6b48b5/messages -> HTTP 403 (next candidate)
[2026-09-21 21:43:41] GET /api/agents/6aa26c7ce0ac9a5ee05d2b95/conversations/6aa26c825d5b4135ae6b48b5 -> HTTP 403 (next candidate)
[2026-09-21 21:43:41] GET /api/agents/6aa26c7ce0ac9a5ee05d2b95/conversations -> HTTP 403 (next candidate)
[2026-09-21 21:43:52] GET /api/agents/6aa26c7ce0ac9a5ee05d2b95/conversations/6aa26c825d5b4135ae6b48b5/messages -> HTTP 403 (next candidate)
[2026-09-21 21:43:52] GET /api/agents/6aa26c7ce0ac9a5ee05d2b95/conversations/6aa26c825d5b4135ae6b48b5 -> HTTP 403 (next candidate)
[2026-09-21 21:43:52] GET /api/agents/6aa26c7ce0ac9a5ee05d2b95/conversations -> HTTP 403 (next candidate)
[2026-09-21 21:44:02] GET /api/agents/6aa26c7ce0ac9a5ee05d2b95/conversations/6aa26c825d5b4135ae6b48b5/messages -> HTTP 403 (next candidate)
[2026-09-21 21:44:02] GET /api/agents/6aa26c7ce0ac9a5ee05d2b95/conversations/6aa26c825d5b4135ae6b48b5 -> HTTP 403 (next candidate)
[2026-09-21 21:44:02] GET /api/agents/6aa26c7ce0ac9a5ee05d2b95/conversations -> HTTP 403 (next candidate)
[2026-09-21 21:44:12] GET /api/agents/6aa26c7ce0ac9a5ee05d2b95/conversations/6aa26c825d5b4135ae6b48b5/messages -> HTTP 403 (next candidate)
[2026-09-21 21:44:12] GET /api/agents/6aa26c7ce0ac9a5ee05d2b95/conversations/6aa26c825d5b4135ae6b48b5 -> HTTP 403 (next candidate)
[2026-09-21 21:44:13] GET /api/agents/6aa26c7ce0ac9a5ee05d2b95/conversations -> HTTP 403 (next candidate)
[2026-09-21 21:44:23] GET /api/agents/6aa26c7ce0ac9a5ee05d2b95/conversations/6aa26c825d5b4135ae6b48b5/messages -> HTTP 403 (next candidate)
[2026-09-21 21:44:23] GET /api/agents/6aa26c7ce0ac9a5ee05d2b95/conversations/6aa26c825d5b4135ae6b48b5 -> HTTP 403 (next candidate)
[2026-09-21 21:44:23] GET /api/agents/6aa26c7ce0ac9a5ee05d2b95/conversations -> HTTP 403 (next candidate)
[2026-09-21 21:44:33] GET /api/agents/6aa26c7ce0ac9a5ee05d2b95/conversations/6aa26c825d5b4135ae6b48b5/messages -> HTTP 403 (next candidate)
[2026-09-21 21:44:33] GET /api/agents/6aa26c7ce0ac9a5ee05d2b95/conversations/6aa26c825d5b4135ae6b48b5 -> HTTP 403 (next candidate)
[2026-09-21 21:44:33] GET /api/agents/6aa26c7ce0ac9a5ee05d2b95/conversations -> HTTP 403 (next candidate)
[2026-09-21 21:44:43] GET /api/agents/6aa26c7ce0ac9a5ee05d2b95/conversations/6aa26c825d5b4135ae6b48b5/messages -> HTTP 403 (next candidate)
[2026-09-21 21:44:43] GET /api/agents/6aa26c7ce0ac9a5ee05d2b95/conversations/6aa26c825d5b4135ae6b48b5 -> HTTP 403 (next candidate)
[2026-09-21 21:44:44] GET /api/agents/6aa26c7ce0ac9a5ee05d2b95/conversations -> HTTP 403 (next candidate)
[2026-09-21 21:44:54] GET /api/agents/6aa26c7ce0ac9a5ee05d2b95/conversations/6aa26c825d5b4135ae6b48b5/messages -> HTTP 403 (next candidate)
[2026-09-21 21:44:54] GET /api/agents/6aa26c7ce0ac9a5ee05d2b95/conversations/6aa26c825d5b4135ae6b48b5 -> HTTP 403 (next candidate)
[2026-09-21 21:44:54] GET /api/agents/6aa26c7ce0ac9a5ee05d2b95/conversations -> HTTP 403 (next candidate)
[2026-09-21 21:45:04] GET /api/agents/6aa26c7ce0ac9a5ee05d2b95/conversations/6aa26c825d5b4135ae6b48b5/messages -> HTTP 403 (next candidate)
[2026-09-21 21:45:04] GET /api/agents/6aa26c7ce0ac9a5ee05d2b95/conversations/6aa26c825d5b4135ae6b48b5 -> HTTP 403 (next candidate)
[2026-09-21 21:45:04] GET /api/agents/6aa26c7ce0ac9a5ee05d2b95/conversations -> HTTP 403 (next candidate)
[2026-09-21 21:45:14] GET /api/agents/6aa26c7ce0ac9a5ee05d2b95/conversations/6aa26c825d5b4135ae6b48b5/messages -> HTTP 403 (next candidate)
[2026-09-21 21:45:15] GET /api/agents/6aa26c7ce0ac9a5ee05d2b95/conversations/6aa26c825d5b4135ae6b48b5 -> HTTP 403 (next candidate)
[2026-09-21 21:45:15] GET /api/agents/6aa26c7ce0ac9a5ee05d2b95/conversations -> HTTP 403 (next candidate)
[2026-09-21 21:45:25] GET /api/agents/6aa26c7ce0ac9a5ee05d2b95/conversations/6aa26c825d5b4135ae6b48b5/messages -> HTTP 403 (next candidate)
[2026-09-21 21:45:25] GET /api/agents/6aa26c7ce0ac9a5ee05d2b95/conversations/6aa26c825d5b4135ae6b48b5 -> HTTP 403 (next candidate)
[2026-09-21 21:45:25] GET /api/agents/6aa26c7ce0ac9a5ee05d2b95/conversations -> HTTP 403 (next candidate)
[2026-09-21 21:45:35] GET /api/agents/6aa26c7ce0ac9a5ee05d2b95/conversations/6aa26c825d5b4135ae6b48b5/messages -> HTTP 403 (next candidate)
[2026-09-21 21:45:35] GET /api/agents/6aa26c7ce0ac9a5ee05d2b95/conversations/6aa26c825d5b4135ae6b48b5 -> HTTP 403 (next candidate)
[2026-09-21 21:45:35] GET /api/agents/6aa26c7ce0ac9a5ee05d2b95/conversations -> HTTP 403 (next candidate)
[2026-09-21 21:45:46] GET /api/agents/6aa26c7ce0ac9a5ee05d2b95/conversations/6aa26c825d5b4135ae6b48b5/messages -> HTTP 403 (next candidate)
[2026-09-21 21:45:46] GET /api/agents/6aa26c7ce0ac9a5ee05d2b95/conversations/6aa26c825d5b4135ae6b48b5 -> HTTP 403 (next candidate)
[2026-09-21 21:45:46] GET /api/agents/6aa26c7ce0ac9a5ee05d2b95/conversations -> HTTP 403 (next candidate)
[2026-09-21 21:45:56] GET /api/agents/6aa26c7ce0ac9a5ee05d2b95/conversations/6aa26c825d5b4135ae6b48b5/messages -> HTTP 403 (next candidate)
[2026-09-21 21:45:56] GET /api/agents/6aa26c7ce0ac9a5ee05d2b95/conversations/6aa26c825d5b4135ae6b48b5 -> HTTP 403 (next candidate)
[2026-09-21 21:45:57] GET /api/agents/6aa26c7ce0ac9a5ee05d2b95/conversations -> HTTP 403 (next candidate)
[2026-09-21 21:46:07] GET /api/agents/6aa26c7ce0ac9a5ee05d2b95/conversations/6aa26c825d5b4135ae6b48b5/messages -> HTTP 403 (next candidate)
[2026-09-21 21:46:07] GET /api/agents/6aa26c7ce0ac9a5ee05d2b95/conversations/6aa26c825d5b4135ae6b48b5 -> HTTP 403 (next candidate)
[2026-09-21 21:46:07] GET /api/agents/6aa26c7ce0ac9a5ee05d2b95/conversations -> HTTP 403 (next candidate)
[2026-09-21 21:46:17] GET /api/agents/6aa26c7ce0ac9a5ee05d2b95/conversations/6aa26c825d5b4135ae6b48b5/messages -> HTTP 403 (next candidate)
[2026-09-21 21:46:17] GET /api/agents/6aa26c7ce0ac9a5ee05d2b95/conversations/6aa26c825d5b4135ae6b48b5 -> HTTP 403 (next candidate)
[2026-09-21 21:46:17] GET /api/agents/6aa26c7ce0ac9a5ee05d2b95/conversations -> HTTP 403 (next candidate)
[2026-09-21 21:46:27] GET /api/agents/6aa26c7ce0ac9a5ee05d2b95/conversations/6aa26c825d5b4135ae6b48b5/messages -> HTTP 403 (next candidate)
[2026-09-21 21:46:28] GET /api/agents/6aa26c7ce0ac9a5ee05d2b95/conversations/6aa26c825d5b4135ae6b48b5 -> HTTP 403 (next candidate)
[2026-09-21 21:46:28] GET /api/agents/6aa26c7ce0ac9a5ee05d2b95/conversations -> HTTP 403 (next candidate)
[2026-09-21 21:46:38] GET /api/agents/6aa26c7ce0ac9a5ee05d2b95/conversations/6aa26c825d5b4135ae6b48b5/messages -> HTTP 403 (next candidate)
[2026-09-21 21:46:38] GET /api/agents/6aa26c7ce0ac9a5ee05d2b95/conversations/6aa26c825d5b4135ae6b48b5 -> HTTP 403 (next candidate)
[2026-09-21 21:46:38] GET /api/agents/6aa26c7ce0ac9a5ee05d2b95/conversations -> HTTP 403 (next candidate)
[2026-09-21 21:46:48] GET /api/agents/6aa26c7ce0ac9a5ee05d2b95/conversations/6aa26c825d5b4135ae6b48b5/messages -> HTTP 403 (next candidate)
[2026-09-21 21:46:48] GET /api/agents/6aa26c7ce0ac9a5ee05d2b95/conversations/6aa26c825d5b4135ae6b48b5 -> HTTP 403 (next candidate)
[2026-09-21 21:46:49] GET /api/agents/6aa26c7ce0ac9a5ee05d2b95/conversations -> HTTP 403 (next candidate)
[2026-09-21 21:46:59] GET /api/agents/6aa26c7ce0ac9a5ee05d2b95/conversations/6aa26c825d5b4135ae6b48b5/messages -> HTTP 403 (next candidate)
[2026-09-21 21:46:59] GET /api/agents/6aa26c7ce0ac9a5ee05d2b95/conversations/6aa26c825d5b4135ae6b48b5 -> HTTP 403 (next candidate)
[2026-09-21 21:46:59] GET /api/agents/6aa26c7ce0ac9a5ee05d2b95/conversations -> HTTP 403 (next candidate)
[2026-09-21 21:47:09] GET /api/agents/6aa26c7ce0ac9a5ee05d2b95/conversations/6aa26c825d5b4135ae6b48b5/messages -> HTTP 403 (next candidate)
[2026-09-21 21:47:10] GET /api/agents/6aa26c7ce0ac9a5ee05d2b95/conversations/6aa26c825d5b4135ae6b48b5 -> HTTP 403 (next candidate)
[2026-09-21 21:47:10] GET /api/agents/6aa26c7ce0ac9a5ee05d2b95/conversations -> HTTP 403 (next candidate)
[2026-09-21 21:47:20] GET /api/agents/6aa26c7ce0ac9a5ee05d2b95/conversations/6aa26c825d5b4135ae6b48b5/messages -> HTTP 403 (next candidate)
[2026-09-21 21:47:20] GET /api/agents/6aa26c7ce0ac9a5ee05d2b95/conversations/6aa26c825d5b4135ae6b48b5 -> HTTP 403 (next candidate)
[2026-09-21 21:47:20] GET /api/agents/6aa26c7ce0ac9a5ee05d2b95/conversations -> HTTP 403 (next candidate)
[2026-09-21 21:47:30] GET /api/agents/6aa26c7ce0ac9a5ee05d2b95/conversations/6aa26c825d5b4135ae6b48b5/messages -> HTTP 403 (next candidate)
[2026-09-21 21:47:30] GET /api/agents/6aa26c7ce0ac9a5ee05d2b95/conversations/6aa26c825d5b4135ae6b48b5 -> HTTP 403 (next candidate)
[2026-09-21 21:47:30] GET /api/agents/6aa26c7ce0ac9a5ee05d2b95/conversations -> HTTP 403 (next candidate)
[2026-09-21 21:47:40] GET /api/agents/6aa26c7ce0ac9a5ee05d2b95/conversations/6aa26c825d5b4135ae6b48b5/messages -> HTTP 403 (next candidate)
[2026-09-21 21:47:41] GET /api/agents/6aa26c7ce0ac9a5ee05d2b95/conversations/6aa26c825d5b4135ae6b48b5 -> HTTP 403 (next candidate)
[2026-09-21 21:47:41] GET /api/agents/6aa26c7ce0ac9a5ee05d2b95/conversations -> HTTP 403 (next candidate)
[2026-09-21 21:47:51] GET /api/agents/6aa26c7ce0ac9a5ee05d2b95/conversations/6aa26c825d5b4135ae6b48b5/messages -> HTTP 403 (next candidate)
[2026-09-21 21:47:51] GET /api/agents/6aa26c7ce0ac9a5ee05d2b95/conversations/6aa26c825d5b4135ae6b48b5 -> HTTP 403 (next candidate)
[2026-09-21 21:47:51] GET /api/agents/6aa26c7ce0ac9a5ee05d2b95/conversations -> HTTP 403 (next candidate)
[2026-09-21 21:48:01] GET /api/agents/6aa26c7ce0ac9a5ee05d2b95/conversations/6aa26c825d5b4135ae6b48b5/messages -> HTTP 403 (next candidate)
[2026-09-21 21:48:01] GET /api/agents/6aa26c7ce0ac9a5ee05d2b95/conversations/6aa26c825d5b4135ae6b48b5 -> HTTP 403 (next candidate)
[2026-09-21 21:48:01] GET /api/agents/6aa26c7ce0ac9a5ee05d2b95/conversations -> HTTP 403 (next candidate)
[2026-09-21 21:48:12] GET /api/agents/6aa26c7ce0ac9a5ee05d2b95/conversations/6aa26c825d5b4135ae6b48b5/messages -> HTTP 403 (next candidate)
[2026-09-21 21:48:12] GET /api/agents/6aa26c7ce0ac9a5ee05d2b95/conversations/6aa26c825d5b4135ae6b48b5 -> HTTP 403 (next candidate)
[2026-09-21 21:48:12] GET /api/agents/6aa26c7ce0ac9a5ee05d2b95/conversations -> HTTP 403 (next candidate)
[2026-09-21 21:48:22] GET /api/agents/6aa26c7ce0ac9a5ee05d2b95/conversations/6aa26c825d5b4135ae6b48b5/messages -> HTTP 403 (next candidate)
[2026-09-21 21:48:22] GET /api/agents/6aa26c7ce0ac9a5ee05d2b95/conversations/6aa26c825d5b4135ae6b48b5 -> HTTP 403 (next candidate)
[2026-09-21 21:48:22] GET /api/agents/6aa26c7ce0ac9a5ee05d2b95/conversations -> HTTP 403 (next candidate)
[2026-09-21 21:48:32] GET /api/agents/6aa26c7ce0ac9a5ee05d2b95/conversations/6aa26c825d5b4135ae6b48b5/messages -> HTTP 403 (next candidate)
[2026-09-21 21:48:33] GET /api/agents/6aa26c7ce0ac9a5ee05d2b95/conversations/6aa26c825d5b4135ae6b48b5 -> HTTP 403 (next candidate)
[2026-09-21 21:48:33] GET /api/agents/6aa26c7ce0ac9a5ee05d2b95/conversations -> HTTP 403 (next candidate)
[2026-09-21 21:48:43] GET /api/agents/6aa26c7ce0ac9a5ee05d2b95/conversations/6aa26c825d5b4135ae6b48b5/messages -> HTTP 403 (next candidate)
[2026-09-21 21:48:43] GET /api/agents/6aa26c7ce0ac9a5ee05d2b95/conversations/6aa26c825d5b4135ae6b48b5 -> HTTP 403 (next candidate)
[2026-09-21 21:48:43] GET /api/agents/6aa26c7ce0ac9a5ee05d2b95/conversations -> HTTP 403 (next candidate)
[2026-09-21 21:48:53] GET /api/agents/6aa26c7ce0ac9a5ee05d2b95/conversations/6aa26c825d5b4135ae6b48b5/messages -> HTTP 403 (next candidate)
[2026-09-21 21:48:53] GET /api/agents/6aa26c7ce0ac9a5ee05d2b95/conversations/6aa26c825d5b4135ae6b48b5 -> HTTP 403 (next candidate)
[2026-09-21 21:48:53] GET /api/agents/6aa26c7ce0ac9a5ee05d2b95/conversations -> HTTP 403 (next candidate)
[2026-09-21 21:49:03] GET /api/agents/6aa26c7ce0ac9a5ee05d2b95/conversations/6aa26c825d5b4135ae6b48b5/messages -> HTTP 403 (next candidate)
[2026-09-21 21:49:04] GET /api/agents/6aa26c7ce0ac9a5ee05d2b95/conversations/6aa26c825d5b4135ae6b48b5 -> HTTP 403 (next candidate)
[2026-09-21 21:49:04] GET /api/agents/6aa26c7ce0ac9a5ee05d2b95/conversations -> HTTP 403 (next candidate)
[2026-09-21 21:49:14] GET /api/agents/6aa26c7ce0ac9a5ee05d2b95/conversations/6aa26c825d5b4135ae6b48b5/messages -> HTTP 403 (next candidate)
[2026-09-21 21:49:14] GET /api/agents/6aa26c7ce0ac9a5ee05d2b95/conversations/6aa26c825d5b4135ae6b48b5 -> HTTP 403 (next candidate)
[2026-09-21 21:49:14] GET /api/agents/6aa26c7ce0ac9a5ee05d2b95/conversations -> HTTP 403 (next candidate)
[2026-09-21 21:49:24] GET /api/agents/6aa26c7ce0ac9a5ee05d2b95/conversations/6aa26c825d5b4135ae6b48b5/messages -> HTTP 403 (next candidate)
[2026-09-21 21:49:24] GET /api/agents/6aa26c7ce0ac9a5ee05d2b95/conversations/6aa26c825d5b4135ae6b48b5 -> HTTP 403 (next candidate)
[2026-09-21 21:49:24] GET /api/agents/6aa26c7ce0ac9a5ee05d2b95/conversations -> HTTP 403 (next candidate)
[2026-09-21 21:49:34] GET /api/agents/6aa26c7ce0ac9a5ee05d2b95/conversations/6aa26c825d5b4135ae6b48b5/messages -> HTTP 403 (next candidate)
[2026-09-21 21:49:35] GET /api/agents/6aa26c7ce0ac9a5ee05d2b95/conversations/6aa26c825d5b4135ae6b48b5 -> HTTP 403 (next candidate)
[2026-09-21 21:49:35] GET /api/agents/6aa26c7ce0ac9a5ee05d2b95/conversations -> HTTP 403 (next candidate)
[2026-09-21 21:49:45] GET /api/agents/6aa26c7ce0ac9a5ee05d2b95/conversations/6aa26c825d5b4135ae6b48b5/messages -> HTTP 403 (next candidate)
[2026-09-21 21:49:45] GET /api/agents/6aa26c7ce0ac9a5ee05d2b95/conversations/6aa26c825d5b4135ae6b48b5 -> HTTP 403 (next candidate)
[2026-09-21 21:49:45] GET /api/agents/6aa26c7ce0ac9a5ee05d2b95/conversations -> HTTP 403 (next candidate)
[2026-09-21 21:49:55] GET /api/agents/6aa26c7ce0ac9a5ee05d2b95/conversations/6aa26c825d5b4135ae6b48b5/messages -> HTTP 403 (next candidate)
[2026-09-21 21:49:56] GET /api/agents/6aa26c7ce0ac9a5ee05d2b95/conversations/6aa26c825d5b4135ae6b48b5 -> HTTP 403 (next candidate)
[2026-09-21 21:49:56] GET /api/agents/6aa26c7ce0ac9a5ee05d2b95/conversations -> HTTP 403 (next candidate)
[2026-09-21 21:50:06] GET /api/agents/6aa26c7ce0ac9a5ee05d2b95/conversations/6aa26c825d5b4135ae6b48b5/messages -> HTTP 403 (next candidate)
[2026-09-21 21:50:06] GET /api/agents/6aa26c7ce0ac9a5ee05d2b95/conversations/6aa26c825d5b4135ae6b48b5 -> HTTP 403 (next candidate)
[2026-09-21 21:50:06] GET /api/agents/6aa26c7ce0ac9a5ee05d2b95/conversations -> HTTP 403 (next candidate)
[2026-09-21 21:50:16] GET /api/agents/6aa26c7ce0ac9a5ee05d2b95/conversations/6aa26c825d5b4135ae6b48b5/messages -> HTTP 403 (next candidate)
[2026-09-21 21:50:16] GET /api/agents/6aa26c7ce0ac9a5ee05d2b95/conversations/6aa26c825d5b4135ae6b48b5 -> HTTP 403 (next candidate)
[2026-09-21 21:50:16] GET /api/agents/6aa26c7ce0ac9a5ee05d2b95/conversations -> HTTP 403 (next candidate)
[2026-09-21 21:50:27] GET /api/agents/6aa26c7ce0ac9a5ee05d2b95/conversations/6aa26c825d5b4135ae6b48b5/messages -> HTTP 403 (next candidate)
[2026-09-21 21:50:27] GET /api/agents/6aa26c7ce0ac9a5ee05d2b95/conversations/6aa26c825d5b4135ae6b48b5 -> HTTP 403 (next candidate)
[2026-09-21 21:50:27] GET /api/agents/6aa26c7ce0ac9a5ee05d2b95/conversations -> HTTP 403 (next candidate)
[2026-09-21 21:50:37] GET /api/agents/6aa26c7ce0ac9a5ee05d2b95/conversations/6aa26c825d5b4135ae6b48b5/messages -> HTTP 403 (next candidate)
[2026-09-21 21:50:37] GET /api/agents/6aa26c7ce0ac9a5ee05d2b95/conversations/6aa26c825d5b4135ae6b48b5 -> HTTP 403 (next candidate)
[2026-09-21 21:50:37] GET /api/agents/6aa26c7ce0ac9a5ee05d2b95/conversations -> HTTP 403 (next candidate)
[2026-09-21 21:50:47] GET /api/agents/6aa26c7ce0ac9a5ee05d2b95/conversations/6aa26c825d5b4135ae6b48b5/messages -> HTTP 403 (next candidate)
[2026-09-21 21:50:47] GET /api/agents/6aa26c7ce0ac9a5ee05d2b95/conversations/6aa26c825d5b4135ae6b48b5 -> HTTP 403 (next candidate)
[2026-09-21 21:50:47] GET /api/agents/6aa26c7ce0ac9a5ee05d2b95/conversations -> HTTP 403 (next candidate)
[2026-09-21 21:50:58] GET /api/agents/6aa26c7ce0ac9a5ee05d2b95/conversations/6aa26c825d5b4135ae6b48b5/messages -> HTTP 403 (next candidate)
[2026-09-21 21:50:58] GET /api/agents/6aa26c7ce0ac9a5ee05d2b95/conversations/6aa26c825d5b4135ae6b48b5 -> HTTP 403 (next candidate)
[2026-09-21 21:50:58] GET /api/agents/6aa26c7ce0ac9a5ee05d2b95/conversations -> HTTP 403 (next candidate)
[2026-09-21 21:51:08] GET /api/agents/6aa26c7ce0ac9a5ee05d2b95/conversations/6aa26c825d5b4135ae6b48b5/messages -> HTTP 403 (next candidate)
[2026-09-21 21:51:08] GET /api/agents/6aa26c7ce0ac9a5ee05d2b95/conversations/6aa26c825d5b4135ae6b48b5 -> HTTP 403 (next candidate)
[2026-09-21 21:51:08] GET /api/agents/6aa26c7ce0ac9a5ee05d2b95/conversations -> HTTP 403 (next candidate)
[2026-09-21 21:51:19] GET /api/agents/6aa26c7ce0ac9a5ee05d2b95/conversations/6aa26c825d5b4135ae6b48b5/messages -> HTTP 403 (next candidate)
[2026-09-21 21:51:19] GET /api/agents/6aa26c7ce0ac9a5ee05d2b95/conversations/6aa26c825d5b4135ae6b48b5 -> HTTP 403 (next candidate)
[2026-09-21 21:51:19] GET /api/agents/6aa26c7ce0ac9a5ee05d2b95/conversations -> HTTP 403 (next candidate)
[2026-09-21 21:51:29] GET /api/agents/6aa26c7ce0ac9a5ee05d2b95/conversations/6aa26c825d5b4135ae6b48b5/messages -> HTTP 403 (next candidate)
[2026-09-21 21:51:29] GET /api/agents/6aa26c7ce0ac9a5ee05d2b95/conversations/6aa26c825d5b4135ae6b48b5 -> HTTP 403 (next candidate)
[2026-09-21 21:51:29] GET /api/agents/6aa26c7ce0ac9a5ee05d2b95/conversations -> HTTP 403 (next candidate)
[2026-09-21 21:51:39] GET /api/agents/6aa26c7ce0ac9a5ee05d2b95/conversations/6aa26c825d5b4135ae6b48b5/messages -> HTTP 403 (next candidate)
[2026-09-21 21:51:39] GET /api/agents/6aa26c7ce0ac9a5ee05d2b95/conversations/6aa26c825d5b4135ae6b48b5 -> HTTP 403 (next candidate)
[2026-09-21 21:51:39] GET /api/agents/6aa26c7ce0ac9a5ee05d2b95/conversations -> HTTP 403 (next candidate)
[2026-09-21 21:51:50] GET /api/agents/6aa26c7ce0ac9a5ee05d2b95/conversations/6aa26c825d5b4135ae6b48b5/messages -> HTTP 403 (next candidate)
[2026-09-21 21:51:50] GET /api/agents/6aa26c7ce0ac9a5ee05d2b95/conversations/6aa26c825d5b4135ae6b48b5 -> HTTP 403 (next candidate)
[2026-09-21 21:51:50] GET /api/agents/6aa26c7ce0ac9a5ee05d2b95/conversations -> HTTP 403 (next candidate)
[2026-09-21 21:52:00] GET /api/agents/6aa26c7ce0ac9a5ee05d2b95/conversations/6aa26c825d5b4135ae6b48b5/messages -> HTTP 403 (next candidate)
[2026-09-21 21:52:00] GET /api/agents/6aa26c7ce0ac9a5ee05d2b95/conversations/6aa26c825d5b4135ae6b48b5 -> HTTP 403 (next candidate)
[2026-09-21 21:52:00] GET /api/agents/6aa26c7ce0ac9a5ee05d2b95/conversations -> HTTP 403 (next candidate)
[2026-09-21 21:52:10] GET /api/agents/6aa26c7ce0ac9a5ee05d2b95/conversations/6aa26c825d5b4135ae6b48b5/messages -> HTTP 403 (next candidate)
[2026-09-21 21:52:10] GET /api/agents/6aa26c7ce0ac9a5ee05d2b95/conversations/6aa26c825d5b4135ae6b48b5 -> HTTP 403 (next candidate)
[2026-09-21 21:52:10] GET /api/agents/6aa26c7ce0ac9a5ee05d2b95/conversations -> HTTP 403 (next candidate)
[2026-09-21 21:52:21] GET /api/agents/6aa26c7ce0ac9a5ee05d2b95/conversations/6aa26c825d5b4135ae6b48b5/messages -> HTTP 403 (next candidate)
[2026-09-21 21:52:21] GET /api/agents/6aa26c7ce0ac9a5ee05d2b95/conversations/6aa26c825d5b4135ae6b48b5 -> HTTP 403 (next candidate)
[2026-09-21 21:52:21] GET /api/agents/6aa26c7ce0ac9a5ee05d2b95/conversations -> HTTP 403 (next candidate)
[2026-09-21 21:52:31] GET /api/agents/6aa26c7ce0ac9a5ee05d2b95/conversations/6aa26c825d5b4135ae6b48b5/messages -> HTTP 403 (next candidate)
[2026-09-21 21:52:31] GET /api/agents/6aa26c7ce0ac9a5ee05d2b95/conversations/6aa26c825d5b4135ae6b48b5 -> HTTP 403 (next candidate)
[2026-09-21 21:52:31] GET /api/agents/6aa26c7ce0ac9a5ee05d2b95/conversations -> HTTP 403 (next candidate)
[2026-09-21 21:52:41] GET /api/agents/6aa26c7ce0ac9a5ee05d2b95/conversations/6aa26c825d5b4135ae6b48b5/messages -> HTTP 403 (next candidate)
[2026-09-21 21:52:42] GET /api/agents/6aa26c7ce0ac9a5ee05d2b95/conversations/6aa26c825d5b4135ae6b48b5 -> HTTP 403 (next candidate)
[2026-09-21 21:52:42] GET /api/agents/6aa26c7ce0ac9a5ee05d2b95/conversations -> HTTP 403 (next candidate)
[2026-09-21 21:52:52] GET /api/agents/6aa26c7ce0ac9a5ee05d2b95/conversations/6aa26c825d5b4135ae6b48b5/messages -> HTTP 403 (next candidate)
[2026-09-21 21:52:52] GET /api/agents/6aa26c7ce0ac9a5ee05d2b95/conversations/6aa26c825d5b4135ae6b48b5 -> HTTP 403 (next candidate)
[2026-09-21 21:52:52] GET /api/agents/6aa26c7ce0ac9a5ee05d2b95/conversations -> HTTP 403 (next candidate)
[2026-09-21 21:53:02] GET /api/agents/6aa26c7ce0ac9a5ee05d2b95/conversations/6aa26c825d5b4135ae6b48b5/messages -> HTTP 403 (next candidate)
[2026-09-21 21:53:02] GET /api/agents/6aa26c7ce0ac9a5ee05d2b95/conversations/6aa26c825d5b4135ae6b48b5 -> HTTP 403 (next candidate)
[2026-09-21 21:53:02] GET /api/agents/6aa26c7ce0ac9a5ee05d2b95/conversations -> HTTP 403 (next candidate)
[2026-09-21 21:53:12] GET /api/agents/6aa26c7ce0ac9a5ee05d2b95/conversations/6aa26c825d5b4135ae6b48b5/messages -> HTTP 403 (next candidate)
[2026-09-21 21:53:12] GET /api/agents/6aa26c7ce0ac9a5ee05d2b95/conversations/6aa26c825d5b4135ae6b48b5 -> HTTP 403 (next candidate)
[2026-09-21 21:53:13] GET /api/agents/6aa26c7ce0ac9a5ee05d2b95/conversations -> HTTP 403 (next candidate)
[2026-09-21 21:53:23] GET /api/agents/6aa26c7ce0ac9a5ee05d2b95/conversations/6aa26c825d5b4135ae6b48b5/messages -> HTTP 403 (next candidate)
[2026-09-21 21:53:23] GET /api/agents/6aa26c7ce0ac9a5ee05d2b95/conversations/6aa26c825d5b4135ae6b48b5 -> HTTP 403 (next candidate)
[2026-09-21 21:53:23] GET /api/agents/6aa26c7ce0ac9a5ee05d2b95/conversations -> HTTP 403 (next candidate)
[2026-09-21 21:53:33] GET /api/agents/6aa26c7ce0ac9a5ee05d2b95/conversations/6aa26c825d5b4135ae6b48b5/messages -> HTTP 403 (next candidate)
[2026-09-21 21:53:33] GET /api/agents/6aa26c7ce0ac9a5ee05d2b95/conversations/6aa26c825d5b4135ae6b48b5 -> HTTP 403 (next candidate)
[2026-09-21 21:53:33] GET /api/agents/6aa26c7ce0ac9a5ee05d2b95/conversations -> HTTP 403 (next candidate)
[2026-09-21 21:53:43] GET /api/agents/6aa26c7ce0ac9a5ee05d2b95/conversations/6aa26c825d5b4135ae6b48b5/messages -> HTTP 403 (next candidate)
[2026-09-21 21:53:44] GET /api/agents/6aa26c7ce0ac9a5ee05d2b95/conversations/6aa26c825d5b4135ae6b48b5 -> HTTP 403 (next candidate)
[2026-09-21 21:53:44] GET /api/agents/6aa26c7ce0ac9a5ee05d2b95/conversations -> HTTP 403 (next candidate)
[2026-09-21 21:53:54] GET /api/agents/6aa26c7ce0ac9a5ee05d2b95/conversations/6aa26c825d5b4135ae6b48b5/messages -> HTTP 403 (next candidate)
[2026-09-21 21:53:54] GET /api/agents/6aa26c7ce0ac9a5ee05d2b95/conversations/6aa26c825d5b4135ae6b48b5 -> HTTP 403 (next candidate)
[2026-09-21 21:53:54] GET /api/agents/6aa26c7ce0ac9a5ee05d2b95/conversations -> HTTP 403 (next candidate)
[2026-09-21 21:54:04] GET /api/agents/6aa26c7ce0ac9a5ee05d2b95/conversations/6aa26c825d5b4135ae6b48b5/messages -> HTTP 403 (next candidate)
[2026-09-21 21:54:05] GET /api/agents/6aa26c7ce0ac9a5ee05d2b95/conversations/6aa26c825d5b4135ae6b48b5 -> HTTP 403 (next candidate)
[2026-09-21 21:54:05] GET /api/agents/6aa26c7ce0ac9a5ee05d2b95/conversations -> HTTP 403 (next candidate)
[2026-09-21 21:54:15] GET /api/agents/6aa26c7ce0ac9a5ee05d2b95/conversations/6aa26c825d5b4135ae6b48b5/messages -> HTTP 403 (next candidate)
[2026-09-21 21:54:15] GET /api/agents/6aa26c7ce0ac9a5ee05d2b95/conversations/6aa26c825d5b4135ae6b48b5 -> HTTP 403 (next candidate)
[2026-09-21 21:54:15] GET /api/agents/6aa26c7ce0ac9a5ee05d2b95/conversations -> HTTP 403 (next candidate)
[2026-09-21 21:54:25] GET /api/agents/6aa26c7ce0ac9a5ee05d2b95/conversations/6aa26c825d5b4135ae6b48b5/messages -> HTTP 403 (next candidate)
[2026-09-21 21:54:25] GET /api/agents/6aa26c7ce0ac9a5ee05d2b95/conversations/6aa26c825d5b4135ae6b48b5 -> HTTP 403 (next candidate)
[2026-09-21 21:54:25] GET /api/agents/6aa26c7ce0ac9a5ee05d2b95/conversations -> HTTP 403 (next candidate)
[2026-09-21 21:54:35] GET /api/agents/6aa26c7ce0ac9a5ee05d2b95/conversations/6aa26c825d5b4135ae6b48b5/messages -> HTTP 403 (next candidate)
[2026-09-21 21:54:36] GET /api/agents/6aa26c7ce0ac9a5ee05d2b95/conversations/6aa26c825d5b4135ae6b48b5 -> HTTP 403 (next candidate)
[2026-09-21 21:54:36] GET /api/agents/6aa26c7ce0ac9a5ee05d2b95/conversations -> HTTP 403 (next candidate)
[2026-09-21 21:54:46] GET /api/agents/6aa26c7ce0ac9a5ee05d2b95/conversations/6aa26c825d5b4135ae6b48b5/messages -> HTTP 403 (next candidate)
[2026-09-21 21:54:46] GET /api/agents/6aa26c7ce0ac9a5ee05d2b95/conversations/6aa26c825d5b4135ae6b48b5 -> HTTP 403 (next candidate)
[2026-09-21 21:54:46] GET /api/agents/6aa26c7ce0ac9a5ee05d2b95/conversations -> HTTP 403 (next candidate)
[2026-09-21 21:54:56] GET /api/agents/6aa26c7ce0ac9a5ee05d2b95/conversations/6aa26c825d5b4135ae6b48b5/messages -> HTTP 403 (next candidate)
[2026-09-21 21:54:56] GET /api/agents/6aa26c7ce0ac9a5ee05d2b95/conversations/6aa26c825d5b4135ae6b48b5 -> HTTP 403 (next candidate)
[2026-09-21 21:54:56] GET /api/agents/6aa26c7ce0ac9a5ee05d2b95/conversations -> HTTP 403 (next candidate)
[2026-09-21 21:55:06] GET /api/agents/6aa26c7ce0ac9a5ee05d2b95/conversations/6aa26c825d5b4135ae6b48b5/messages -> HTTP 403 (next candidate)
[2026-09-21 21:55:07] GET /api/agents/6aa26c7ce0ac9a5ee05d2b95/conversations/6aa26c825d5b4135ae6b48b5 -> HTTP 403 (next candidate)
[2026-09-21 21:55:07] GET /api/agents/6aa26c7ce0ac9a5ee05d2b95/conversations -> HTTP 403 (next candidate)
[2026-09-21 21:55:17] GET /api/agents/6aa26c7ce0ac9a5ee05d2b95/conversations/6aa26c825d5b4135ae6b48b5/messages -> HTTP 403 (next candidate)
[2026-09-21 21:55:17] GET /api/agents/6aa26c7ce0ac9a5ee05d2b95/conversations/6aa26c825d5b4135ae6b48b5 -> HTTP 403 (next candidate)
[2026-09-21 21:55:17] GET /api/agents/6aa26c7ce0ac9a5ee05d2b95/conversations -> HTTP 403 (next candidate)
[2026-09-21 21:55:27] GET /api/agents/6aa26c7ce0ac9a5ee05d2b95/conversations/6aa26c825d5b4135ae6b48b5/messages -> HTTP 403 (next candidate)
[2026-09-21 21:55:27] GET /api/agents/6aa26c7ce0ac9a5ee05d2b95/conversations/6aa26c825d5b4135ae6b48b5 -> HTTP 403 (next candidate)
[2026-09-21 21:55:27] GET /api/agents/6aa26c7ce0ac9a5ee05d2b95/conversations -> HTTP 403 (next candidate)
[2026-09-21 21:55:38] GET /api/agents/6aa26c7ce0ac9a5ee05d2b95/conversations/6aa26c825d5b4135ae6b48b5/messages -> HTTP 403 (next candidate)
[2026-09-21 21:55:38] GET /api/agents/6aa26c7ce0ac9a5ee05d2b95/conversations/6aa26c825d5b4135ae6b48b5 -> HTTP 403 (next candidate)
[2026-09-21 21:55:38] GET /api/agents/6aa26c7ce0ac9a5ee05d2b95/conversations -> HTTP 403 (next candidate)
[2026-09-21 21:55:48] GET /api/agents/6aa26c7ce0ac9a5ee05d2b95/conversations/6aa26c825d5b4135ae6b48b5/messages -> HTTP 403 (next candidate)
[2026-09-21 21:55:48] GET /api/agents/6aa26c7ce0ac9a5ee05d2b95/conversations/6aa26c825d5b4135ae6b48b5 -> HTTP 403 (next candidate)
[2026-09-21 21:55:48] GET /api/agents/6aa26c7ce0ac9a5ee05d2b95/conversations -> HTTP 403 (next candidate)
[2026-09-21 21:55:58] GET /api/agents/6aa26c7ce0ac9a5ee05d2b95/conversations/6aa26c825d5b4135ae6b48b5/messages -> HTTP 403 (next candidate)
[2026-09-21 21:55:58] GET /api/agents/6aa26c7ce0ac9a5ee05d2b95/conversations/6aa26c825d5b4135ae6b48b5 -> HTTP 403 (next candidate)
[2026-09-21 21:55:58] GET /api/agents/6aa26c7ce0ac9a5ee05d2b95/conversations -> HTTP 403 (next candidate)
[2026-09-21 21:56:09] GET /api/agents/6aa26c7ce0ac9a5ee05d2b95/conversations/6aa26c825d5b4135ae6b48b5/messages -> HTTP 403 (next candidate)
[2026-09-21 21:56:09] GET /api/agents/6aa26c7ce0ac9a5ee05d2b95/conversations/6aa26c825d5b4135ae6b48b5 -> HTTP 403 (next candidate)
[2026-09-21 21:56:09] GET /api/agents/6aa26c7ce0ac9a5ee05d2b95/conversations -> HTTP 403 (next candidate)
[2026-09-21 21:56:19] GET /api/agents/6aa26c7ce0ac9a5ee05d2b95/conversations/6aa26c825d5b4135ae6b48b5/messages -> HTTP 403 (next candidate)
[2026-09-21 21:56:19] GET /api/agents/6aa26c7ce0ac9a5ee05d2b95/conversations/6aa26c825d5b4135ae6b48b5 -> HTTP 403 (next candidate)
[2026-09-21 21:56:19] GET /api/agents/6aa26c7ce0ac9a5ee05d2b95/conversations -> HTTP 403 (next candidate)
[2026-09-21 21:56:29] GET /api/agents/6aa26c7ce0ac9a5ee05d2b95/conversations/6aa26c825d5b4135ae6b48b5/messages -> HTTP 403 (next candidate)
[2026-09-21 21:56:30] GET /api/agents/6aa26c7ce0ac9a5ee05d2b95/conversations/6aa26c825d5b4135ae6b48b5 -> HTTP 403 (next candidate)
[2026-09-21 21:56:30] GET /api/agents/6aa26c7ce0ac9a5ee05d2b95/conversations -> HTTP 403 (next candidate)
[2026-09-21 21:56:40] GET /api/agents/6aa26c7ce0ac9a5ee05d2b95/conversations/6aa26c825d5b4135ae6b48b5/messages -> HTTP 403 (next candidate)
[2026-09-21 21:56:40] GET /api/agents/6aa26c7ce0ac9a5ee05d2b95/conversations/6aa26c825d5b4135ae6b48b5 -> HTTP 403 (next candidate)
[2026-09-21 21:56:40] GET /api/agents/6aa26c7ce0ac9a5ee05d2b95/conversations -> HTTP 403 (next candidate)
[2026-09-21 21:56:50] GET /api/agents/6aa26c7ce0ac9a5ee05d2b95/conversations/6aa26c825d5b4135ae6b48b5/messages -> HTTP 403 (next candidate)
[2026-09-21 21:56:50] GET /api/agents/6aa26c7ce0ac9a5ee05d2b95/conversations/6aa26c825d5b4135ae6b48b5 -> HTTP 403 (next candidate)
[2026-09-21 21:56:51] GET /api/agents/6aa26c7ce0ac9a5ee05d2b95/conversations -> HTTP 403 (next candidate)
[2026-09-21 21:57:01] GET /api/agents/6aa26c7ce0ac9a5ee05d2b95/conversations/6aa26c825d5b4135ae6b48b5/messages -> HTTP 403 (next candidate)
[2026-09-21 21:57:01] GET /api/agents/6aa26c7ce0ac9a5ee05d2b95/conversations/6aa26c825d5b4135ae6b48b5 -> HTTP 403 (next candidate)
[2026-09-21 21:57:01] GET /api/agents/6aa26c7ce0ac9a5ee05d2b95/conversations -> HTTP 403 (next candidate)
[2026-09-21 21:57:11] GET /api/agents/6aa26c7ce0ac9a5ee05d2b95/conversations/6aa26c825d5b4135ae6b48b5/messages -> HTTP 403 (next candidate)
[2026-09-21 21:57:11] GET /api/agents/6aa26c7ce0ac9a5ee05d2b95/conversations/6aa26c825d5b4135ae6b48b5 -> HTTP 403 (next candidate)
[2026-09-21 21:57:11] GET /api/agents/6aa26c7ce0ac9a5ee05d2b95/conversations -> HTTP 403 (next candidate)
[2026-09-21 21:57:22] GET /api/agents/6aa26c7ce0ac9a5ee05d2b95/conversations/6aa26c825d5b4135ae6b48b5/messages -> HTTP 403 (next candidate)
[2026-09-21 21:57:22] GET /api/agents/6aa26c7ce0ac9a5ee05d2b95/conversations/6aa26c825d5b4135ae6b48b5 -> HTTP 403 (next candidate)
[2026-09-21 21:57:22] GET /api/agents/6aa26c7ce0ac9a5ee05d2b95/conversations -> HTTP 403 (next candidate)
[2026-09-21 21:57:32] GET /api/agents/6aa26c7ce0ac9a5ee05d2b95/conversations/6aa26c825d5b4135ae6b48b5/messages -> HTTP 403 (next candidate)
[2026-09-21 21:57:32] GET /api/agents/6aa26c7ce0ac9a5ee05d2b95/conversations/6aa26c825d5b4135ae6b48b5 -> HTTP 403 (next candidate)
[2026-09-21 21:57:32] GET /api/agents/6aa26c7ce0ac9a5ee05d2b95/conversations -> HTTP 403 (next candidate)
[2026-09-21 21:57:42] GET /api/agents/6aa26c7ce0ac9a5ee05d2b95/conversations/6aa26c825d5b4135ae6b48b5/messages -> HTTP 403 (next candidate)
[2026-09-21 21:57:42] GET /api/agents/6aa26c7ce0ac9a5ee05d2b95/conversations/6aa26c825d5b4135ae6b48b5 -> HTTP 403 (next candidate)
[2026-09-21 21:57:42] GET /api/agents/6aa26c7ce0ac9a5ee05d2b95/conversations -> HTTP 403 (next candidate)
[2026-09-21 21:57:53] GET /api/agents/6aa26c7ce0ac9a5ee05d2b95/conversations/6aa26c825d5b4135ae6b48b5/messages -> HTTP 403 (next candidate)
[2026-09-21 21:57:53] GET /api/agents/6aa26c7ce0ac9a5ee05d2b95/conversations/6aa26c825d5b4135ae6b48b5 -> HTTP 403 (next candidate)
[2026-09-21 21:57:53] GET /api/agents/6aa26c7ce0ac9a5ee05d2b95/conversations -> HTTP 403 (next candidate)
[2026-09-21 21:58:03] GET /api/agents/6aa26c7ce0ac9a5ee05d2b95/conversations/6aa26c825d5b4135ae6b48b5/messages -> HTTP 403 (next candidate)
[2026-09-21 21:58:03] GET /api/agents/6aa26c7ce0ac9a5ee05d2b95/conversations/6aa26c825d5b4135ae6b48b5 -> HTTP 403 (next candidate)
[2026-09-21 21:58:03] GET /api/agents/6aa26c7ce0ac9a5ee05d2b95/conversations -> HTTP 403 (next candidate)
[2026-09-21 21:58:13] GET /api/agents/6aa26c7ce0ac9a5ee05d2b95/conversations/6aa26c825d5b4135ae6b48b5/messages -> HTTP 403 (next candidate)
[2026-09-21 21:58:14] GET /api/agents/6aa26c7ce0ac9a5ee05d2b95/conversations/6aa26c825d5b4135ae6b48b5 -> HTTP 403 (next candidate)
[2026-09-21 21:58:14] GET /api/agents/6aa26c7ce0ac9a5ee05d2b95/conversations -> HTTP 403 (next candidate)
[2026-09-21 21:58:24] GET /api/agents/6aa26c7ce0ac9a5ee05d2b95/conversations/6aa26c825d5b4135ae6b48b5/messages -> HTTP 403 (next candidate)
[2026-09-21 21:58:24] GET /api/agents/6aa26c7ce0ac9a5ee05d2b95/conversations/6aa26c825d5b4135ae6b48b5 -> HTTP 403 (next candidate)
[2026-09-21 21:58:24] GET /api/agents/6aa26c7ce0ac9a5ee05d2b95/conversations -> HTTP 403 (next candidate)
[2026-09-21 21:58:34] GET /api/agents/6aa26c7ce0ac9a5ee05d2b95/conversations/6aa26c825d5b4135ae6b48b5/messages -> HTTP 403 (next candidate)
[2026-09-21 21:58:34] GET /api/agents/6aa26c7ce0ac9a5ee05d2b95/conversations/6aa26c825d5b4135ae6b48b5 -> HTTP 403 (next candidate)
[2026-09-21 21:58:34] GET /api/agents/6aa26c7ce0ac9a5ee05d2b95/conversations -> HTTP 403 (next candidate)
[2026-09-21 21:58:44] GET /api/agents/6aa26c7ce0ac9a5ee05d2b95/conversations/6aa26c825d5b4135ae6b48b5/messages -> HTTP 403 (next candidate)
[2026-09-21 21:58:45] GET /api/agents/6aa26c7ce0ac9a5ee05d2b95/conversations/6aa26c825d5b4135ae6b48b5 -> HTTP 403 (next candidate)
[2026-09-21 21:58:45] GET /api/agents/6aa26c7ce0ac9a5ee05d2b95/conversations -> HTTP 403 (next candidate)
[2026-09-21 21:58:55] GET /api/agents/6aa26c7ce0ac9a5ee05d2b95/conversations/6aa26c825d5b4135ae6b48b5/messages -> HTTP 403 (next candidate)
[2026-09-21 21:58:55] GET /api/agents/6aa26c7ce0ac9a5ee05d2b95/conversations/6aa26c825d5b4135ae6b48b5 -> HTTP 403 (next candidate)
[2026-09-21 21:58:55] GET /api/agents/6aa26c7ce0ac9a5ee05d2b95/conversations -> HTTP 403 (next candidate)
[2026-09-21 21:59:05] GET /api/agents/6aa26c7ce0ac9a5ee05d2b95/conversations/6aa26c825d5b4135ae6b48b5/messages -> HTTP 403 (next candidate)
[2026-09-21 21:59:05] GET /api/agents/6aa26c7ce0ac9a5ee05d2b95/conversations/6aa26c825d5b4135ae6b48b5 -> HTTP 403 (next candidate)
[2026-09-21 21:59:05] GET /api/agents/6aa26c7ce0ac9a5ee05d2b95/conversations -> HTTP 403 (next candidate)
[2026-09-21 21:59:15] GET /api/agents/6aa26c7ce0ac9a5ee05d2b95/conversations/6aa26c825d5b4135ae6b48b5/messages -> HTTP 403 (next candidate)
[2026-09-21 21:59:16] GET /api/agents/6aa26c7ce0ac9a5ee05d2b95/conversations/6aa26c825d5b4135ae6b48b5 -> HTTP 403 (next candidate)
[2026-09-21 21:59:16] GET /api/agents/6aa26c7ce0ac9a5ee05d2b95/conversations -> HTTP 403 (next candidate)
[2026-09-21 21:59:26] GET /api/agents/6aa26c7ce0ac9a5ee05d2b95/conversations/6aa26c825d5b4135ae6b48b5/messages -> HTTP 403 (next candidate)
[2026-09-21 21:59:26] GET /api/agents/6aa26c7ce0ac9a5ee05d2b95/conversations/6aa26c825d5b4135ae6b48b5 -> HTTP 403 (next candidate)
[2026-09-21 21:59:26] GET /api/agents/6aa26c7ce0ac9a5ee05d2b95/conversations -> HTTP 403 (next candidate)
[2026-09-21 21:59:36] GET /api/agents/6aa26c7ce0ac9a5ee05d2b95/conversations/6aa26c825d5b4135ae6b48b5/messages -> HTTP 403 (next candidate)
[2026-09-21 21:59:36] GET /api/agents/6aa26c7ce0ac9a5ee05d2b95/conversations/6aa26c825d5b4135ae6b48b5 -> HTTP 403 (next candidate)
[2026-09-21 21:59:37] GET /api/agents/6aa26c7ce0ac9a5ee05d2b95/conversations -> HTTP 403 (next candidate)
[2026-09-21 21:59:47] GET /api/agents/6aa26c7ce0ac9a5ee05d2b95/conversations/6aa26c825d5b4135ae6b48b5/messages -> HTTP 403 (next candidate)
[2026-09-21 21:59:47] GET /api/agents/6aa26c7ce0ac9a5ee05d2b95/conversations/6aa26c825d5b4135ae6b48b5 -> HTTP 403 (next candidate)
[2026-09-21 21:59:47] GET /api/agents/6aa26c7ce0ac9a5ee05d2b95/conversations -> HTTP 403 (next candidate)
[2026-09-21 21:59:57] GET /api/agents/6aa26c7ce0ac9a5ee05d2b95/conversations/6aa26c825d5b4135ae6b48b5/messages -> HTTP 403 (next candidate)
[2026-09-21 21:59:57] GET /api/agents/6aa26c7ce0ac9a5ee05d2b95/conversations/6aa26c825d5b4135ae6b48b5 -> HTTP 403 (next candidate)
[2026-09-21 21:59:57] GET /api/agents/6aa26c7ce0ac9a5ee05d2b95/conversations -> HTTP 403 (next candidate)
[2026-09-21 22:00:07] GET /api/agents/6aa26c7ce0ac9a5ee05d2b95/conversations/6aa26c825d5b4135ae6b48b5/messages -> HTTP 403 (next candidate)
[2026-09-21 22:00:08] GET /api/agents/6aa26c7ce0ac9a5ee05d2b95/conversations/6aa26c825d5b4135ae6b48b5 -> HTTP 403 (next candidate)
[2026-09-21 22:00:08] GET /api/agents/6aa26c7ce0ac9a5ee05d2b95/conversations -> HTTP 403 (next candidate)
[2026-09-21 22:00:18] GET /api/agents/6aa26c7ce0ac9a5ee05d2b95/conversations/6aa26c825d5b4135ae6b48b5/messages -> HTTP 403 (next candidate)
[2026-09-21 22:00:18] GET /api/agents/6aa26c7ce0ac9a5ee05d2b95/conversations/6aa26c825d5b4135ae6b48b5 -> HTTP 403 (next candidate)
[2026-09-21 22:00:18] GET /api/agents/6aa26c7ce0ac9a5ee05d2b95/conversations -> HTTP 403 (next candidate)
[2026-09-21 22:00:28] GET /api/agents/6aa26c7ce0ac9a5ee05d2b95/conversations/6aa26c825d5b4135ae6b48b5/messages -> HTTP 403 (next candidate)
[2026-09-21 22:00:28] GET /api/agents/6aa26c7ce0ac9a5ee05d2b95/conversations/6aa26c825d5b4135ae6b48b5 -> HTTP 403 (next candidate)
[2026-09-21 22:00:28] GET /api/agents/6aa26c7ce0ac9a5ee05d2b95/conversations -> HTTP 403 (next candidate)
[2026-09-21 22:00:39] GET /api/agents/6aa26c7ce0ac9a5ee05d2b95/conversations/6aa26c825d5b4135ae6b48b5/messages -> HTTP 403 (next candidate)
[2026-09-21 22:00:39] GET /api/agents/6aa26c7ce0ac9a5ee05d2b95/conversations/6aa26c825d5b4135ae6b48b5 -> HTTP 403 (next candidate)
[2026-09-21 22:00:39] GET /api/agents/6aa26c7ce0ac9a5ee05d2b95/conversations -> HTTP 403 (next candidate)
[2026-09-21 22:00:49] GET /api/agents/6aa26c7ce0ac9a5ee05d2b95/conversations/6aa26c825d5b4135ae6b48b5/messages -> HTTP 403 (next candidate)
[2026-09-21 22:00:49] GET /api/agents/6aa26c7ce0ac9a5ee05d2b95/conversations/6aa26c825d5b4135ae6b48b5 -> HTTP 403 (next candidate)
[2026-09-21 22:00:49] GET /api/agents/6aa26c7ce0ac9a5ee05d2b95/conversations -> HTTP 403 (next candidate)
[2026-09-21 22:00:59] GET /api/agents/6aa26c7ce0ac9a5ee05d2b95/conversations/6aa26c825d5b4135ae6b48b5/messages -> HTTP 403 (next candidate)
[2026-09-21 22:00:59] GET /api/agents/6aa26c7ce0ac9a5ee05d2b95/conversations/6aa26c825d5b4135ae6b48b5 -> HTTP 403 (next candidate)
[2026-09-21 22:00:59] GET /api/agents/6aa26c7ce0ac9a5ee05d2b95/conversations -> HTTP 403 (next candidate)
[2026-09-21 22:01:10] GET /api/agents/6aa26c7ce0ac9a5ee05d2b95/conversations/6aa26c825d5b4135ae6b48b5/messages -> HTTP 403 (next candidate)
[2026-09-21 22:01:10] GET /api/agents/6aa26c7ce0ac9a5ee05d2b95/conversations/6aa26c825d5b4135ae6b48b5 -> HTTP 403 (next candidate)
[2026-09-21 22:01:10] GET /api/agents/6aa26c7ce0ac9a5ee05d2b95/conversations -> HTTP 403 (next candidate)
[2026-09-21 22:01:20] GET /api/agents/6aa26c7ce0ac9a5ee05d2b95/conversations/6aa26c825d5b4135ae6b48b5/messages -> HTTP 403 (next candidate)
[2026-09-21 22:01:20] GET /api/agents/6aa26c7ce0ac9a5ee05d2b95/conversations/6aa26c825d5b4135ae6b48b5 -> HTTP 403 (next candidate)
[2026-09-21 22:01:20] GET /api/agents/6aa26c7ce0ac9a5ee05d2b95/conversations -> HTTP 403 (next candidate)
[2026-09-21 22:01:30] GET /api/agents/6aa26c7ce0ac9a5ee05d2b95/conversations/6aa26c825d5b4135ae6b48b5/messages -> HTTP 403 (next candidate)
[2026-09-21 22:01:30] GET /api/agents/6aa26c7ce0ac9a5ee05d2b95/conversations/6aa26c825d5b4135ae6b48b5 -> HTTP 403 (next candidate)
[2026-09-21 22:01:31] GET /api/agents/6aa26c7ce0ac9a5ee05d2b95/conversations -> HTTP 403 (next candidate)
[2026-09-21 22:01:41] GET /api/agents/6aa26c7ce0ac9a5ee05d2b95/conversations/6aa26c825d5b4135ae6b48b5/messages -> HTTP 403 (next candidate)
[2026-09-21 22:01:41] GET /api/agents/6aa26c7ce0ac9a5ee05d2b95/conversations/6aa26c825d5b4135ae6b48b5 -> HTTP 403 (next candidate)
[2026-09-21 22:01:41] GET /api/agents/6aa26c7ce0ac9a5ee05d2b95/conversations -> HTTP 403 (next candidate)
[2026-09-21 22:01:51] GET /api/agents/6aa26c7ce0ac9a5ee05d2b95/conversations/6aa26c825d5b4135ae6b48b5/messages -> HTTP 403 (next candidate)
[2026-09-21 22:01:51] GET /api/agents/6aa26c7ce0ac9a5ee05d2b95/conversations/6aa26c825d5b4135ae6b48b5 -> HTTP 403 (next candidate)
[2026-09-21 22:01:51] GET /api/agents/6aa26c7ce0ac9a5ee05d2b95/conversations -> HTTP 403 (next candidate)
[2026-09-21 22:02:01] GET /api/agents/6aa26c7ce0ac9a5ee05d2b95/conversations/6aa26c825d5b4135ae6b48b5/messages -> HTTP 403 (next candidate)
[2026-09-21 22:02:01] GET /api/agents/6aa26c7ce0ac9a5ee05d2b95/conversations/6aa26c825d5b4135ae6b48b5 -> HTTP 403 (next candidate)
[2026-09-21 22:02:01] GET /api/agents/6aa26c7ce0ac9a5ee05d2b95/conversations -> HTTP 403 (next candidate)
[2026-09-21 22:02:12] GET /api/agents/6aa26c7ce0ac9a5ee05d2b95/conversations/6aa26c825d5b4135ae6b48b5/messages -> HTTP 403 (next candidate)
[2026-09-21 22:02:12] GET /api/agents/6aa26c7ce0ac9a5ee05d2b95/conversations/6aa26c825d5b4135ae6b48b5 -> HTTP 403 (next candidate)
[2026-09-21 22:02:12] GET /api/agents/6aa26c7ce0ac9a5ee05d2b95/conversations -> HTTP 403 (next candidate)
[2026-09-21 22:02:22] GET /api/agents/6aa26c7ce0ac9a5ee05d2b95/conversations/6aa26c825d5b4135ae6b48b5/messages -> HTTP 403 (next candidate)
[2026-09-21 22:02:22] GET /api/agents/6aa26c7ce0ac9a5ee05d2b95/conversations/6aa26c825d5b4135ae6b48b5 -> HTTP 403 (next candidate)
[2026-09-21 22:02:22] GET /api/agents/6aa26c7ce0ac9a5ee05d2b95/conversations -> HTTP 403 (next candidate)
[2026-09-21 22:02:32] GET /api/agents/6aa26c7ce0ac9a5ee05d2b95/conversations/6aa26c825d5b4135ae6b48b5/messages -> HTTP 403 (next candidate)
[2026-09-21 22:02:33] GET /api/agents/6aa26c7ce0ac9a5ee05d2b95/conversations/6aa26c825d5b4135ae6b48b5 -> HTTP 403 (next candidate)
[2026-09-21 22:02:33] GET /api/agents/6aa26c7ce0ac9a5ee05d2b95/conversations -> HTTP 403 (next candidate)
[2026-09-21 22:02:43] GET /api/agents/6aa26c7ce0ac9a5ee05d2b95/conversations/6aa26c825d5b4135ae6b48b5/messages -> HTTP 403 (next candidate)
[2026-09-21 22:02:43] GET /api/agents/6aa26c7ce0ac9a5ee05d2b95/conversations/6aa26c825d5b4135ae6b48b5 -> HTTP 403 (next candidate)
[2026-09-21 22:02:43] GET /api/agents/6aa26c7ce0ac9a5ee05d2b95/conversations -> HTTP 403 (next candidate)
[2026-09-21 22:02:53] GET /api/agents/6aa26c7ce0ac9a5ee05d2b95/conversations/6aa26c825d5b4135ae6b48b5/messages -> HTTP 403 (next candidate)
[2026-09-21 22:02:53] GET /api/agents/6aa26c7ce0ac9a5ee05d2b95/conversations/6aa26c825d5b4135ae6b48b5 -> HTTP 403 (next candidate)
[2026-09-21 22:02:53] GET /api/agents/6aa26c7ce0ac9a5ee05d2b95/conversations -> HTTP 403 (next candidate)
[2026-09-21 22:03:04] GET /api/agents/6aa26c7ce0ac9a5ee05d2b95/conversations/6aa26c825d5b4135ae6b48b5/messages -> HTTP 403 (next candidate)
[2026-09-21 22:03:04] GET /api/agents/6aa26c7ce0ac9a5ee05d2b95/conversations/6aa26c825d5b4135ae6b48b5 -> HTTP 403 (next candidate)
[2026-09-21 22:03:04] GET /api/agents/6aa26c7ce0ac9a5ee05d2b95/conversations -> HTTP 403 (next candidate)
[2026-09-21 22:03:14] GET /api/agents/6aa26c7ce0ac9a5ee05d2b95/conversations/6aa26c825d5b4135ae6b48b5/messages -> HTTP 403 (next candidate)
[2026-09-21 22:03:14] GET /api/agents/6aa26c7ce0ac9a5ee05d2b95/conversations/6aa26c825d5b4135ae6b48b5 -> HTTP 403 (next candidate)
[2026-09-21 22:03:14] GET /api/agents/6aa26c7ce0ac9a5ee05d2b95/conversations -> HTTP 403 (next candidate)
[2026-09-21 22:03:25] GET /api/agents/6aa26c7ce0ac9a5ee05d2b95/conversations/6aa26c825d5b4135ae6b48b5/messages -> HTTP 403 (next candidate)
[2026-09-21 22:03:25] GET /api/agents/6aa26c7ce0ac9a5ee05d2b95/conversations/6aa26c825d5b4135ae6b48b5 -> HTTP 403 (next candidate)
[2026-09-21 22:03:25] GET /api/agents/6aa26c7ce0ac9a5ee05d2b95/conversations -> HTTP 403 (next candidate)
[2026-09-21 22:03:35] GET /api/agents/6aa26c7ce0ac9a5ee05d2b95/conversations/6aa26c825d5b4135ae6b48b5/messages -> HTTP 403 (next candidate)
[2026-09-21 22:03:35] GET /api/agents/6aa26c7ce0ac9a5ee05d2b95/conversations/6aa26c825d5b4135ae6b48b5 -> HTTP 403 (next candidate)
[2026-09-21 22:03:35] GET /api/agents/6aa26c7ce0ac9a5ee05d2b95/conversations -> HTTP 403 (next candidate)
[2026-09-21 22:03:45] GET /api/agents/6aa26c7ce0ac9a5ee05d2b95/conversations/6aa26c825d5b4135ae6b48b5/messages -> HTTP 403 (next candidate)
[2026-09-21 22:03:45] GET /api/agents/6aa26c7ce0ac9a5ee05d2b95/conversations/6aa26c825d5b4135ae6b48b5 -> HTTP 403 (next candidate)
[2026-09-21 22:03:45] GET /api/agents/6aa26c7ce0ac9a5ee05d2b95/conversations -> HTTP 403 (next candidate)
[2026-09-21 22:03:55] GET /api/agents/6aa26c7ce0ac9a5ee05d2b95/conversations/6aa26c825d5b4135ae6b48b5/messages -> HTTP 403 (next candidate)
[2026-09-21 22:03:56] GET /api/agents/6aa26c7ce0ac9a5ee05d2b95/conversations/6aa26c825d5b4135ae6b48b5 -> HTTP 403 (next candidate)
[2026-09-21 22:03:56] GET /api/agents/6aa26c7ce0ac9a5ee05d2b95/conversations -> HTTP 403 (next candidate)
[2026-09-21 22:04:06] GET /api/agents/6aa26c7ce0ac9a5ee05d2b95/conversations/6aa26c825d5b4135ae6b48b5/messages -> HTTP 403 (next candidate)
[2026-09-21 22:04:06] GET /api/agents/6aa26c7ce0ac9a5ee05d2b95/conversations/6aa26c825d5b4135ae6b48b5 -> HTTP 403 (next candidate)
[2026-09-21 22:04:06] GET /api/agents/6aa26c7ce0ac9a5ee05d2b95/conversations -> HTTP 403 (next candidate)
[2026-09-21 22:04:16] GET /api/agents/6aa26c7ce0ac9a5ee05d2b95/conversations/6aa26c825d5b4135ae6b48b5/messages -> HTTP 403 (next candidate)
[2026-09-21 22:04:16] GET /api/agents/6aa26c7ce0ac9a5ee05d2b95/conversations/6aa26c825d5b4135ae6b48b5 -> HTTP 403 (next candidate)
[2026-09-21 22:04:16] GET /api/agents/6aa26c7ce0ac9a5ee05d2b95/conversations -> HTTP 403 (next candidate)
[2026-09-21 22:04:27] GET /api/agents/6aa26c7ce0ac9a5ee05d2b95/conversations/6aa26c825d5b4135ae6b48b5/messages -> HTTP 403 (next candidate)
[2026-09-21 22:04:27] GET /api/agents/6aa26c7ce0ac9a5ee05d2b95/conversations/6aa26c825d5b4135ae6b48b5 -> HTTP 403 (next candidate)
[2026-09-21 22:04:27] GET /api/agents/6aa26c7ce0ac9a5ee05d2b95/conversations -> HTTP 403 (next candidate)
[2026-09-21 22:04:37] GET /api/agents/6aa26c7ce0ac9a5ee05d2b95/conversations/6aa26c825d5b4135ae6b48b5/messages -> HTTP 403 (next candidate)
[2026-09-21 22:04:37] GET /api/agents/6aa26c7ce0ac9a5ee05d2b95/conversations/6aa26c825d5b4135ae6b48b5 -> HTTP 403 (next candidate)
[2026-09-21 22:04:37] GET /api/agents/6aa26c7ce0ac9a5ee05d2b95/conversations -> HTTP 403 (next candidate)
[2026-09-21 22:04:47] GET /api/agents/6aa26c7ce0ac9a5ee05d2b95/conversations/6aa26c825d5b4135ae6b48b5/messages -> HTTP 403 (next candidate)
[2026-09-21 22:04:47] GET /api/agents/6aa26c7ce0ac9a5ee05d2b95/conversations/6aa26c825d5b4135ae6b48b5 -> HTTP 403 (next candidate)
[2026-09-21 22:04:47] GET /api/agents/6aa26c7ce0ac9a5ee05d2b95/conversations -> HTTP 403 (next candidate)
[2026-09-21 22:04:57] GET /api/agents/6aa26c7ce0ac9a5ee05d2b95/conversations/6aa26c825d5b4135ae6b48b5/messages -> HTTP 403 (next candidate)
[2026-09-21 22:04:58] GET /api/agents/6aa26c7ce0ac9a5ee05d2b95/conversations/6aa26c825d5b4135ae6b48b5 -> HTTP 403 (next candidate)
[2026-09-21 22:04:58] GET /api/agents/6aa26c7ce0ac9a5ee05d2b95/conversations -> HTTP 403 (next candidate)
[2026-09-21 22:05:08] GET /api/agents/6aa26c7ce0ac9a5ee05d2b95/conversations/6aa26c825d5b4135ae6b48b5/messages -> HTTP 403 (next candidate)
[2026-09-21 22:05:08] GET /api/agents/6aa26c7ce0ac9a5ee05d2b95/conversations/6aa26c825d5b4135ae6b48b5 -> HTTP 403 (next candidate)
[2026-09-21 22:05:08] GET /api/agents/6aa26c7ce0ac9a5ee05d2b95/conversations -> HTTP 403 (next candidate)
[2026-09-21 22:05:18] GET /api/agents/6aa26c7ce0ac9a5ee05d2b95/conversations/6aa26c825d5b4135ae6b48b5/messages -> HTTP 403 (next candidate)
[2026-09-21 22:05:18] GET /api/agents/6aa26c7ce0ac9a5ee05d2b95/conversations/6aa26c825d5b4135ae6b48b5 -> HTTP 403 (next candidate)
[2026-09-21 22:05:18] GET /api/agents/6aa26c7ce0ac9a5ee05d2b95/conversations -> HTTP 403 (next candidate)
[2026-09-21 22:05:28] GET /api/agents/6aa26c7ce0ac9a5ee05d2b95/conversations/6aa26c825d5b4135ae6b48b5/messages -> HTTP 403 (next candidate)
[2026-09-21 22:05:29] GET /api/agents/6aa26c7ce0ac9a5ee05d2b95/conversations/6aa26c825d5b4135ae6b48b5 -> HTTP 403 (next candidate)
[2026-09-21 22:05:29] GET /api/agents/6aa26c7ce0ac9a5ee05d2b95/conversations -> HTTP 403 (next candidate)
[2026-09-21 22:05:39] GET /api/agents/6aa26c7ce0ac9a5ee05d2b95/conversations/6aa26c825d5b4135ae6b48b5/messages -> HTTP 403 (next candidate)
[2026-09-21 22:05:39] GET /api/agents/6aa26c7ce0ac9a5ee05d2b95/conversations/6aa26c825d5b4135ae6b48b5 -> HTTP 403 (next candidate)
[2026-09-21 22:05:39] GET /api/agents/6aa26c7ce0ac9a5ee05d2b95/conversations -> HTTP 403 (next candidate)
[2026-09-21 22:05:49] GET /api/agents/6aa26c7ce0ac9a5ee05d2b95/conversations/6aa26c825d5b4135ae6b48b5/messages -> HTTP 403 (next candidate)
[2026-09-21 22:05:49] GET /api/agents/6aa26c7ce0ac9a5ee05d2b95/conversations/6aa26c825d5b4135ae6b48b5 -> HTTP 403 (next candidate)
[2026-09-21 22:05:49] GET /api/agents/6aa26c7ce0ac9a5ee05d2b95/conversations -> HTTP 403 (next candidate)
[2026-09-21 22:05:59] GET /api/agents/6aa26c7ce0ac9a5ee05d2b95/conversations/6aa26c825d5b4135ae6b48b5/messages -> HTTP 403 (next candidate)
[2026-09-21 22:06:00] GET /api/agents/6aa26c7ce0ac9a5ee05d2b95/conversations/6aa26c825d5b4135ae6b48b5 -> HTTP 403 (next candidate)
[2026-09-21 22:06:00] GET /api/agents/6aa26c7ce0ac9a5ee05d2b95/conversations -> HTTP 403 (next candidate)
[2026-09-21 22:06:10] GET /api/agents/6aa26c7ce0ac9a5ee05d2b95/conversations/6aa26c825d5b4135ae6b48b5/messages -> HTTP 403 (next candidate)
[2026-09-21 22:06:10] GET /api/agents/6aa26c7ce0ac9a5ee05d2b95/conversations/6aa26c825d5b4135ae6b48b5 -> HTTP 403 (next candidate)
[2026-09-21 22:06:10] GET /api/agents/6aa26c7ce0ac9a5ee05d2b95/conversations -> HTTP 403 (next candidate)
[2026-09-21 22:06:20] GET /api/agents/6aa26c7ce0ac9a5ee05d2b95/conversations/6aa26c825d5b4135ae6b48b5/messages -> HTTP 403 (next candidate)
[2026-09-21 22:06:20] GET /api/agents/6aa26c7ce0ac9a5ee05d2b95/conversations/6aa26c825d5b4135ae6b48b5 -> HTTP 403 (next candidate)
[2026-09-21 22:06:20] GET /api/agents/6aa26c7ce0ac9a5ee05d2b95/conversations -> HTTP 403 (next candidate)
[2026-09-21 22:06:31] GET /api/agents/6aa26c7ce0ac9a5ee05d2b95/conversations/6aa26c825d5b4135ae6b48b5/messages -> HTTP 403 (next candidate)
[2026-09-21 22:06:31] GET /api/agents/6aa26c7ce0ac9a5ee05d2b95/conversations/6aa26c825d5b4135ae6b48b5 -> HTTP 403 (next candidate)
[2026-09-21 22:06:31] GET /api/agents/6aa26c7ce0ac9a5ee05d2b95/conversations -> HTTP 403 (next candidate)
[2026-09-21 22:06:41] GET /api/agents/6aa26c7ce0ac9a5ee05d2b95/conversations/6aa26c825d5b4135ae6b48b5/messages -> HTTP 403 (next candidate)
[2026-09-21 22:06:41] GET /api/agents/6aa26c7ce0ac9a5ee05d2b95/conversations/6aa26c825d5b4135ae6b48b5 -> HTTP 403 (next candidate)
[2026-09-21 22:06:41] GET /api/agents/6aa26c7ce0ac9a5ee05d2b95/conversations -> HTTP 403 (next candidate)
[2026-09-21 22:06:51] GET /api/agents/6aa26c7ce0ac9a5ee05d2b95/conversations/6aa26c825d5b4135ae6b48b5/messages -> HTTP 403 (next candidate)
[2026-09-21 22:06:52] GET /api/agents/6aa26c7ce0ac9a5ee05d2b95/conversations/6aa26c825d5b4135ae6b48b5 -> HTTP 403 (next candidate)
[2026-09-21 22:06:52] GET /api/agents/6aa26c7ce0ac9a5ee05d2b95/conversations -> HTTP 403 (next candidate)
[2026-09-21 22:07:02] GET /api/agents/6aa26c7ce0ac9a5ee05d2b95/conversations/6aa26c825d5b4135ae6b48b5/messages -> HTTP 403 (next candidate)
[2026-09-21 22:07:02] GET /api/agents/6aa26c7ce0ac9a5ee05d2b95/conversations/6aa26c825d5b4135ae6b48b5 -> HTTP 403 (next candidate)
[2026-09-21 22:07:02] GET /api/agents/6aa26c7ce0ac9a5ee05d2b95/conversations -> HTTP 403 (next candidate)
[2026-09-21 22:07:12] GET /api/agents/6aa26c7ce0ac9a5ee05d2b95/conversations/6aa26c825d5b4135ae6b48b5/messages -> HTTP 403 (next candidate)
[2026-09-21 22:07:12] GET /api/agents/6aa26c7ce0ac9a5ee05d2b95/conversations/6aa26c825d5b4135ae6b48b5 -> HTTP 403 (next candidate)
[2026-09-21 22:07:12] GET /api/agents/6aa26c7ce0ac9a5ee05d2b95/conversations -> HTTP 403 (next candidate)
[2026-09-21 22:07:22] GET /api/agents/6aa26c7ce0ac9a5ee05d2b95/conversations/6aa26c825d5b4135ae6b48b5/messages -> HTTP 403 (next candidate)
[2026-09-21 22:07:22] GET /api/agents/6aa26c7ce0ac9a5ee05d2b95/conversations/6aa26c825d5b4135ae6b48b5 -> HTTP 403 (next candidate)
[2026-09-21 22:07:23] GET /api/agents/6aa26c7ce0ac9a5ee05d2b95/conversations -> HTTP 403 (next candidate)
[2026-09-21 22:07:33] GET /api/agents/6aa26c7ce0ac9a5ee05d2b95/conversations/6aa26c825d5b4135ae6b48b5/messages -> HTTP 403 (next candidate)
[2026-09-21 22:07:33] GET /api/agents/6aa26c7ce0ac9a5ee05d2b95/conversations/6aa26c825d5b4135ae6b48b5 -> HTTP 403 (next candidate)
[2026-09-21 22:07:33] GET /api/agents/6aa26c7ce0ac9a5ee05d2b95/conversations -> HTTP 403 (next candidate)
[2026-09-21 22:07:43] GET /api/agents/6aa26c7ce0ac9a5ee05d2b95/conversations/6aa26c825d5b4135ae6b48b5/messages -> HTTP 403 (next candidate)
[2026-09-21 22:07:43] GET /api/agents/6aa26c7ce0ac9a5ee05d2b95/conversations/6aa26c825d5b4135ae6b48b5 -> HTTP 403 (next candidate)
[2026-09-21 22:07:43] GET /api/agents/6aa26c7ce0ac9a5ee05d2b95/conversations -> HTTP 403 (next candidate)
[2026-09-21 22:07:53] GET /api/agents/6aa26c7ce0ac9a5ee05d2b95/conversations/6aa26c825d5b4135ae6b48b5/messages -> HTTP 403 (next candidate)
[2026-09-21 22:07:54] GET /api/agents/6aa26c7ce0ac9a5ee05d2b95/conversations/6aa26c825d5b4135ae6b48b5 -> HTTP 403 (next candidate)
[2026-09-21 22:07:54] GET /api/agents/6aa26c7ce0ac9a5ee05d2b95/conversations -> HTTP 403 (next candidate)
[2026-09-21 22:08:04] GET /api/agents/6aa26c7ce0ac9a5ee05d2b95/conversations/6aa26c825d5b4135ae6b48b5/messages -> HTTP 403 (next candidate)
[2026-09-21 22:08:04] GET /api/agents/6aa26c7ce0ac9a5ee05d2b95/conversations/6aa26c825d5b4135ae6b48b5 -> HTTP 403 (next candidate)
[2026-09-21 22:08:04] GET /api/agents/6aa26c7ce0ac9a5ee05d2b95/conversations -> HTTP 403 (next candidate)
[2026-09-21 22:08:14] GET /api/agents/6aa26c7ce0ac9a5ee05d2b95/conversations/6aa26c825d5b4135ae6b48b5/messages -> HTTP 403 (next candidate)
[2026-09-21 22:08:14] GET /api/agents/6aa26c7ce0ac9a5ee05d2b95/conversations/6aa26c825d5b4135ae6b48b5 -> HTTP 403 (next candidate)
[2026-09-21 22:08:14] GET /api/agents/6aa26c7ce0ac9a5ee05d2b95/conversations -> HTTP 403 (next candidate)
[2026-09-21 22:08:25] GET /api/agents/6aa26c7ce0ac9a5ee05d2b95/conversations/6aa26c825d5b4135ae6b48b5/messages -> HTTP 403 (next candidate)
[2026-09-21 22:08:25] GET /api/agents/6aa26c7ce0ac9a5ee05d2b95/conversations/6aa26c825d5b4135ae6b48b5 -> HTTP 403 (next candidate)
[2026-09-21 22:08:25] GET /api/agents/6aa26c7ce0ac9a5ee05d2b95/conversations -> HTTP 403 (next candidate)
[2026-09-21 22:08:35] GET /api/agents/6aa26c7ce0ac9a5ee05d2b95/conversations/6aa26c825d5b4135ae6b48b5/messages -> HTTP 403 (next candidate)
[2026-09-21 22:08:35] GET /api/agents/6aa26c7ce0ac9a5ee05d2b95/conversations/6aa26c825d5b4135ae6b48b5 -> HTTP 403 (next candidate)
[2026-09-21 22:08:35] GET /api/agents/6aa26c7ce0ac9a5ee05d2b95/conversations -> HTTP 403 (next candidate)
[2026-09-21 22:08:45] GET /api/agents/6aa26c7ce0ac9a5ee05d2b95/conversations/6aa26c825d5b4135ae6b48b5/messages -> HTTP 403 (next candidate)
[2026-09-21 22:08:45] GET /api/agents/6aa26c7ce0ac9a5ee05d2b95/conversations/6aa26c825d5b4135ae6b48b5 -> HTTP 403 (next candidate)
[2026-09-21 22:08:45] GET /api/agents/6aa26c7ce0ac9a5ee05d2b95/conversations -> HTTP 403 (next candidate)
[2026-09-21 22:08:56] GET /api/agents/6aa26c7ce0ac9a5ee05d2b95/conversations/6aa26c825d5b4135ae6b48b5/messages -> HTTP 403 (next candidate)
[2026-09-21 22:08:56] GET /api/agents/6aa26c7ce0ac9a5ee05d2b95/conversations/6aa26c825d5b4135ae6b48b5 -> HTTP 403 (next candidate)
[2026-09-21 22:08:56] GET /api/agents/6aa26c7ce0ac9a5ee05d2b95/conversations -> HTTP 403 (next candidate)
[2026-09-21 22:09:06] GET /api/agents/6aa26c7ce0ac9a5ee05d2b95/conversations/6aa26c825d5b4135ae6b48b5/messages -> HTTP 403 (next candidate)
[2026-09-21 22:09:06] GET /api/agents/6aa26c7ce0ac9a5ee05d2b95/conversations/6aa26c825d5b4135ae6b48b5 -> HTTP 403 (next candidate)
[2026-09-21 22:09:06] GET /api/agents/6aa26c7ce0ac9a5ee05d2b95/conversations -> HTTP 403 (next candidate)
[2026-09-21 22:09:16] GET /api/agents/6aa26c7ce0ac9a5ee05d2b95/conversations/6aa26c825d5b4135ae6b48b5/messages -> HTTP 403 (next candidate)
[2026-09-21 22:09:16] GET /api/agents/6aa26c7ce0ac9a5ee05d2b95/conversations/6aa26c825d5b4135ae6b48b5 -> HTTP 403 (next candidate)
[2026-09-21 22:09:17] GET /api/agents/6aa26c7ce0ac9a5ee05d2b95/conversations -> HTTP 403 (next candidate)
[2026-09-21 22:09:27] GET /api/agents/6aa26c7ce0ac9a5ee05d2b95/conversations/6aa26c825d5b4135ae6b48b5/messages -> HTTP 403 (next candidate)
[2026-09-21 22:09:27] GET /api/agents/6aa26c7ce0ac9a5ee05d2b95/conversations/6aa26c825d5b4135ae6b48b5 -> HTTP 403 (next candidate)
[2026-09-21 22:09:27] GET /api/agents/6aa26c7ce0ac9a5ee05d2b95/conversations -> HTTP 403 (next candidate)
[2026-09-21 22:09:37] GET /api/agents/6aa26c7ce0ac9a5ee05d2b95/conversations/6aa26c825d5b4135ae6b48b5/messages -> HTTP 403 (next candidate)
[2026-09-21 22:09:37] GET /api/agents/6aa26c7ce0ac9a5ee05d2b95/conversations/6aa26c825d5b4135ae6b48b5 -> HTTP 403 (next candidate)
[2026-09-21 22:09:37] GET /api/agents/6aa26c7ce0ac9a5ee05d2b95/conversations -> HTTP 403 (next candidate)
[2026-09-21 22:09:47] GET /api/agents/6aa26c7ce0ac9a5ee05d2b95/conversations/6aa26c825d5b4135ae6b48b5/messages -> HTTP 403 (next candidate)
[2026-09-21 22:09:48] GET /api/agents/6aa26c7ce0ac9a5ee05d2b95/conversations/6aa26c825d5b4135ae6b48b5 -> HTTP 403 (next candidate)
[2026-09-21 22:09:48] GET /api/agents/6aa26c7ce0ac9a5ee05d2b95/conversations -> HTTP 403 (next candidate)
[2026-09-21 22:09:58] GET /api/agents/6aa26c7ce0ac9a5ee05d2b95/conversations/6aa26c825d5b4135ae6b48b5/messages -> HTTP 403 (next candidate)
[2026-09-21 22:09:58] GET /api/agents/6aa26c7ce0ac9a5ee05d2b95/conversations/6aa26c825d5b4135ae6b48b5 -> HTTP 403 (next candidate)
[2026-09-21 22:09:58] GET /api/agents/6aa26c7ce0ac9a5ee05d2b95/conversations -> HTTP 403 (next candidate)
[2026-09-21 22:10:08] GET /api/agents/6aa26c7ce0ac9a5ee05d2b95/conversations/6aa26c825d5b4135ae6b48b5/messages -> HTTP 403 (next candidate)
[2026-09-21 22:10:08] GET /api/agents/6aa26c7ce0ac9a5ee05d2b95/conversations/6aa26c825d5b4135ae6b48b5 -> HTTP 403 (next candidate)
[2026-09-21 22:10:08] GET /api/agents/6aa26c7ce0ac9a5ee05d2b95/conversations -> HTTP 403 (next candidate)
[2026-09-21 22:10:18] GET /api/agents/6aa26c7ce0ac9a5ee05d2b95/conversations/6aa26c825d5b4135ae6b48b5/messages -> HTTP 403 (next candidate)
[2026-09-21 22:10:19] GET /api/agents/6aa26c7ce0ac9a5ee05d2b95/conversations/6aa26c825d5b4135ae6b48b5 -> HTTP 403 (next candidate)
[2026-09-21 22:10:19] GET /api/agents/6aa26c7ce0ac9a5ee05d2b95/conversations -> HTTP 403 (next candidate)
[2026-09-21 22:10:29] GET /api/agents/6aa26c7ce0ac9a5ee05d2b95/conversations/6aa26c825d5b4135ae6b48b5/messages -> HTTP 403 (next candidate)
[2026-09-21 22:10:29] GET /api/agents/6aa26c7ce0ac9a5ee05d2b95/conversations/6aa26c825d5b4135ae6b48b5 -> HTTP 403 (next candidate)
[2026-09-21 22:10:29] GET /api/agents/6aa26c7ce0ac9a5ee05d2b95/conversations -> HTTP 403 (next candidate)
[2026-09-21 22:10:39] GET /api/agents/6aa26c7ce0ac9a5ee05d2b95/conversations/6aa26c825d5b4135ae6b48b5/messages -> HTTP 403 (next candidate)
[2026-09-21 22:10:39] GET /api/agents/6aa26c7ce0ac9a5ee05d2b95/conversations/6aa26c825d5b4135ae6b48b5 -> HTTP 403 (next candidate)
[2026-09-21 22:10:39] GET /api/agents/6aa26c7ce0ac9a5ee05d2b95/conversations -> HTTP 403 (next candidate)
[2026-09-21 22:10:49] GET /api/agents/6aa26c7ce0ac9a5ee05d2b95/conversations/6aa26c825d5b4135ae6b48b5/messages -> HTTP 403 (next candidate)
[2026-09-21 22:10:50] GET /api/agents/6aa26c7ce0ac9a5ee05d2b95/conversations/6aa26c825d5b4135ae6b48b5 -> HTTP 403 (next candidate)
[2026-09-21 22:10:50] GET /api/agents/6aa26c7ce0ac9a5ee05d2b95/conversations -> HTTP 403 (next candidate)
[2026-09-21 22:11:00] GET /api/agents/6aa26c7ce0ac9a5ee05d2b95/conversations/6aa26c825d5b4135ae6b48b5/messages -> HTTP 403 (next candidate)
[2026-09-21 22:11:00] GET /api/agents/6aa26c7ce0ac9a5ee05d2b95/conversations/6aa26c825d5b4135ae6b48b5 -> HTTP 403 (next candidate)
[2026-09-21 22:11:00] GET /api/agents/6aa26c7ce0ac9a5ee05d2b95/conversations -> HTTP 403 (next candidate)
[2026-09-21 22:11:10] GET /api/agents/6aa26c7ce0ac9a5ee05d2b95/conversations/6aa26c825d5b4135ae6b48b5/messages -> HTTP 403 (next candidate)
[2026-09-21 22:11:10] GET /api/agents/6aa26c7ce0ac9a5ee05d2b95/conversations/6aa26c825d5b4135ae6b48b5 -> HTTP 403 (next candidate)
[2026-09-21 22:11:10] GET /api/agents/6aa26c7ce0ac9a5ee05d2b95/conversations -> HTTP 403 (next candidate)
[2026-09-21 22:11:21] GET /api/agents/6aa26c7ce0ac9a5ee05d2b95/conversations/6aa26c825d5b4135ae6b48b5/messages -> HTTP 403 (next candidate)
[2026-09-21 22:11:21] GET /api/agents/6aa26c7ce0ac9a5ee05d2b95/conversations/6aa26c825d5b4135ae6b48b5 -> HTTP 403 (next candidate)
[2026-09-21 22:11:21] GET /api/agents/6aa26c7ce0ac9a5ee05d2b95/conversations -> HTTP 403 (next candidate)
[2026-09-21 22:11:31] GET /api/agents/6aa26c7ce0ac9a5ee05d2b95/conversations/6aa26c825d5b4135ae6b48b5/messages -> HTTP 403 (next candidate)
[2026-09-21 22:11:31] GET /api/agents/6aa26c7ce0ac9a5ee05d2b95/conversations/6aa26c825d5b4135ae6b48b5 -> HTTP 403 (next candidate)
[2026-09-21 22:11:31] GET /api/agents/6aa26c7ce0ac9a5ee05d2b95/conversations -> HTTP 403 (next candidate)
[2026-09-21 22:11:41] GET /api/agents/6aa26c7ce0ac9a5ee05d2b95/conversations/6aa26c825d5b4135ae6b48b5/messages -> HTTP 403 (next candidate)
[2026-09-21 22:11:41] GET /api/agents/6aa26c7ce0ac9a5ee05d2b95/conversations/6aa26c825d5b4135ae6b48b5 -> HTTP 403 (next candidate)
[2026-09-21 22:11:41] GET /api/agents/6aa26c7ce0ac9a5ee05d2b95/conversations -> HTTP 403 (next candidate)
[2026-09-21 22:11:52] GET /api/agents/6aa26c7ce0ac9a5ee05d2b95/conversations/6aa26c825d5b4135ae6b48b5/messages -> HTTP 403 (next candidate)
[2026-09-21 22:11:52] GET /api/agents/6aa26c7ce0ac9a5ee05d2b95/conversations/6aa26c825d5b4135ae6b48b5 -> HTTP 403 (next candidate)
[2026-09-21 22:11:52] GET /api/agents/6aa26c7ce0ac9a5ee05d2b95/conversations -> HTTP 403 (next candidate)
[2026-09-21 22:12:02] GET /api/agents/6aa26c7ce0ac9a5ee05d2b95/conversations/6aa26c825d5b4135ae6b48b5/messages -> HTTP 403 (next candidate)
[2026-09-21 22:12:02] GET /api/agents/6aa26c7ce0ac9a5ee05d2b95/conversations/6aa26c825d5b4135ae6b48b5 -> HTTP 403 (next candidate)
[2026-09-21 22:12:02] GET /api/agents/6aa26c7ce0ac9a5ee05d2b95/conversations -> HTTP 403 (next candidate)
[2026-09-21 22:12:12] GET /api/agents/6aa26c7ce0ac9a5ee05d2b95/conversations/6aa26c825d5b4135ae6b48b5/messages -> HTTP 403 (next candidate)
[2026-09-21 22:12:13] GET /api/agents/6aa26c7ce0ac9a5ee05d2b95/conversations/6aa26c825d5b4135ae6b48b5 -> HTTP 403 (next candidate)
[2026-09-21 22:12:13] GET /api/agents/6aa26c7ce0ac9a5ee05d2b95/conversations -> HTTP 403 (next candidate)
[2026-09-21 22:12:23] GET /api/agents/6aa26c7ce0ac9a5ee05d2b95/conversations/6aa26c825d5b4135ae6b48b5/messages -> HTTP 403 (next candidate)
[2026-09-21 22:12:23] GET /api/agents/6aa26c7ce0ac9a5ee05d2b95/conversations/6aa26c825d5b4135ae6b48b5 -> HTTP 403 (next candidate)
[2026-09-21 22:12:23] GET /api/agents/6aa26c7ce0ac9a5ee05d2b95/conversations -> HTTP 403 (next candidate)
[2026-09-21 22:12:33] GET /api/agents/6aa26c7ce0ac9a5ee05d2b95/conversations/6aa26c825d5b4135ae6b48b5/messages -> HTTP 403 (next candidate)
[2026-09-21 22:12:33] GET /api/agents/6aa26c7ce0ac9a5ee05d2b95/conversations/6aa26c825d5b4135ae6b48b5 -> HTTP 403 (next candidate)
[2026-09-21 22:12:33] GET /api/agents/6aa26c7ce0ac9a5ee05d2b95/conversations -> HTTP 403 (next candidate)
[2026-09-21 22:12:44] GET /api/agents/6aa26c7ce0ac9a5ee05d2b95/conversations/6aa26c825d5b4135ae6b48b5/messages -> HTTP 403 (next candidate)
[2026-09-21 22:12:44] GET /api/agents/6aa26c7ce0ac9a5ee05d2b95/conversations/6aa26c825d5b4135ae6b48b5 -> HTTP 403 (next candidate)
[2026-09-21 22:12:44] GET /api/agents/6aa26c7ce0ac9a5ee05d2b95/conversations -> HTTP 403 (next candidate)
[2026-09-21 22:12:54] GET /api/agents/6aa26c7ce0ac9a5ee05d2b95/conversations/6aa26c825d5b4135ae6b48b5/messages -> HTTP 403 (next candidate)
[2026-09-21 22:12:54] GET /api/agents/6aa26c7ce0ac9a5ee05d2b95/conversations/6aa26c825d5b4135ae6b48b5 -> HTTP 403 (next candidate)
[2026-09-21 22:12:54] GET /api/agents/6aa26c7ce0ac9a5ee05d2b95/conversations -> HTTP 403 (next candidate)
[2026-09-21 22:13:04] GET /api/agents/6aa26c7ce0ac9a5ee05d2b95/conversations/6aa26c825d5b4135ae6b48b5/messages -> HTTP 403 (next candidate)
[2026-09-21 22:13:04] GET /api/agents/6aa26c7ce0ac9a5ee05d2b95/conversations/6aa26c825d5b4135ae6b48b5 -> HTTP 403 (next candidate)
[2026-09-21 22:13:04] GET /api/agents/6aa26c7ce0ac9a5ee05d2b95/conversations -> HTTP 403 (next candidate)
[2026-09-21 22:13:15] GET /api/agents/6aa26c7ce0ac9a5ee05d2b95/conversations/6aa26c825d5b4135ae6b48b5/messages -> HTTP 403 (next candidate)
[2026-09-21 22:13:15] GET /api/agents/6aa26c7ce0ac9a5ee05d2b95/conversations/6aa26c825d5b4135ae6b48b5 -> HTTP 403 (next candidate)
[2026-09-21 22:13:15] GET /api/agents/6aa26c7ce0ac9a5ee05d2b95/conversations -> HTTP 403 (next candidate)
[2026-09-21 22:13:25] GET /api/agents/6aa26c7ce0ac9a5ee05d2b95/conversations/6aa26c825d5b4135ae6b48b5/messages -> HTTP 403 (next candidate)
[2026-09-21 22:13:25] GET /api/agents/6aa26c7ce0ac9a5ee05d2b95/conversations/6aa26c825d5b4135ae6b48b5 -> HTTP 403 (next candidate)
[2026-09-21 22:13:25] GET /api/agents/6aa26c7ce0ac9a5ee05d2b95/conversations -> HTTP 403 (next candidate)
[2026-09-21 22:13:35] GET /api/agents/6aa26c7ce0ac9a5ee05d2b95/conversations/6aa26c825d5b4135ae6b48b5/messages -> HTTP 403 (next candidate)
[2026-09-21 22:13:36] GET /api/agents/6aa26c7ce0ac9a5ee05d2b95/conversations/6aa26c825d5b4135ae6b48b5 -> HTTP 403 (next candidate)
[2026-09-21 22:13:36] GET /api/agents/6aa26c7ce0ac9a5ee05d2b95/conversations -> HTTP 403 (next candidate)
[2026-09-21 22:13:46] GET /api/agents/6aa26c7ce0ac9a5ee05d2b95/conversations/6aa26c825d5b4135ae6b48b5/messages -> HTTP 403 (next candidate)
[2026-09-21 22:13:46] GET /api/agents/6aa26c7ce0ac9a5ee05d2b95/conversations/6aa26c825d5b4135ae6b48b5 -> HTTP 403 (next candidate)
[2026-09-21 22:13:46] GET /api/agents/6aa26c7ce0ac9a5ee05d2b95/conversations -> HTTP 403 (next candidate)
[2026-09-21 22:13:56] GET /api/agents/6aa26c7ce0ac9a5ee05d2b95/conversations/6aa26c825d5b4135ae6b48b5/messages -> HTTP 403 (next candidate)
[2026-09-21 22:13:56] GET /api/agents/6aa26c7ce0ac9a5ee05d2b95/conversations/6aa26c825d5b4135ae6b48b5 -> HTTP 403 (next candidate)
[2026-09-21 22:13:56] GET /api/agents/6aa26c7ce0ac9a5ee05d2b95/conversations -> HTTP 403 (next candidate)
[2026-09-21 22:14:07] GET /api/agents/6aa26c7ce0ac9a5ee05d2b95/conversations/6aa26c825d5b4135ae6b48b5/messages -> HTTP 403 (next candidate)
[2026-09-21 22:14:07] GET /api/agents/6aa26c7ce0ac9a5ee05d2b95/conversations/6aa26c825d5b4135ae6b48b5 -> HTTP 403 (next candidate)
[2026-09-21 22:14:07] GET /api/agents/6aa26c7ce0ac9a5ee05d2b95/conversations -> HTTP 403 (next candidate)
[2026-09-21 22:14:17] GET /api/agents/6aa26c7ce0ac9a5ee05d2b95/conversations/6aa26c825d5b4135ae6b48b5/messages -> HTTP 403 (next candidate)
[2026-09-21 22:14:17] GET /api/agents/6aa26c7ce0ac9a5ee05d2b95/conversations/6aa26c825d5b4135ae6b48b5 -> HTTP 403 (next candidate)
[2026-09-21 22:14:17] GET /api/agents/6aa26c7ce0ac9a5ee05d2b95/conversations -> HTTP 403 (next candidate)
[2026-09-21 22:14:27] GET /api/agents/6aa26c7ce0ac9a5ee05d2b95/conversations/6aa26c825d5b4135ae6b48b5/messages -> HTTP 403 (next candidate)
[2026-09-21 22:14:27] GET /api/agents/6aa26c7ce0ac9a5ee05d2b95/conversations/6aa26c825d5b4135ae6b48b5 -> HTTP 403 (next candidate)
[2026-09-21 22:14:28] GET /api/agents/6aa26c7ce0ac9a5ee05d2b95/conversations -> HTTP 403 (next candidate)
[2026-09-21 22:14:38] GET /api/agents/6aa26c7ce0ac9a5ee05d2b95/conversations/6aa26c825d5b4135ae6b48b5/messages -> HTTP 403 (next candidate)
[2026-09-21 22:14:38] GET /api/agents/6aa26c7ce0ac9a5ee05d2b95/conversations/6aa26c825d5b4135ae6b48b5 -> HTTP 403 (next candidate)
[2026-09-21 22:14:38] GET /api/agents/6aa26c7ce0ac9a5ee05d2b95/conversations -> HTTP 403 (next candidate)
[2026-09-21 22:14:48] GET /api/agents/6aa26c7ce0ac9a5ee05d2b95/conversations/6aa26c825d5b4135ae6b48b5/messages -> HTTP 403 (next candidate)
[2026-09-21 22:14:48] GET /api/agents/6aa26c7ce0ac9a5ee05d2b95/conversations/6aa26c825d5b4135ae6b48b5 -> HTTP 403 (next candidate)
[2026-09-21 22:14:48] GET /api/agents/6aa26c7ce0ac9a5ee05d2b95/conversations -> HTTP 403 (next candidate)
[2026-09-21 22:14:58] GET /api/agents/6aa26c7ce0ac9a5ee05d2b95/conversations/6aa26c825d5b4135ae6b48b5/messages -> HTTP 403 (next candidate)
[2026-09-21 22:14:58] GET /api/agents/6aa26c7ce0ac9a5ee05d2b95/conversations/6aa26c825d5b4135ae6b48b5 -> HTTP 403 (next candidate)
[2026-09-21 22:14:59] GET /api/agents/6aa26c7ce0ac9a5ee05d2b95/conversations -> HTTP 403 (next candidate)
[2026-09-21 22:15:09] GET /api/agents/6aa26c7ce0ac9a5ee05d2b95/conversations/6aa26c825d5b4135ae6b48b5/messages -> HTTP 403 (next candidate)
[2026-09-21 22:15:09] GET /api/agents/6aa26c7ce0ac9a5ee05d2b95/conversations/6aa26c825d5b4135ae6b48b5 -> HTTP 403 (next candidate)
[2026-09-21 22:15:09] GET /api/agents/6aa26c7ce0ac9a5ee05d2b95/conversations -> HTTP 403 (next candidate)
[2026-09-21 22:15:19] GET /api/agents/6aa26c7ce0ac9a5ee05d2b95/conversations/6aa26c825d5b4135ae6b48b5/messages -> HTTP 403 (next candidate)
[2026-09-21 22:15:19] GET /api/agents/6aa26c7ce0ac9a5ee05d2b95/conversations/6aa26c825d5b4135ae6b48b5 -> HTTP 403 (next candidate)
[2026-09-21 22:15:19] GET /api/agents/6aa26c7ce0ac9a5ee05d2b95/conversations -> HTTP 403 (next candidate)
[2026-09-21 22:15:29] GET /api/agents/6aa26c7ce0ac9a5ee05d2b95/conversations/6aa26c825d5b4135ae6b48b5/messages -> HTTP 403 (next candidate)
[2026-09-21 22:15:30] GET /api/agents/6aa26c7ce0ac9a5ee05d2b95/conversations/6aa26c825d5b4135ae6b48b5 -> HTTP 403 (next candidate)
[2026-09-21 22:15:30] GET /api/agents/6aa26c7ce0ac9a5ee05d2b95/conversations -> HTTP 403 (next candidate)
[2026-09-21 22:15:40] GET /api/agents/6aa26c7ce0ac9a5ee05d2b95/conversations/6aa26c825d5b4135ae6b48b5/messages -> HTTP 403 (next candidate)
[2026-09-21 22:15:40] GET /api/agents/6aa26c7ce0ac9a5ee05d2b95/conversations/6aa26c825d5b4135ae6b48b5 -> HTTP 403 (next candidate)
[2026-09-21 22:15:40] GET /api/agents/6aa26c7ce0ac9a5ee05d2b95/conversations -> HTTP 403 (next candidate)
[2026-09-21 22:15:50] GET /api/agents/6aa26c7ce0ac9a5ee05d2b95/conversations/6aa26c825d5b4135ae6b48b5/messages -> HTTP 403 (next candidate)
[2026-09-21 22:15:50] GET /api/agents/6aa26c7ce0ac9a5ee05d2b95/conversations/6aa26c825d5b4135ae6b48b5 -> HTTP 403 (next candidate)
[2026-09-21 22:15:50] GET /api/agents/6aa26c7ce0ac9a5ee05d2b95/conversations -> HTTP 403 (next candidate)
[2026-09-21 22:16:00] GET /api/agents/6aa26c7ce0ac9a5ee05d2b95/conversations/6aa26c825d5b4135ae6b48b5/messages -> HTTP 403 (next candidate)
[2026-09-21 22:16:01] GET /api/agents/6aa26c7ce0ac9a5ee05d2b95/conversations/6aa26c825d5b4135ae6b48b5 -> HTTP 403 (next candidate)
[2026-09-21 22:16:01] GET /api/agents/6aa26c7ce0ac9a5ee05d2b95/conversations -> HTTP 403 (next candidate)
[2026-09-21 22:16:11] GET /api/agents/6aa26c7ce0ac9a5ee05d2b95/conversations/6aa26c825d5b4135ae6b48b5/messages -> HTTP 403 (next candidate)
[2026-09-21 22:16:11] GET /api/agents/6aa26c7ce0ac9a5ee05d2b95/conversations/6aa26c825d5b4135ae6b48b5 -> HTTP 403 (next candidate)
[2026-09-21 22:16:11] GET /api/agents/6aa26c7ce0ac9a5ee05d2b95/conversations -> HTTP 403 (next candidate)
[2026-09-21 22:16:21] GET /api/agents/6aa26c7ce0ac9a5ee05d2b95/conversations/6aa26c825d5b4135ae6b48b5/messages -> HTTP 403 (next candidate)
[2026-09-21 22:16:22] GET /api/agents/6aa26c7ce0ac9a5ee05d2b95/conversations/6aa26c825d5b4135ae6b48b5 -> HTTP 403 (next candidate)
[2026-09-21 22:16:22] GET /api/agents/6aa26c7ce0ac9a5ee05d2b95/conversations -> HTTP 403 (next candidate)
[2026-09-21 22:16:32] GET /api/agents/6aa26c7ce0ac9a5ee05d2b95/conversations/6aa26c825d5b4135ae6b48b5/messages -> HTTP 403 (next candidate)
[2026-09-21 22:16:32] GET /api/agents/6aa26c7ce0ac9a5ee05d2b95/conversations/6aa26c825d5b4135ae6b48b5 -> HTTP 403 (next candidate)
[2026-09-21 22:16:32] GET /api/agents/6aa26c7ce0ac9a5ee05d2b95/conversations -> HTTP 403 (next candidate)
[2026-09-21 22:16:42] GET /api/agents/6aa26c7ce0ac9a5ee05d2b95/conversations/6aa26c825d5b4135ae6b48b5/messages -> HTTP 403 (next candidate)
[2026-09-21 22:16:42] GET /api/agents/6aa26c7ce0ac9a5ee05d2b95/conversations/6aa26c825d5b4135ae6b48b5 -> HTTP 403 (next candidate)
[2026-09-21 22:16:42] GET /api/agents/6aa26c7ce0ac9a5ee05d2b95/conversations -> HTTP 403 (next candidate)
[2026-09-21 22:16:52] GET /api/agents/6aa26c7ce0ac9a5ee05d2b95/conversations/6aa26c825d5b4135ae6b48b5/messages -> HTTP 403 (next candidate)
[2026-09-21 22:16:53] GET /api/agents/6aa26c7ce0ac9a5ee05d2b95/conversations/6aa26c825d5b4135ae6b48b5 -> HTTP 403 (next candidate)
[2026-09-21 22:16:53] GET /api/agents/6aa26c7ce0ac9a5ee05d2b95/conversations -> HTTP 403 (next candidate)
[2026-09-21 22:17:03] GET /api/agents/6aa26c7ce0ac9a5ee05d2b95/conversations/6aa26c825d5b4135ae6b48b5/messages -> HTTP 403 (next candidate)
[2026-09-21 22:17:03] GET /api/agents/6aa26c7ce0ac9a5ee05d2b95/conversations/6aa26c825d5b4135ae6b48b5 -> HTTP 403 (next candidate)
[2026-09-21 22:17:03] GET /api/agents/6aa26c7ce0ac9a5ee05d2b95/conversations -> HTTP 403 (next candidate)
[2026-09-21 22:17:13] GET /api/agents/6aa26c7ce0ac9a5ee05d2b95/conversations/6aa26c825d5b4135ae6b48b5/messages -> HTTP 403 (next candidate)
[2026-09-21 22:17:13] GET /api/agents/6aa26c7ce0ac9a5ee05d2b95/conversations/6aa26c825d5b4135ae6b48b5 -> HTTP 403 (next candidate)
[2026-09-21 22:17:13] GET /api/agents/6aa26c7ce0ac9a5ee05d2b95/conversations -> HTTP 403 (next candidate)
[2026-09-21 22:17:23] GET /api/agents/6aa26c7ce0ac9a5ee05d2b95/conversations/6aa26c825d5b4135ae6b48b5/messages -> HTTP 403 (next candidate)
[2026-09-21 22:17:23] GET /api/agents/6aa26c7ce0ac9a5ee05d2b95/conversations/6aa26c825d5b4135ae6b48b5 -> HTTP 403 (next candidate)
[2026-09-21 22:17:24] GET /api/agents/6aa26c7ce0ac9a5ee05d2b95/conversations -> HTTP 403 (next candidate)
[2026-09-21 22:17:34] GET /api/agents/6aa26c7ce0ac9a5ee05d2b95/conversations/6aa26c825d5b4135ae6b48b5/messages -> HTTP 403 (next candidate)
[2026-09-21 22:17:34] GET /api/agents/6aa26c7ce0ac9a5ee05d2b95/conversations/6aa26c825d5b4135ae6b48b5 -> HTTP 403 (next candidate)
[2026-09-21 22:17:34] GET /api/agents/6aa26c7ce0ac9a5ee05d2b95/conversations -> HTTP 403 (next candidate)
[2026-09-21 22:17:44] GET /api/agents/6aa26c7ce0ac9a5ee05d2b95/conversations/6aa26c825d5b4135ae6b48b5/messages -> HTTP 403 (next candidate)
[2026-09-21 22:17:44] GET /api/agents/6aa26c7ce0ac9a5ee05d2b95/conversations/6aa26c825d5b4135ae6b48b5 -> HTTP 403 (next candidate)
[2026-09-21 22:17:44] GET /api/agents/6aa26c7ce0ac9a5ee05d2b95/conversations -> HTTP 403 (next candidate)
[2026-09-21 22:17:54] GET /api/agents/6aa26c7ce0ac9a5ee05d2b95/conversations/6aa26c825d5b4135ae6b48b5/messages -> HTTP 403 (next candidate)
[2026-09-21 22:17:54] GET /api/agents/6aa26c7ce0ac9a5ee05d2b95/conversations/6aa26c825d5b4135ae6b48b5 -> HTTP 403 (next candidate)
[2026-09-21 22:17:55] GET /api/agents/6aa26c7ce0ac9a5ee05d2b95/conversations -> HTTP 403 (next candidate)
[2026-09-21 22:18:05] GET /api/agents/6aa26c7ce0ac9a5ee05d2b95/conversations/6aa26c825d5b4135ae6b48b5/messages -> HTTP 403 (next candidate)
[2026-09-21 22:18:05] GET /api/agents/6aa26c7ce0ac9a5ee05d2b95/conversations/6aa26c825d5b4135ae6b48b5 -> HTTP 403 (next candidate)
[2026-09-21 22:18:05] GET /api/agents/6aa26c7ce0ac9a5ee05d2b95/conversations -> HTTP 403 (next candidate)
[2026-09-21 22:18:15] GET /api/agents/6aa26c7ce0ac9a5ee05d2b95/conversations/6aa26c825d5b4135ae6b48b5/messages -> HTTP 403 (next candidate)
[2026-09-21 22:18:15] GET /api/agents/6aa26c7ce0ac9a5ee05d2b95/conversations/6aa26c825d5b4135ae6b48b5 -> HTTP 403 (next candidate)
[2026-09-21 22:18:15] GET /api/agents/6aa26c7ce0ac9a5ee05d2b95/conversations -> HTTP 403 (next candidate)
[2026-09-21 22:18:25] GET /api/agents/6aa26c7ce0ac9a5ee05d2b95/conversations/6aa26c825d5b4135ae6b48b5/messages -> HTTP 403 (next candidate)
[2026-09-21 22:18:25] GET /api/agents/6aa26c7ce0ac9a5ee05d2b95/conversations/6aa26c825d5b4135ae6b48b5 -> HTTP 403 (next candidate)
[2026-09-21 22:18:25] GET /api/agents/6aa26c7ce0ac9a5ee05d2b95/conversations -> HTTP 403 (next candidate)
[2026-09-21 22:18:36] GET /api/agents/6aa26c7ce0ac9a5ee05d2b95/conversations/6aa26c825d5b4135ae6b48b5/messages -> HTTP 403 (next candidate)
[2026-09-21 22:18:36] GET /api/agents/6aa26c7ce0ac9a5ee05d2b95/conversations/6aa26c825d5b4135ae6b48b5 -> HTTP 403 (next candidate)
[2026-09-21 22:18:36] GET /api/agents/6aa26c7ce0ac9a5ee05d2b95/conversations -> HTTP 403 (next candidate)
[2026-09-21 22:18:46] GET /api/agents/6aa26c7ce0ac9a5ee05d2b95/conversations/6aa26c825d5b4135ae6b48b5/messages -> HTTP 403 (next candidate)
[2026-09-21 22:18:46] GET /api/agents/6aa26c7ce0ac9a5ee05d2b95/conversations/6aa26c825d5b4135ae6b48b5 -> HTTP 403 (next candidate)
[2026-09-21 22:18:46] GET /api/agents/6aa26c7ce0ac9a5ee05d2b95/conversations -> HTTP 403 (next candidate)
[2026-09-21 22:18:56] GET /api/agents/6aa26c7ce0ac9a5ee05d2b95/conversations/6aa26c825d5b4135ae6b48b5/messages -> HTTP 403 (next candidate)
[2026-09-21 22:18:57] GET /api/agents/6aa26c7ce0ac9a5ee05d2b95/conversations/6aa26c825d5b4135ae6b48b5 -> HTTP 403 (next candidate)
[2026-09-21 22:18:57] GET /api/agents/6aa26c7ce0ac9a5ee05d2b95/conversations -> HTTP 403 (next candidate)
[2026-09-21 22:19:07] GET /api/agents/6aa26c7ce0ac9a5ee05d2b95/conversations/6aa26c825d5b4135ae6b48b5/messages -> HTTP 403 (next candidate)
[2026-09-21 22:19:07] GET /api/agents/6aa26c7ce0ac9a5ee05d2b95/conversations/6aa26c825d5b4135ae6b48b5 -> HTTP 403 (next candidate)
[2026-09-21 22:19:07] GET /api/agents/6aa26c7ce0ac9a5ee05d2b95/conversations -> HTTP 403 (next candidate)
[2026-09-21 22:19:17] GET /api/agents/6aa26c7ce0ac9a5ee05d2b95/conversations/6aa26c825d5b4135ae6b48b5/messages -> HTTP 403 (next candidate)
[2026-09-21 22:19:17] GET /api/agents/6aa26c7ce0ac9a5ee05d2b95/conversations/6aa26c825d5b4135ae6b48b5 -> HTTP 403 (next candidate)
[2026-09-21 22:19:18] GET /api/agents/6aa26c7ce0ac9a5ee05d2b95/conversations -> HTTP 403 (next candidate)
[2026-09-21 22:19:28] GET /api/agents/6aa26c7ce0ac9a5ee05d2b95/conversations/6aa26c825d5b4135ae6b48b5/messages -> HTTP 403 (next candidate)
[2026-09-21 22:19:28] GET /api/agents/6aa26c7ce0ac9a5ee05d2b95/conversations/6aa26c825d5b4135ae6b48b5 -> HTTP 403 (next candidate)
[2026-09-21 22:19:28] GET /api/agents/6aa26c7ce0ac9a5ee05d2b95/conversations -> HTTP 403 (next candidate)
[2026-09-21 22:19:38] GET /api/agents/6aa26c7ce0ac9a5ee05d2b95/conversations/6aa26c825d5b4135ae6b48b5/messages -> HTTP 403 (next candidate)
[2026-09-21 22:19:38] GET /api/agents/6aa26c7ce0ac9a5ee05d2b95/conversations/6aa26c825d5b4135ae6b48b5 -> HTTP 403 (next candidate)
[2026-09-21 22:19:38] GET /api/agents/6aa26c7ce0ac9a5ee05d2b95/conversations -> HTTP 403 (next candidate)
[2026-09-21 22:19:48] GET /api/agents/6aa26c7ce0ac9a5ee05d2b95/conversations/6aa26c825d5b4135ae6b48b5/messages -> HTTP 403 (next candidate)
[2026-09-21 22:19:48] GET /api/agents/6aa26c7ce0ac9a5ee05d2b95/conversations/6aa26c825d5b4135ae6b48b5 -> HTTP 403 (next candidate)
[2026-09-21 22:19:49] GET /api/agents/6aa26c7ce0ac9a5ee05d2b95/conversations -> HTTP 403 (next candidate)
[2026-09-21 22:19:59] GET /api/agents/6aa26c7ce0ac9a5ee05d2b95/conversations/6aa26c825d5b4135ae6b48b5/messages -> HTTP 403 (next candidate)
[2026-09-21 22:19:59] GET /api/agents/6aa26c7ce0ac9a5ee05d2b95/conversations/6aa26c825d5b4135ae6b48b5 -> HTTP 403 (next candidate)
[2026-09-21 22:19:59] GET /api/agents/6aa26c7ce0ac9a5ee05d2b95/conversations -> HTTP 403 (next candidate)
[2026-09-21 22:20:09] GET /api/agents/6aa26c7ce0ac9a5ee05d2b95/conversations/6aa26c825d5b4135ae6b48b5/messages -> HTTP 403 (next candidate)
[2026-09-21 22:20:09] GET /api/agents/6aa26c7ce0ac9a5ee05d2b95/conversations/6aa26c825d5b4135ae6b48b5 -> HTTP 403 (next candidate)
[2026-09-21 22:20:09] GET /api/agents/6aa26c7ce0ac9a5ee05d2b95/conversations -> HTTP 403 (next candidate)
[2026-09-21 22:20:20] GET /api/agents/6aa26c7ce0ac9a5ee05d2b95/conversations/6aa26c825d5b4135ae6b48b5/messages -> HTTP 403 (next candidate)
[2026-09-21 22:20:20] GET /api/agents/6aa26c7ce0ac9a5ee05d2b95/conversations/6aa26c825d5b4135ae6b48b5 -> HTTP 403 (next candidate)
[2026-09-21 22:20:20] GET /api/agents/6aa26c7ce0ac9a5ee05d2b95/conversations -> HTTP 403 (next candidate)
[2026-09-21 22:20:30] GET /api/agents/6aa26c7ce0ac9a5ee05d2b95/conversations/6aa26c825d5b4135ae6b48b5/messages -> HTTP 403 (next candidate)
[2026-09-21 22:20:30] GET /api/agents/6aa26c7ce0ac9a5ee05d2b95/conversations/6aa26c825d5b4135ae6b48b5 -> HTTP 403 (next candidate)
[2026-09-21 22:20:30] GET /api/agents/6aa26c7ce0ac9a5ee05d2b95/conversations -> HTTP 403 (next candidate)
[2026-09-21 22:20:40] GET /api/agents/6aa26c7ce0ac9a5ee05d2b95/conversations/6aa26c825d5b4135ae6b48b5/messages -> HTTP 403 (next candidate)
[2026-09-21 22:20:41] GET /api/agents/6aa26c7ce0ac9a5ee05d2b95/conversations/6aa26c825d5b4135ae6b48b5 -> HTTP 403 (next candidate)
[2026-09-21 22:20:41] GET /api/agents/6aa26c7ce0ac9a5ee05d2b95/conversations -> HTTP 403 (next candidate)
[2026-09-21 22:20:51] GET /api/agents/6aa26c7ce0ac9a5ee05d2b95/conversations/6aa26c825d5b4135ae6b48b5/messages -> HTTP 403 (next candidate)
[2026-09-21 22:20:51] GET /api/agents/6aa26c7ce0ac9a5ee05d2b95/conversations/6aa26c825d5b4135ae6b48b5 -> HTTP 403 (next candidate)
[2026-09-21 22:20:51] GET /api/agents/6aa26c7ce0ac9a5ee05d2b95/conversations -> HTTP 403 (next candidate)
[2026-09-21 22:21:01] GET /api/agents/6aa26c7ce0ac9a5ee05d2b95/conversations/6aa26c825d5b4135ae6b48b5/messages -> HTTP 403 (next candidate)
[2026-09-21 22:21:01] GET /api/agents/6aa26c7ce0ac9a5ee05d2b95/conversations/6aa26c825d5b4135ae6b48b5 -> HTTP 403 (next candidate)
[2026-09-21 22:21:01] GET /api/agents/6aa26c7ce0ac9a5ee05d2b95/conversations -> HTTP 403 (next candidate)
[2026-09-21 22:21:11] GET /api/agents/6aa26c7ce0ac9a5ee05d2b95/conversations/6aa26c825d5b4135ae6b48b5/messages -> HTTP 403 (next candidate)
[2026-09-21 22:21:12] GET /api/agents/6aa26c7ce0ac9a5ee05d2b95/conversations/6aa26c825d5b4135ae6b48b5 -> HTTP 403 (next candidate)
[2026-09-21 22:21:12] GET /api/agents/6aa26c7ce0ac9a5ee05d2b95/conversations -> HTTP 403 (next candidate)
[2026-09-21 22:21:22] GET /api/agents/6aa26c7ce0ac9a5ee05d2b95/conversations/6aa26c825d5b4135ae6b48b5/messages -> HTTP 403 (next candidate)
[2026-09-21 22:21:22] GET /api/agents/6aa26c7ce0ac9a5ee05d2b95/conversations/6aa26c825d5b4135ae6b48b5 -> HTTP 403 (next candidate)
[2026-09-21 22:21:22] GET /api/agents/6aa26c7ce0ac9a5ee05d2b95/conversations -> HTTP 403 (next candidate)
[2026-09-21 22:21:32] GET /api/agents/6aa26c7ce0ac9a5ee05d2b95/conversations/6aa26c825d5b4135ae6b48b5/messages -> HTTP 403 (next candidate)
[2026-09-21 22:21:32] GET /api/agents/6aa26c7ce0ac9a5ee05d2b95/conversations/6aa26c825d5b4135ae6b48b5 -> HTTP 403 (next candidate)
[2026-09-21 22:21:32] GET /api/agents/6aa26c7ce0ac9a5ee05d2b95/conversations -> HTTP 403 (next candidate)
[2026-09-21 22:21:42] GET /api/agents/6aa26c7ce0ac9a5ee05d2b95/conversations/6aa26c825d5b4135ae6b48b5/messages -> HTTP 403 (next candidate)
[2026-09-21 22:21:43] GET /api/agents/6aa26c7ce0ac9a5ee05d2b95/conversations/6aa26c825d5b4135ae6b48b5 -> HTTP 403 (next candidate)
[2026-09-21 22:21:43] GET /api/agents/6aa26c7ce0ac9a5ee05d2b95/conversations -> HTTP 403 (next candidate)
[2026-09-21 22:21:53] GET /api/agents/6aa26c7ce0ac9a5ee05d2b95/conversations/6aa26c825d5b4135ae6b48b5/messages -> HTTP 403 (next candidate)
[2026-09-21 22:21:53] GET /api/agents/6aa26c7ce0ac9a5ee05d2b95/conversations/6aa26c825d5b4135ae6b48b5 -> HTTP 403 (next candidate)
[2026-09-21 22:21:53] GET /api/agents/6aa26c7ce0ac9a5ee05d2b95/conversations -> HTTP 403 (next candidate)
[2026-09-21 22:22:03] GET /api/agents/6aa26c7ce0ac9a5ee05d2b95/conversations/6aa26c825d5b4135ae6b48b5/messages -> HTTP 403 (next candidate)
[2026-09-21 22:22:03] GET /api/agents/6aa26c7ce0ac9a5ee05d2b95/conversations/6aa26c825d5b4135ae6b48b5 -> HTTP 403 (next candidate)
[2026-09-21 22:22:04] GET /api/agents/6aa26c7ce0ac9a5ee05d2b95/conversations -> HTTP 403 (next candidate)
[2026-09-21 22:22:14] GET /api/agents/6aa26c7ce0ac9a5ee05d2b95/conversations/6aa26c825d5b4135ae6b48b5/messages -> HTTP 403 (next candidate)
[2026-09-21 22:22:14] GET /api/agents/6aa26c7ce0ac9a5ee05d2b95/conversations/6aa26c825d5b4135ae6b48b5 -> HTTP 403 (next candidate)
[2026-09-21 22:22:14] GET /api/agents/6aa26c7ce0ac9a5ee05d2b95/conversations -> HTTP 403 (next candidate)
[2026-09-21 22:22:24] GET /api/agents/6aa26c7ce0ac9a5ee05d2b95/conversations/6aa26c825d5b4135ae6b48b5/messages -> HTTP 403 (next candidate)
[2026-09-21 22:22:24] GET /api/agents/6aa26c7ce0ac9a5ee05d2b95/conversations/6aa26c825d5b4135ae6b48b5 -> HTTP 403 (next candidate)
[2026-09-21 22:22:24] GET /api/agents/6aa26c7ce0ac9a5ee05d2b95/conversations -> HTTP 403 (next candidate)
[2026-09-21 22:22:34] GET /api/agents/6aa26c7ce0ac9a5ee05d2b95/conversations/6aa26c825d5b4135ae6b48b5/messages -> HTTP 403 (next candidate)
[2026-09-21 22:22:34] GET /api/agents/6aa26c7ce0ac9a5ee05d2b95/conversations/6aa26c825d5b4135ae6b48b5 -> HTTP 403 (next candidate)
[2026-09-21 22:22:34] GET /api/agents/6aa26c7ce0ac9a5ee05d2b95/conversations -> HTTP 403 (next candidate)
[2026-09-21 22:22:45] GET /api/agents/6aa26c7ce0ac9a5ee05d2b95/conversations/6aa26c825d5b4135ae6b48b5/messages -> HTTP 403 (next candidate)
[2026-09-21 22:22:45] GET /api/agents/6aa26c7ce0ac9a5ee05d2b95/conversations/6aa26c825d5b4135ae6b48b5 -> HTTP 403 (next candidate)
[2026-09-21 22:22:45] GET /api/agents/6aa26c7ce0ac9a5ee05d2b95/conversations -> HTTP 403 (next candidate)
[2026-09-21 22:22:55] GET /api/agents/6aa26c7ce0ac9a5ee05d2b95/conversations/6aa26c825d5b4135ae6b48b5/messages -> HTTP 403 (next candidate)
[2026-09-21 22:22:55] GET /api/agents/6aa26c7ce0ac9a5ee05d2b95/conversations/6aa26c825d5b4135ae6b48b5 -> HTTP 403 (next candidate)
[2026-09-21 22:22:55] GET /api/agents/6aa26c7ce0ac9a5ee05d2b95/conversations -> HTTP 403 (next candidate)
[2026-09-21 22:23:06] GET /api/agents/6aa26c7ce0ac9a5ee05d2b95/conversations/6aa26c825d5b4135ae6b48b5/messages -> HTTP 403 (next candidate)
[2026-09-21 22:23:06] GET /api/agents/6aa26c7ce0ac9a5ee05d2b95/conversations/6aa26c825d5b4135ae6b48b5 -> HTTP 403 (next candidate)
[2026-09-21 22:23:06] GET /api/agents/6aa26c7ce0ac9a5ee05d2b95/conversations -> HTTP 403 (next candidate)
[2026-09-21 22:23:16] GET /api/agents/6aa26c7ce0ac9a5ee05d2b95/conversations/6aa26c825d5b4135ae6b48b5/messages -> HTTP 403 (next candidate)
[2026-09-21 22:23:16] GET /api/agents/6aa26c7ce0ac9a5ee05d2b95/conversations/6aa26c825d5b4135ae6b48b5 -> HTTP 403 (next candidate)
[2026-09-21 22:23:16] GET /api/agents/6aa26c7ce0ac9a5ee05d2b95/conversations -> HTTP 403 (next candidate)
[2026-09-21 22:23:26] GET /api/agents/6aa26c7ce0ac9a5ee05d2b95/conversations/6aa26c825d5b4135ae6b48b5/messages -> HTTP 403 (next candidate)
[2026-09-21 22:23:27] GET /api/agents/6aa26c7ce0ac9a5ee05d2b95/conversations/6aa26c825d5b4135ae6b48b5 -> HTTP 403 (next candidate)
[2026-09-21 22:23:27] GET /api/agents/6aa26c7ce0ac9a5ee05d2b95/conversations -> HTTP 403 (next candidate)
[2026-09-21 22:23:37] GET /api/agents/6aa26c7ce0ac9a5ee05d2b95/conversations/6aa26c825d5b4135ae6b48b5/messages -> HTTP 403 (next candidate)
[2026-09-21 22:23:37] GET /api/agents/6aa26c7ce0ac9a5ee05d2b95/conversations/6aa26c825d5b4135ae6b48b5 -> HTTP 403 (next candidate)
[2026-09-21 22:23:37] GET /api/agents/6aa26c7ce0ac9a5ee05d2b95/conversations -> HTTP 403 (next candidate)
[2026-09-21 22:23:47] GET /api/agents/6aa26c7ce0ac9a5ee05d2b95/conversations/6aa26c825d5b4135ae6b48b5/messages -> HTTP 403 (next candidate)
[2026-09-21 22:23:47] GET /api/agents/6aa26c7ce0ac9a5ee05d2b95/conversations/6aa26c825d5b4135ae6b48b5 -> HTTP 403 (next candidate)
[2026-09-21 22:23:47] GET /api/agents/6aa26c7ce0ac9a5ee05d2b95/conversations -> HTTP 403 (next candidate)
[2026-09-21 22:23:57] GET /api/agents/6aa26c7ce0ac9a5ee05d2b95/conversations/6aa26c825d5b4135ae6b48b5/messages -> HTTP 403 (next candidate)
[2026-09-21 22:23:57] GET /api/agents/6aa26c7ce0ac9a5ee05d2b95/conversations/6aa26c825d5b4135ae6b48b5 -> HTTP 403 (next candidate)
[2026-09-21 22:23:58] GET /api/agents/6aa26c7ce0ac9a5ee05d2b95/conversations -> HTTP 403 (next candidate)
[2026-09-21 22:24:08] GET /api/agents/6aa26c7ce0ac9a5ee05d2b95/conversations/6aa26c825d5b4135ae6b48b5/messages -> HTTP 403 (next candidate)
[2026-09-21 22:24:08] GET /api/agents/6aa26c7ce0ac9a5ee05d2b95/conversations/6aa26c825d5b4135ae6b48b5 -> HTTP 403 (next candidate)
[2026-09-21 22:24:08] GET /api/agents/6aa26c7ce0ac9a5ee05d2b95/conversations -> HTTP 403 (next candidate)
[2026-09-21 22:24:18] GET /api/agents/6aa26c7ce0ac9a5ee05d2b95/conversations/6aa26c825d5b4135ae6b48b5/messages -> HTTP 403 (next candidate)
[2026-09-21 22:24:18] GET /api/agents/6aa26c7ce0ac9a5ee05d2b95/conversations/6aa26c825d5b4135ae6b48b5 -> HTTP 403 (next candidate)
[2026-09-21 22:24:18] GET /api/agents/6aa26c7ce0ac9a5ee05d2b95/conversations -> HTTP 403 (next candidate)
[2026-09-21 22:24:29] GET /api/agents/6aa26c7ce0ac9a5ee05d2b95/conversations/6aa26c825d5b4135ae6b48b5/messages -> HTTP 403 (next candidate)
[2026-09-21 22:24:29] GET /api/agents/6aa26c7ce0ac9a5ee05d2b95/conversations/6aa26c825d5b4135ae6b48b5 -> HTTP 403 (next candidate)
[2026-09-21 22:24:29] GET /api/agents/6aa26c7ce0ac9a5ee05d2b95/conversations -> HTTP 403 (next candidate)
[2026-09-21 22:24:39] GET /api/agents/6aa26c7ce0ac9a5ee05d2b95/conversations/6aa26c825d5b4135ae6b48b5/messages -> HTTP 403 (next candidate)
[2026-09-21 22:24:39] GET /api/agents/6aa26c7ce0ac9a5ee05d2b95/conversations/6aa26c825d5b4135ae6b48b5 -> HTTP 403 (next candidate)
[2026-09-21 22:24:39] GET /api/agents/6aa26c7ce0ac9a5ee05d2b95/conversations -> HTTP 403 (next candidate)
[2026-09-21 22:24:49] GET /api/agents/6aa26c7ce0ac9a5ee05d2b95/conversations/6aa26c825d5b4135ae6b48b5/messages -> HTTP 403 (next candidate)
[2026-09-21 22:24:49] GET /api/agents/6aa26c7ce0ac9a5ee05d2b95/conversations/6aa26c825d5b4135ae6b48b5 -> HTTP 403 (next candidate)
[2026-09-21 22:24:49] GET /api/agents/6aa26c7ce0ac9a5ee05d2b95/conversations -> HTTP 403 (next candidate)
[2026-09-21 22:25:00] GET /api/agents/6aa26c7ce0ac9a5ee05d2b95/conversations/6aa26c825d5b4135ae6b48b5/messages -> HTTP 403 (next candidate)
[2026-09-21 22:25:00] GET /api/agents/6aa26c7ce0ac9a5ee05d2b95/conversations/6aa26c825d5b4135ae6b48b5 -> HTTP 403 (next candidate)
[2026-09-21 22:25:00] GET /api/agents/6aa26c7ce0ac9a5ee05d2b95/conversations -> HTTP 403 (next candidate)
[2026-09-21 22:25:10] GET /api/agents/6aa26c7ce0ac9a5ee05d2b95/conversations/6aa26c825d5b4135ae6b48b5/messages -> HTTP 403 (next candidate)
[2026-09-21 22:25:10] GET /api/agents/6aa26c7ce0ac9a5ee05d2b95/conversations/6aa26c825d5b4135ae6b48b5 -> HTTP 403 (next candidate)
[2026-09-21 22:25:10] GET /api/agents/6aa26c7ce0ac9a5ee05d2b95/conversations -> HTTP 403 (next candidate)
[2026-09-21 22:25:20] GET /api/agents/6aa26c7ce0ac9a5ee05d2b95/conversations/6aa26c825d5b4135ae6b48b5/messages -> HTTP 403 (next candidate)
[2026-09-21 22:25:20] GET /api/agents/6aa26c7ce0ac9a5ee05d2b95/conversations/6aa26c825d5b4135ae6b48b5 -> HTTP 403 (next candidate)
[2026-09-21 22:25:21] GET /api/agents/6aa26c7ce0ac9a5ee05d2b95/conversations -> HTTP 403 (next candidate)
[2026-09-21 22:25:31] GET /api/agents/6aa26c7ce0ac9a5ee05d2b95/conversations/6aa26c825d5b4135ae6b48b5/messages -> HTTP 403 (next candidate)
[2026-09-21 22:25:31] GET /api/agents/6aa26c7ce0ac9a5ee05d2b95/conversations/6aa26c825d5b4135ae6b48b5 -> HTTP 403 (next candidate)
[2026-09-21 22:25:31] GET /api/agents/6aa26c7ce0ac9a5ee05d2b95/conversations -> HTTP 403 (next candidate)
[2026-09-21 22:25:41] GET /api/agents/6aa26c7ce0ac9a5ee05d2b95/conversations/6aa26c825d5b4135ae6b48b5/messages -> HTTP 403 (next candidate)
[2026-09-21 22:25:41] GET /api/agents/6aa26c7ce0ac9a5ee05d2b95/conversations/6aa26c825d5b4135ae6b48b5 -> HTTP 403 (next candidate)
[2026-09-21 22:25:42] GET /api/agents/6aa26c7ce0ac9a5ee05d2b95/conversations -> HTTP 403 (next candidate)
[2026-09-21 22:25:52] GET /api/agents/6aa26c7ce0ac9a5ee05d2b95/conversations/6aa26c825d5b4135ae6b48b5/messages -> HTTP 403 (next candidate)
[2026-09-21 22:25:52] GET /api/agents/6aa26c7ce0ac9a5ee05d2b95/conversations/6aa26c825d5b4135ae6b48b5 -> HTTP 403 (next candidate)
[2026-09-21 22:25:52] GET /api/agents/6aa26c7ce0ac9a5ee05d2b95/conversations -> HTTP 403 (next candidate)
[2026-09-21 22:26:02] GET /api/agents/6aa26c7ce0ac9a5ee05d2b95/conversations/6aa26c825d5b4135ae6b48b5/messages -> HTTP 403 (next candidate)
[2026-09-21 22:26:02] GET /api/agents/6aa26c7ce0ac9a5ee05d2b95/conversations/6aa26c825d5b4135ae6b48b5 -> HTTP 403 (next candidate)
[2026-09-21 22:26:02] GET /api/agents/6aa26c7ce0ac9a5ee05d2b95/conversations -> HTTP 403 (next candidate)
[2026-09-21 22:26:12] GET /api/agents/6aa26c7ce0ac9a5ee05d2b95/conversations/6aa26c825d5b4135ae6b48b5/messages -> HTTP 403 (next candidate)
[2026-09-21 22:26:12] GET /api/agents/6aa26c7ce0ac9a5ee05d2b95/conversations/6aa26c825d5b4135ae6b48b5 -> HTTP 403 (next candidate)
[2026-09-21 22:26:13] GET /api/agents/6aa26c7ce0ac9a5ee05d2b95/conversations -> HTTP 403 (next candidate)
[2026-09-21 22:26:23] GET /api/agents/6aa26c7ce0ac9a5ee05d2b95/conversations/6aa26c825d5b4135ae6b48b5/messages -> HTTP 403 (next candidate)
[2026-09-21 22:26:23] GET /api/agents/6aa26c7ce0ac9a5ee05d2b95/conversations/6aa26c825d5b4135ae6b48b5 -> HTTP 403 (next candidate)
[2026-09-21 22:26:23] GET /api/agents/6aa26c7ce0ac9a5ee05d2b95/conversations -> HTTP 403 (next candidate)
[2026-09-21 22:26:33] GET /api/agents/6aa26c7ce0ac9a5ee05d2b95/conversations/6aa26c825d5b4135ae6b48b5/messages -> HTTP 403 (next candidate)
[2026-09-21 22:26:33] GET /api/agents/6aa26c7ce0ac9a5ee05d2b95/conversations/6aa26c825d5b4135ae6b48b5 -> HTTP 403 (next candidate)
[2026-09-21 22:26:33] GET /api/agents/6aa26c7ce0ac9a5ee05d2b95/conversations -> HTTP 403 (next candidate)
[2026-09-21 22:26:43] GET /api/agents/6aa26c7ce0ac9a5ee05d2b95/conversations/6aa26c825d5b4135ae6b48b5/messages -> HTTP 403 (next candidate)
[2026-09-21 22:26:44] GET /api/agents/6aa26c7ce0ac9a5ee05d2b95/conversations/6aa26c825d5b4135ae6b48b5 -> HTTP 403 (next candidate)
[2026-09-21 22:26:44] GET /api/agents/6aa26c7ce0ac9a5ee05d2b95/conversations -> HTTP 403 (next candidate)
[2026-09-21 22:26:54] GET /api/agents/6aa26c7ce0ac9a5ee05d2b95/conversations/6aa26c825d5b4135ae6b48b5/messages -> HTTP 403 (next candidate)
[2026-09-21 22:26:54] GET /api/agents/6aa26c7ce0ac9a5ee05d2b95/conversations/6aa26c825d5b4135ae6b48b5 -> HTTP 403 (next candidate)
[2026-09-21 22:26:55] GET /api/agents/6aa26c7ce0ac9a5ee05d2b95/conversations -> HTTP 403 (next candidate)
[2026-09-21 22:27:05] GET /api/agents/6aa26c7ce0ac9a5ee05d2b95/conversations/6aa26c825d5b4135ae6b48b5/messages -> HTTP 403 (next candidate)
[2026-09-21 22:27:05] GET /api/agents/6aa26c7ce0ac9a5ee05d2b95/conversations/6aa26c825d5b4135ae6b48b5 -> HTTP 403 (next candidate)
[2026-09-21 22:27:05] GET /api/agents/6aa26c7ce0ac9a5ee05d2b95/conversations -> HTTP 403 (next candidate)
[2026-09-21 22:27:15] GET /api/agents/6aa26c7ce0ac9a5ee05d2b95/conversations/6aa26c825d5b4135ae6b48b5/messages -> HTTP 403 (next candidate)
[2026-09-21 22:27:15] GET /api/agents/6aa26c7ce0ac9a5ee05d2b95/conversations/6aa26c825d5b4135ae6b48b5 -> HTTP 403 (next candidate)
[2026-09-21 22:27:15] GET /api/agents/6aa26c7ce0ac9a5ee05d2b95/conversations -> HTTP 403 (next candidate)
[2026-09-21 22:27:25] GET /api/agents/6aa26c7ce0ac9a5ee05d2b95/conversations/6aa26c825d5b4135ae6b48b5/messages -> HTTP 403 (next candidate)
[2026-09-21 22:27:25] GET /api/agents/6aa26c7ce0ac9a5ee05d2b95/conversations/6aa26c825d5b4135ae6b48b5 -> HTTP 403 (next candidate)
[2026-09-21 22:27:26] GET /api/agents/6aa26c7ce0ac9a5ee05d2b95/conversations -> HTTP 403 (next candidate)
[2026-09-21 22:27:36] GET /api/agents/6aa26c7ce0ac9a5ee05d2b95/conversations/6aa26c825d5b4135ae6b48b5/messages -> HTTP 403 (next candidate)
[2026-09-21 22:27:36] GET /api/agents/6aa26c7ce0ac9a5ee05d2b95/conversations/6aa26c825d5b4135ae6b48b5 -> HTTP 403 (next candidate)
[2026-09-21 22:27:36] GET /api/agents/6aa26c7ce0ac9a5ee05d2b95/conversations -> HTTP 403 (next candidate)
[2026-09-21 22:27:46] GET /api/agents/6aa26c7ce0ac9a5ee05d2b95/conversations/6aa26c825d5b4135ae6b48b5/messages -> HTTP 403 (next candidate)
[2026-09-21 22:27:46] GET /api/agents/6aa26c7ce0ac9a5ee05d2b95/conversations/6aa26c825d5b4135ae6b48b5 -> HTTP 403 (next candidate)
[2026-09-21 22:27:46] GET /api/agents/6aa26c7ce0ac9a5ee05d2b95/conversations -> HTTP 403 (next candidate)
[2026-09-21 22:27:56] GET /api/agents/6aa26c7ce0ac9a5ee05d2b95/conversations/6aa26c825d5b4135ae6b48b5/messages -> HTTP 403 (next candidate)
[2026-09-21 22:27:57] GET /api/agents/6aa26c7ce0ac9a5ee05d2b95/conversations/6aa26c825d5b4135ae6b48b5 -> HTTP 403 (next candidate)
[2026-09-21 22:27:57] GET /api/agents/6aa26c7ce0ac9a5ee05d2b95/conversations -> HTTP 403 (next candidate)
[2026-09-21 22:28:07] GET /api/agents/6aa26c7ce0ac9a5ee05d2b95/conversations/6aa26c825d5b4135ae6b48b5/messages -> HTTP 403 (next candidate)
[2026-09-21 22:28:07] GET /api/agents/6aa26c7ce0ac9a5ee05d2b95/conversations/6aa26c825d5b4135ae6b48b5 -> HTTP 403 (next candidate)
[2026-09-21 22:28:07] GET /api/agents/6aa26c7ce0ac9a5ee05d2b95/conversations -> HTTP 403 (next candidate)
[2026-09-21 22:28:17] GET /api/agents/6aa26c7ce0ac9a5ee05d2b95/conversations/6aa26c825d5b4135ae6b48b5/messages -> HTTP 403 (next candidate)
[2026-09-21 22:28:17] GET /api/agents/6aa26c7ce0ac9a5ee05d2b95/conversations/6aa26c825d5b4135ae6b48b5 -> HTTP 403 (next candidate)
[2026-09-21 22:28:17] GET /api/agents/6aa26c7ce0ac9a5ee05d2b95/conversations -> HTTP 403 (next candidate)
[2026-09-21 22:28:28] GET /api/agents/6aa26c7ce0ac9a5ee05d2b95/conversations/6aa26c825d5b4135ae6b48b5/messages -> HTTP 403 (next candidate)
[2026-09-21 22:28:28] GET /api/agents/6aa26c7ce0ac9a5ee05d2b95/conversations/6aa26c825d5b4135ae6b48b5 -> HTTP 403 (next candidate)
[2026-09-21 22:28:28] GET /api/agents/6aa26c7ce0ac9a5ee05d2b95/conversations -> HTTP 403 (next candidate)
[2026-09-21 22:28:38] GET /api/agents/6aa26c7ce0ac9a5ee05d2b95/conversations/6aa26c825d5b4135ae6b48b5/messages -> HTTP 403 (next candidate)
[2026-09-21 22:28:38] GET /api/agents/6aa26c7ce0ac9a5ee05d2b95/conversations/6aa26c825d5b4135ae6b48b5 -> HTTP 403 (next candidate)
[2026-09-21 22:28:38] GET /api/agents/6aa26c7ce0ac9a5ee05d2b95/conversations -> HTTP 403 (next candidate)
[2026-09-21 22:28:48] GET /api/agents/6aa26c7ce0ac9a5ee05d2b95/conversations/6aa26c825d5b4135ae6b48b5/messages -> HTTP 403 (next candidate)
[2026-09-21 22:28:48] GET /api/agents/6aa26c7ce0ac9a5ee05d2b95/conversations/6aa26c825d5b4135ae6b48b5 -> HTTP 403 (next candidate)
[2026-09-21 22:28:48] GET /api/agents/6aa26c7ce0ac9a5ee05d2b95/conversations -> HTTP 403 (next candidate)
[2026-09-21 22:28:58] GET /api/agents/6aa26c7ce0ac9a5ee05d2b95/conversations/6aa26c825d5b4135ae6b48b5/messages -> HTTP 403 (next candidate)
[2026-09-21 22:28:59] GET /api/agents/6aa26c7ce0ac9a5ee05d2b95/conversations/6aa26c825d5b4135ae6b48b5 -> HTTP 403 (next candidate)
[2026-09-21 22:28:59] GET /api/agents/6aa26c7ce0ac9a5ee05d2b95/conversations -> HTTP 403 (next candidate)
[2026-09-21 22:29:09] GET /api/agents/6aa26c7ce0ac9a5ee05d2b95/conversations/6aa26c825d5b4135ae6b48b5/messages -> HTTP 403 (next candidate)
[2026-09-21 22:29:09] GET /api/agents/6aa26c7ce0ac9a5ee05d2b95/conversations/6aa26c825d5b4135ae6b48b5 -> HTTP 403 (next candidate)
[2026-09-21 22:29:09] GET /api/agents/6aa26c7ce0ac9a5ee05d2b95/conversations -> HTTP 403 (next candidate)
[2026-09-21 22:29:19] GET /api/agents/6aa26c7ce0ac9a5ee05d2b95/conversations/6aa26c825d5b4135ae6b48b5/messages -> HTTP 403 (next candidate)
[2026-09-21 22:29:19] GET /api/agents/6aa26c7ce0ac9a5ee05d2b95/conversations/6aa26c825d5b4135ae6b48b5 -> HTTP 403 (next candidate)
[2026-09-21 22:29:19] GET /api/agents/6aa26c7ce0ac9a5ee05d2b95/conversations -> HTTP 403 (next candidate)
[2026-09-21 22:29:30] GET /api/agents/6aa26c7ce0ac9a5ee05d2b95/conversations/6aa26c825d5b4135ae6b48b5/messages -> HTTP 403 (next candidate)
[2026-09-21 22:29:30] GET /api/agents/6aa26c7ce0ac9a5ee05d2b95/conversations/6aa26c825d5b4135ae6b48b5 -> HTTP 403 (next candidate)
[2026-09-21 22:29:30] GET /api/agents/6aa26c7ce0ac9a5ee05d2b95/conversations -> HTTP 403 (next candidate)
[2026-09-21 22:29:40] GET /api/agents/6aa26c7ce0ac9a5ee05d2b95/conversations/6aa26c825d5b4135ae6b48b5/messages -> HTTP 403 (next candidate)
[2026-09-21 22:29:40] GET /api/agents/6aa26c7ce0ac9a5ee05d2b95/conversations/6aa26c825d5b4135ae6b48b5 -> HTTP 403 (next candidate)
[2026-09-21 22:29:40] GET /api/agents/6aa26c7ce0ac9a5ee05d2b95/conversations -> HTTP 403 (next candidate)
[2026-09-21 22:29:50] GET /api/agents/6aa26c7ce0ac9a5ee05d2b95/conversations/6aa26c825d5b4135ae6b48b5/messages -> HTTP 403 (next candidate)
[2026-09-21 22:29:50] GET /api/agents/6aa26c7ce0ac9a5ee05d2b95/conversations/6aa26c825d5b4135ae6b48b5 -> HTTP 403 (next candidate)
[2026-09-21 22:29:51] GET /api/agents/6aa26c7ce0ac9a5ee05d2b95/conversations -> HTTP 403 (next candidate)
[2026-09-21 22:30:01] GET /api/agents/6aa26c7ce0ac9a5ee05d2b95/conversations/6aa26c825d5b4135ae6b48b5/messages -> HTTP 403 (next candidate)
[2026-09-21 22:30:01] GET /api/agents/6aa26c7ce0ac9a5ee05d2b95/conversations/6aa26c825d5b4135ae6b48b5 -> HTTP 403 (next candidate)
[2026-09-21 22:30:01] GET /api/agents/6aa26c7ce0ac9a5ee05d2b95/conversations -> HTTP 403 (next candidate)
[2026-09-21 22:30:11] GET /api/agents/6aa26c7ce0ac9a5ee05d2b95/conversations/6aa26c825d5b4135ae6b48b5/messages -> HTTP 403 (next candidate)
[2026-09-21 22:30:11] GET /api/agents/6aa26c7ce0ac9a5ee05d2b95/conversations/6aa26c825d5b4135ae6b48b5 -> HTTP 403 (next candidate)
[2026-09-21 22:30:11] GET /api/agents/6aa26c7ce0ac9a5ee05d2b95/conversations -> HTTP 403 (next candidate)
[2026-09-21 22:30:21] GET /api/agents/6aa26c7ce0ac9a5ee05d2b95/conversations/6aa26c825d5b4135ae6b48b5/messages -> HTTP 403 (next candidate)
[2026-09-21 22:30:21] GET /api/agents/6aa26c7ce0ac9a5ee05d2b95/conversations/6aa26c825d5b4135ae6b48b5 -> HTTP 403 (next candidate)
[2026-09-21 22:30:22] GET /api/agents/6aa26c7ce0ac9a5ee05d2b95/conversations -> HTTP 403 (next candidate)
[2026-09-21 22:30:32] GET /api/agents/6aa26c7ce0ac9a5ee05d2b95/conversations/6aa26c825d5b4135ae6b48b5/messages -> HTTP 403 (next candidate)
[2026-09-21 22:30:32] GET /api/agents/6aa26c7ce0ac9a5ee05d2b95/conversations/6aa26c825d5b4135ae6b48b5 -> HTTP 403 (next candidate)
[2026-09-21 22:30:32] GET /api/agents/6aa26c7ce0ac9a5ee05d2b95/conversations -> HTTP 403 (next candidate)
[2026-09-21 22:30:42] GET /api/agents/6aa26c7ce0ac9a5ee05d2b95/conversations/6aa26c825d5b4135ae6b48b5/messages -> HTTP 403 (next candidate)
[2026-09-21 22:30:42] GET /api/agents/6aa26c7ce0ac9a5ee05d2b95/conversations/6aa26c825d5b4135ae6b48b5 -> HTTP 403 (next candidate)
[2026-09-21 22:30:42] GET /api/agents/6aa26c7ce0ac9a5ee05d2b95/conversations -> HTTP 403 (next candidate)
[2026-09-21 22:30:52] GET /api/agents/6aa26c7ce0ac9a5ee05d2b95/conversations/6aa26c825d5b4135ae6b48b5/messages -> HTTP 403 (next candidate)
[2026-09-21 22:30:52] GET /api/agents/6aa26c7ce0ac9a5ee05d2b95/conversations/6aa26c825d5b4135ae6b48b5 -> HTTP 403 (next candidate)
[2026-09-21 22:30:53] GET /api/agents/6aa26c7ce0ac9a5ee05d2b95/conversations -> HTTP 403 (next candidate)
[2026-09-21 22:31:03] GET /api/agents/6aa26c7ce0ac9a5ee05d2b95/conversations/6aa26c825d5b4135ae6b48b5/messages -> HTTP 403 (next candidate)
[2026-09-21 22:31:03] GET /api/agents/6aa26c7ce0ac9a5ee05d2b95/conversations/6aa26c825d5b4135ae6b48b5 -> HTTP 403 (next candidate)
[2026-09-21 22:31:03] GET /api/agents/6aa26c7ce0ac9a5ee05d2b95/conversations -> HTTP 403 (next candidate)
[2026-09-21 22:31:13] GET /api/agents/6aa26c7ce0ac9a5ee05d2b95/conversations/6aa26c825d5b4135ae6b48b5/messages -> HTTP 403 (next candidate)
[2026-09-21 22:31:13] GET /api/agents/6aa26c7ce0ac9a5ee05d2b95/conversations/6aa26c825d5b4135ae6b48b5 -> HTTP 403 (next candidate)
[2026-09-21 22:31:13] GET /api/agents/6aa26c7ce0ac9a5ee05d2b95/conversations -> HTTP 403 (next candidate)
[2026-09-21 22:31:24] GET /api/agents/6aa26c7ce0ac9a5ee05d2b95/conversations/6aa26c825d5b4135ae6b48b5/messages -> HTTP 403 (next candidate)
[2026-09-21 22:31:24] GET /api/agents/6aa26c7ce0ac9a5ee05d2b95/conversations/6aa26c825d5b4135ae6b48b5 -> HTTP 403 (next candidate)
[2026-09-21 22:31:24] GET /api/agents/6aa26c7ce0ac9a5ee05d2b95/conversations -> HTTP 403 (next candidate)
[2026-09-21 22:31:34] GET /api/agents/6aa26c7ce0ac9a5ee05d2b95/conversations/6aa26c825d5b4135ae6b48b5/messages -> HTTP 403 (next candidate)
[2026-09-21 22:31:34] GET /api/agents/6aa26c7ce0ac9a5ee05d2b95/conversations/6aa26c825d5b4135ae6b48b5 -> HTTP 403 (next candidate)
[2026-09-21 22:31:34] GET /api/agents/6aa26c7ce0ac9a5ee05d2b95/conversations -> HTTP 403 (next candidate)
[2026-09-21 22:31:44] GET /api/agents/6aa26c7ce0ac9a5ee05d2b95/conversations/6aa26c825d5b4135ae6b48b5/messages -> HTTP 403 (next candidate)
[2026-09-21 22:31:44] GET /api/agents/6aa26c7ce0ac9a5ee05d2b95/conversations/6aa26c825d5b4135ae6b48b5 -> HTTP 403 (next candidate)
[2026-09-21 22:31:44] GET /api/agents/6aa26c7ce0ac9a5ee05d2b95/conversations -> HTTP 403 (next candidate)
[2026-09-21 22:31:55] GET /api/agents/6aa26c7ce0ac9a5ee05d2b95/conversations/6aa26c825d5b4135ae6b48b5/messages -> HTTP 403 (next candidate)
[2026-09-21 22:31:55] GET /api/agents/6aa26c7ce0ac9a5ee05d2b95/conversations/6aa26c825d5b4135ae6b48b5 -> HTTP 403 (next candidate)
[2026-09-21 22:31:55] GET /api/agents/6aa26c7ce0ac9a5ee05d2b95/conversations -> HTTP 403 (next candidate)
[2026-09-21 22:32:05] GET /api/agents/6aa26c7ce0ac9a5ee05d2b95/conversations/6aa26c825d5b4135ae6b48b5/messages -> HTTP 403 (next candidate)
[2026-09-21 22:32:05] GET /api/agents/6aa26c7ce0ac9a5ee05d2b95/conversations/6aa26c825d5b4135ae6b48b5 -> HTTP 403 (next candidate)
[2026-09-21 22:32:05] GET /api/agents/6aa26c7ce0ac9a5ee05d2b95/conversations -> HTTP 403 (next candidate)
[2026-09-21 22:32:15] GET /api/agents/6aa26c7ce0ac9a5ee05d2b95/conversations/6aa26c825d5b4135ae6b48b5/messages -> HTTP 403 (next candidate)
[2026-09-21 22:32:15] GET /api/agents/6aa26c7ce0ac9a5ee05d2b95/conversations/6aa26c825d5b4135ae6b48b5 -> HTTP 403 (next candidate)
[2026-09-21 22:32:16] GET /api/agents/6aa26c7ce0ac9a5ee05d2b95/conversations -> HTTP 403 (next candidate)
[2026-09-21 22:32:26] GET /api/agents/6aa26c7ce0ac9a5ee05d2b95/conversations/6aa26c825d5b4135ae6b48b5/messages -> HTTP 403 (next candidate)
[2026-09-21 22:32:26] GET /api/agents/6aa26c7ce0ac9a5ee05d2b95/conversations/6aa26c825d5b4135ae6b48b5 -> HTTP 403 (next candidate)
[2026-09-21 22:32:26] GET /api/agents/6aa26c7ce0ac9a5ee05d2b95/conversations -> HTTP 403 (next candidate)
[2026-09-21 22:32:36] GET /api/agents/6aa26c7ce0ac9a5ee05d2b95/conversations/6aa26c825d5b4135ae6b48b5/messages -> HTTP 403 (next candidate)
[2026-09-21 22:32:36] GET /api/agents/6aa26c7ce0ac9a5ee05d2b95/conversations/6aa26c825d5b4135ae6b48b5 -> HTTP 403 (next candidate)
[2026-09-21 22:32:36] GET /api/agents/6aa26c7ce0ac9a5ee05d2b95/conversations -> HTTP 403 (next candidate)
[2026-09-21 22:32:47] GET /api/agents/6aa26c7ce0ac9a5ee05d2b95/conversations/6aa26c825d5b4135ae6b48b5/messages -> HTTP 403 (next candidate)
[2026-09-21 22:32:47] GET /api/agents/6aa26c7ce0ac9a5ee05d2b95/conversations/6aa26c825d5b4135ae6b48b5 -> HTTP 403 (next candidate)
[2026-09-21 22:32:47] GET /api/agents/6aa26c7ce0ac9a5ee05d2b95/conversations -> HTTP 403 (next candidate)
[2026-09-21 22:32:57] GET /api/agents/6aa26c7ce0ac9a5ee05d2b95/conversations/6aa26c825d5b4135ae6b48b5/messages -> HTTP 403 (next candidate)
[2026-09-21 22:32:57] GET /api/agents/6aa26c7ce0ac9a5ee05d2b95/conversations/6aa26c825d5b4135ae6b48b5 -> HTTP 403 (next candidate)
[2026-09-21 22:32:57] GET /api/agents/6aa26c7ce0ac9a5ee05d2b95/conversations -> HTTP 403 (next candidate)
[2026-09-21 22:33:07] GET /api/agents/6aa26c7ce0ac9a5ee05d2b95/conversations/6aa26c825d5b4135ae6b48b5/messages -> HTTP 403 (next candidate)
[2026-09-21 22:33:07] GET /api/agents/6aa26c7ce0ac9a5ee05d2b95/conversations/6aa26c825d5b4135ae6b48b5 -> HTTP 403 (next candidate)
[2026-09-21 22:33:07] GET /api/agents/6aa26c7ce0ac9a5ee05d2b95/conversations -> HTTP 403 (next candidate)
[2026-09-21 22:33:17] GET /api/agents/6aa26c7ce0ac9a5ee05d2b95/conversations/6aa26c825d5b4135ae6b48b5/messages -> HTTP 403 (next candidate)
[2026-09-21 22:33:18] GET /api/agents/6aa26c7ce0ac9a5ee05d2b95/conversations/6aa26c825d5b4135ae6b48b5 -> HTTP 403 (next candidate)
[2026-09-21 22:33:18] GET /api/agents/6aa26c7ce0ac9a5ee05d2b95/conversations -> HTTP 403 (next candidate)
[2026-09-21 22:33:28] GET /api/agents/6aa26c7ce0ac9a5ee05d2b95/conversations/6aa26c825d5b4135ae6b48b5/messages -> HTTP 403 (next candidate)
[2026-09-21 22:33:28] GET /api/agents/6aa26c7ce0ac9a5ee05d2b95/conversations/6aa26c825d5b4135ae6b48b5 -> HTTP 403 (next candidate)
[2026-09-21 22:33:28] GET /api/agents/6aa26c7ce0ac9a5ee05d2b95/conversations -> HTTP 403 (next candidate)
[2026-09-21 22:33:38] GET /api/agents/6aa26c7ce0ac9a5ee05d2b95/conversations/6aa26c825d5b4135ae6b48b5/messages -> HTTP 403 (next candidate)
[2026-09-21 22:33:39] GET /api/agents/6aa26c7ce0ac9a5ee05d2b95/conversations/6aa26c825d5b4135ae6b48b5 -> HTTP 403 (next candidate)
[2026-09-21 22:33:39] GET /api/agents/6aa26c7ce0ac9a5ee05d2b95/conversations -> HTTP 403 (next candidate)
[2026-09-21 22:33:49] GET /api/agents/6aa26c7ce0ac9a5ee05d2b95/conversations/6aa26c825d5b4135ae6b48b5/messages -> HTTP 403 (next candidate)
[2026-09-21 22:33:49] GET /api/agents/6aa26c7ce0ac9a5ee05d2b95/conversations/6aa26c825d5b4135ae6b48b5 -> HTTP 403 (next candidate)
[2026-09-21 22:33:49] GET /api/agents/6aa26c7ce0ac9a5ee05d2b95/conversations -> HTTP 403 (next candidate)
[2026-09-21 22:34:00] GET /api/agents/6aa26c7ce0ac9a5ee05d2b95/conversations/6aa26c825d5b4135ae6b48b5/messages -> HTTP 403 (next candidate)
[2026-09-21 22:34:00] GET /api/agents/6aa26c7ce0ac9a5ee05d2b95/conversations/6aa26c825d5b4135ae6b48b5 -> HTTP 403 (next candidate)
[2026-09-21 22:34:00] GET /api/agents/6aa26c7ce0ac9a5ee05d2b95/conversations -> HTTP 403 (next candidate)
[2026-09-21 22:34:10] GET /api/agents/6aa26c7ce0ac9a5ee05d2b95/conversations/6aa26c825d5b4135ae6b48b5/messages -> HTTP 403 (next candidate)
[2026-09-21 22:34:10] GET /api/agents/6aa26c7ce0ac9a5ee05d2b95/conversations/6aa26c825d5b4135ae6b48b5 -> HTTP 403 (next candidate)
[2026-09-21 22:34:10] GET /api/agents/6aa26c7ce0ac9a5ee05d2b95/conversations -> HTTP 403 (next candidate)
[2026-09-21 22:34:20] GET /api/agents/6aa26c7ce0ac9a5ee05d2b95/conversations/6aa26c825d5b4135ae6b48b5/messages -> HTTP 403 (next candidate)
[2026-09-21 22:34:20] GET /api/agents/6aa26c7ce0ac9a5ee05d2b95/conversations/6aa26c825d5b4135ae6b48b5 -> HTTP 403 (next candidate)
[2026-09-21 22:34:20] GET /api/agents/6aa26c7ce0ac9a5ee05d2b95/conversations -> HTTP 403 (next candidate)
[2026-09-21 22:34:30] GET /api/agents/6aa26c7ce0ac9a5ee05d2b95/conversations/6aa26c825d5b4135ae6b48b5/messages -> HTTP 403 (next candidate)
[2026-09-21 22:34:31] GET /api/agents/6aa26c7ce0ac9a5ee05d2b95/conversations/6aa26c825d5b4135ae6b48b5 -> HTTP 403 (next candidate)
[2026-09-21 22:34:31] GET /api/agents/6aa26c7ce0ac9a5ee05d2b95/conversations -> HTTP 403 (next candidate)
[2026-09-21 22:34:41] GET /api/agents/6aa26c7ce0ac9a5ee05d2b95/conversations/6aa26c825d5b4135ae6b48b5/messages -> HTTP 403 (next candidate)
[2026-09-21 22:34:41] GET /api/agents/6aa26c7ce0ac9a5ee05d2b95/conversations/6aa26c825d5b4135ae6b48b5 -> HTTP 403 (next candidate)
[2026-09-21 22:34:41] GET /api/agents/6aa26c7ce0ac9a5ee05d2b95/conversations -> HTTP 403 (next candidate)
[2026-09-21 22:34:52] GET /api/agents/6aa26c7ce0ac9a5ee05d2b95/conversations/6aa26c825d5b4135ae6b48b5/messages -> HTTP 403 (next candidate)
[2026-09-21 22:34:52] GET /api/agents/6aa26c7ce0ac9a5ee05d2b95/conversations/6aa26c825d5b4135ae6b48b5 -> HTTP 403 (next candidate)
[2026-09-21 22:34:52] GET /api/agents/6aa26c7ce0ac9a5ee05d2b95/conversations -> HTTP 403 (next candidate)
[2026-09-21 22:35:03] GET /api/agents/6aa26c7ce0ac9a5ee05d2b95/conversations/6aa26c825d5b4135ae6b48b5/messages -> HTTP 403 (next candidate)
[2026-09-21 22:35:03] GET /api/agents/6aa26c7ce0ac9a5ee05d2b95/conversations/6aa26c825d5b4135ae6b48b5 -> HTTP 403 (next candidate)
[2026-09-21 22:35:03] GET /api/agents/6aa26c7ce0ac9a5ee05d2b95/conversations -> HTTP 403 (next candidate)
[2026-09-21 22:35:13] GET /api/agents/6aa26c7ce0ac9a5ee05d2b95/conversations/6aa26c825d5b4135ae6b48b5/messages -> HTTP 403 (next candidate)
[2026-09-21 22:35:13] GET /api/agents/6aa26c7ce0ac9a5ee05d2b95/conversations/6aa26c825d5b4135ae6b48b5 -> HTTP 403 (next candidate)
[2026-09-21 22:35:13] GET /api/agents/6aa26c7ce0ac9a5ee05d2b95/conversations -> HTTP 403 (next candidate)
[2026-09-21 22:35:23] GET /api/agents/6aa26c7ce0ac9a5ee05d2b95/conversations/6aa26c825d5b4135ae6b48b5/messages -> HTTP 403 (next candidate)
[2026-09-21 22:35:23] GET /api/agents/6aa26c7ce0ac9a5ee05d2b95/conversations/6aa26c825d5b4135ae6b48b5 -> HTTP 403 (next candidate)
[2026-09-21 22:35:23] GET /api/agents/6aa26c7ce0ac9a5ee05d2b95/conversations -> HTTP 403 (next candidate)
[2026-09-21 22:35:34] GET /api/agents/6aa26c7ce0ac9a5ee05d2b95/conversations/6aa26c825d5b4135ae6b48b5/messages -> HTTP 403 (next candidate)
[2026-09-21 22:35:34] GET /api/agents/6aa26c7ce0ac9a5ee05d2b95/conversations/6aa26c825d5b4135ae6b48b5 -> HTTP 403 (next candidate)
[2026-09-21 22:35:34] GET /api/agents/6aa26c7ce0ac9a5ee05d2b95/conversations -> HTTP 403 (next candidate)
[2026-09-21 22:35:44] GET /api/agents/6aa26c7ce0ac9a5ee05d2b95/conversations/6aa26c825d5b4135ae6b48b5/messages -> HTTP 403 (next candidate)
[2026-09-21 22:35:44] GET /api/agents/6aa26c7ce0ac9a5ee05d2b95/conversations/6aa26c825d5b4135ae6b48b5 -> HTTP 403 (next candidate)
[2026-09-21 22:35:44] GET /api/agents/6aa26c7ce0ac9a5ee05d2b95/conversations -> HTTP 403 (next candidate)
[2026-09-21 22:35:54] GET /api/agents/6aa26c7ce0ac9a5ee05d2b95/conversations/6aa26c825d5b4135ae6b48b5/messages -> HTTP 403 (next candidate)
[2026-09-21 22:35:54] GET /api/agents/6aa26c7ce0ac9a5ee05d2b95/conversations/6aa26c825d5b4135ae6b48b5 -> HTTP 403 (next candidate)
[2026-09-21 22:35:54] GET /api/agents/6aa26c7ce0ac9a5ee05d2b95/conversations -> HTTP 403 (next candidate)
[2026-09-21 22:36:04] GET /api/agents/6aa26c7ce0ac9a5ee05d2b95/conversations/6aa26c825d5b4135ae6b48b5/messages -> HTTP 403 (next candidate)
[2026-09-21 22:36:05] GET /api/agents/6aa26c7ce0ac9a5ee05d2b95/conversations/6aa26c825d5b4135ae6b48b5 -> HTTP 403 (next candidate)
[2026-09-21 22:36:05] GET /api/agents/6aa26c7ce0ac9a5ee05d2b95/conversations -> HTTP 403 (next candidate)
[2026-09-21 22:36:15] GET /api/agents/6aa26c7ce0ac9a5ee05d2b95/conversations/6aa26c825d5b4135ae6b48b5/messages -> HTTP 403 (next candidate)
[2026-09-21 22:36:15] GET /api/agents/6aa26c7ce0ac9a5ee05d2b95/conversations/6aa26c825d5b4135ae6b48b5 -> HTTP 403 (next candidate)
[2026-09-21 22:36:15] GET /api/agents/6aa26c7ce0ac9a5ee05d2b95/conversations -> HTTP 403 (next candidate)
[2026-09-21 22:36:25] GET /api/agents/6aa26c7ce0ac9a5ee05d2b95/conversations/6aa26c825d5b4135ae6b48b5/messages -> HTTP 403 (next candidate)
[2026-09-21 22:36:26] GET /api/agents/6aa26c7ce0ac9a5ee05d2b95/conversations/6aa26c825d5b4135ae6b48b5 -> HTTP 403 (next candidate)
[2026-09-21 22:36:26] GET /api/agents/6aa26c7ce0ac9a5ee05d2b95/conversations -> HTTP 403 (next candidate)
[2026-09-21 22:36:36] GET /api/agents/6aa26c7ce0ac9a5ee05d2b95/conversations/6aa26c825d5b4135ae6b48b5/messages -> HTTP 403 (next candidate)
[2026-09-21 22:36:36] GET /api/agents/6aa26c7ce0ac9a5ee05d2b95/conversations/6aa26c825d5b4135ae6b48b5 -> HTTP 403 (next candidate)
[2026-09-21 22:36:36] GET /api/agents/6aa26c7ce0ac9a5ee05d2b95/conversations -> HTTP 403 (next candidate)
[2026-09-21 22:36:46] GET /api/agents/6aa26c7ce0ac9a5ee05d2b95/conversations/6aa26c825d5b4135ae6b48b5/messages -> HTTP 403 (next candidate)
[2026-09-21 22:36:46] GET /api/agents/6aa26c7ce0ac9a5ee05d2b95/conversations/6aa26c825d5b4135ae6b48b5 -> HTTP 403 (next candidate)
[2026-09-21 22:36:46] GET /api/agents/6aa26c7ce0ac9a5ee05d2b95/conversations -> HTTP 403 (next candidate)
[2026-09-21 22:36:56] GET /api/agents/6aa26c7ce0ac9a5ee05d2b95/conversations/6aa26c825d5b4135ae6b48b5/messages -> HTTP 403 (next candidate)
[2026-09-21 22:36:57] GET /api/agents/6aa26c7ce0ac9a5ee05d2b95/conversations/6aa26c825d5b4135ae6b48b5 -> HTTP 403 (next candidate)
[2026-09-21 22:36:57] GET /api/agents/6aa26c7ce0ac9a5ee05d2b95/conversations -> HTTP 403 (next candidate)
[2026-09-21 22:37:07] GET /api/agents/6aa26c7ce0ac9a5ee05d2b95/conversations/6aa26c825d5b4135ae6b48b5/messages -> HTTP 403 (next candidate)
[2026-09-21 22:37:07] GET /api/agents/6aa26c7ce0ac9a5ee05d2b95/conversations/6aa26c825d5b4135ae6b48b5 -> HTTP 403 (next candidate)
[2026-09-21 22:37:07] GET /api/agents/6aa26c7ce0ac9a5ee05d2b95/conversations -> HTTP 403 (next candidate)
[2026-09-21 22:37:17] GET /api/agents/6aa26c7ce0ac9a5ee05d2b95/conversations/6aa26c825d5b4135ae6b48b5/messages -> HTTP 403 (next candidate)
[2026-09-21 22:37:17] GET /api/agents/6aa26c7ce0ac9a5ee05d2b95/conversations/6aa26c825d5b4135ae6b48b5 -> HTTP 403 (next candidate)
[2026-09-21 22:37:17] GET /api/agents/6aa26c7ce0ac9a5ee05d2b95/conversations -> HTTP 403 (next candidate)
[2026-09-21 22:37:27] GET /api/agents/6aa26c7ce0ac9a5ee05d2b95/conversations/6aa26c825d5b4135ae6b48b5/messages -> HTTP 403 (next candidate)
[2026-09-21 22:37:28] GET /api/agents/6aa26c7ce0ac9a5ee05d2b95/conversations/6aa26c825d5b4135ae6b48b5 -> HTTP 403 (next candidate)
[2026-09-21 22:37:28] GET /api/agents/6aa26c7ce0ac9a5ee05d2b95/conversations -> HTTP 403 (next candidate)
[2026-09-21 22:37:38] GET /api/agents/6aa26c7ce0ac9a5ee05d2b95/conversations/6aa26c825d5b4135ae6b48b5/messages -> HTTP 403 (next candidate)
[2026-09-21 22:37:38] GET /api/agents/6aa26c7ce0ac9a5ee05d2b95/conversations/6aa26c825d5b4135ae6b48b5 -> HTTP 403 (next candidate)
[2026-09-21 22:37:38] GET /api/agents/6aa26c7ce0ac9a5ee05d2b95/conversations -> HTTP 403 (next candidate)
[2026-09-21 22:37:48] GET /api/agents/6aa26c7ce0ac9a5ee05d2b95/conversations/6aa26c825d5b4135ae6b48b5/messages -> HTTP 403 (next candidate)
[2026-09-21 22:37:49] GET /api/agents/6aa26c7ce0ac9a5ee05d2b95/conversations/6aa26c825d5b4135ae6b48b5 -> HTTP 403 (next candidate)
[2026-09-21 22:37:49] GET /api/agents/6aa26c7ce0ac9a5ee05d2b95/conversations -> HTTP 403 (next candidate)
[2026-09-21 22:37:59] GET /api/agents/6aa26c7ce0ac9a5ee05d2b95/conversations/6aa26c825d5b4135ae6b48b5/messages -> HTTP 403 (next candidate)
[2026-09-21 22:37:59] GET /api/agents/6aa26c7ce0ac9a5ee05d2b95/conversations/6aa26c825d5b4135ae6b48b5 -> HTTP 403 (next candidate)
[2026-09-21 22:37:59] GET /api/agents/6aa26c7ce0ac9a5ee05d2b95/conversations -> HTTP 403 (next candidate)
[2026-09-21 22:38:09] GET /api/agents/6aa26c7ce0ac9a5ee05d2b95/conversations/6aa26c825d5b4135ae6b48b5/messages -> HTTP 403 (next candidate)
[2026-09-21 22:38:09] GET /api/agents/6aa26c7ce0ac9a5ee05d2b95/conversations/6aa26c825d5b4135ae6b48b5 -> HTTP 403 (next candidate)
[2026-09-21 22:38:09] GET /api/agents/6aa26c7ce0ac9a5ee05d2b95/conversations -> HTTP 403 (next candidate)
[2026-09-21 22:38:19] GET /api/agents/6aa26c7ce0ac9a5ee05d2b95/conversations/6aa26c825d5b4135ae6b48b5/messages -> HTTP 403 (next candidate)
[2026-09-21 22:38:20] GET /api/agents/6aa26c7ce0ac9a5ee05d2b95/conversations/6aa26c825d5b4135ae6b48b5 -> HTTP 403 (next candidate)
[2026-09-21 22:38:20] GET /api/agents/6aa26c7ce0ac9a5ee05d2b95/conversations -> HTTP 403 (next candidate)
[2026-09-21 22:38:30] GET /api/agents/6aa26c7ce0ac9a5ee05d2b95/conversations/6aa26c825d5b4135ae6b48b5/messages -> HTTP 403 (next candidate)
[2026-09-21 22:38:30] GET /api/agents/6aa26c7ce0ac9a5ee05d2b95/conversations/6aa26c825d5b4135ae6b48b5 -> HTTP 403 (next candidate)
[2026-09-21 22:38:30] GET /api/agents/6aa26c7ce0ac9a5ee05d2b95/conversations -> HTTP 403 (next candidate)
[2026-09-21 22:38:40] GET /api/agents/6aa26c7ce0ac9a5ee05d2b95/conversations/6aa26c825d5b4135ae6b48b5/messages -> HTTP 403 (next candidate)
[2026-09-21 22:38:40] GET /api/agents/6aa26c7ce0ac9a5ee05d2b95/conversations/6aa26c825d5b4135ae6b48b5 -> HTTP 403 (next candidate)
[2026-09-21 22:38:40] GET /api/agents/6aa26c7ce0ac9a5ee05d2b95/conversations -> HTTP 403 (next candidate)
[2026-09-21 22:38:51] GET /api/agents/6aa26c7ce0ac9a5ee05d2b95/conversations/6aa26c825d5b4135ae6b48b5/messages -> HTTP 403 (next candidate)
[2026-09-21 22:38:51] GET /api/agents/6aa26c7ce0ac9a5ee05d2b95/conversations/6aa26c825d5b4135ae6b48b5 -> HTTP 403 (next candidate)
[2026-09-21 22:38:51] GET /api/agents/6aa26c7ce0ac9a5ee05d2b95/conversations -> HTTP 403 (next candidate)
[2026-09-21 22:39:01] GET /api/agents/6aa26c7ce0ac9a5ee05d2b95/conversations/6aa26c825d5b4135ae6b48b5/messages -> HTTP 403 (next candidate)
[2026-09-21 22:39:01] GET /api/agents/6aa26c7ce0ac9a5ee05d2b95/conversations/6aa26c825d5b4135ae6b48b5 -> HTTP 403 (next candidate)
[2026-09-21 22:39:01] GET /api/agents/6aa26c7ce0ac9a5ee05d2b95/conversations -> HTTP 403 (next candidate)
[2026-09-21 22:39:12] GET /api/agents/6aa26c7ce0ac9a5ee05d2b95/conversations/6aa26c825d5b4135ae6b48b5/messages -> HTTP 403 (next candidate)
[2026-09-21 22:39:12] GET /api/agents/6aa26c7ce0ac9a5ee05d2b95/conversations/6aa26c825d5b4135ae6b48b5 -> HTTP 403 (next candidate)
[2026-09-21 22:39:12] GET /api/agents/6aa26c7ce0ac9a5ee05d2b95/conversations -> HTTP 403 (next candidate)
[2026-09-21 22:39:22] GET /api/agents/6aa26c7ce0ac9a5ee05d2b95/conversations/6aa26c825d5b4135ae6b48b5/messages -> HTTP 403 (next candidate)
[2026-09-21 22:39:22] GET /api/agents/6aa26c7ce0ac9a5ee05d2b95/conversations/6aa26c825d5b4135ae6b48b5 -> HTTP 403 (next candidate)
[2026-09-21 22:39:22] GET /api/agents/6aa26c7ce0ac9a5ee05d2b95/conversations -> HTTP 403 (next candidate)
[2026-09-21 22:39:32] GET /api/agents/6aa26c7ce0ac9a5ee05d2b95/conversations/6aa26c825d5b4135ae6b48b5/messages -> HTTP 403 (next candidate)
[2026-09-21 22:39:32] GET /api/agents/6aa26c7ce0ac9a5ee05d2b95/conversations/6aa26c825d5b4135ae6b48b5 -> HTTP 403 (next candidate)
[2026-09-21 22:39:32] GET /api/agents/6aa26c7ce0ac9a5ee05d2b95/conversations -> HTTP 403 (next candidate)
[2026-09-21 22:39:43] GET /api/agents/6aa26c7ce0ac9a5ee05d2b95/conversations/6aa26c825d5b4135ae6b48b5/messages -> HTTP 403 (next candidate)
[2026-09-21 22:39:43] GET /api/agents/6aa26c7ce0ac9a5ee05d2b95/conversations/6aa26c825d5b4135ae6b48b5 -> HTTP 403 (next candidate)
[2026-09-21 22:39:43] GET /api/agents/6aa26c7ce0ac9a5ee05d2b95/conversations -> HTTP 403 (next candidate)
[2026-09-21 22:39:53] GET /api/agents/6aa26c7ce0ac9a5ee05d2b95/conversations/6aa26c825d5b4135ae6b48b5/messages -> HTTP 403 (next candidate)
[2026-09-21 22:39:53] GET /api/agents/6aa26c7ce0ac9a5ee05d2b95/conversations/6aa26c825d5b4135ae6b48b5 -> HTTP 403 (next candidate)
[2026-09-21 22:39:53] GET /api/agents/6aa26c7ce0ac9a5ee05d2b95/conversations -> HTTP 403 (next candidate)
[2026-09-21 22:40:03] GET /api/agents/6aa26c7ce0ac9a5ee05d2b95/conversations/6aa26c825d5b4135ae6b48b5/messages -> HTTP 403 (next candidate)
[2026-09-21 22:40:03] GET /api/agents/6aa26c7ce0ac9a5ee05d2b95/conversations/6aa26c825d5b4135ae6b48b5 -> HTTP 403 (next candidate)
[2026-09-21 22:40:03] GET /api/agents/6aa26c7ce0ac9a5ee05d2b95/conversations -> HTTP 403 (next candidate)
[2026-09-21 22:40:14] GET /api/agents/6aa26c7ce0ac9a5ee05d2b95/conversations/6aa26c825d5b4135ae6b48b5/messages -> HTTP 403 (next candidate)
[2026-09-21 22:40:14] GET /api/agents/6aa26c7ce0ac9a5ee05d2b95/conversations/6aa26c825d5b4135ae6b48b5 -> HTTP 403 (next candidate)
[2026-09-21 22:40:14] GET /api/agents/6aa26c7ce0ac9a5ee05d2b95/conversations -> HTTP 403 (next candidate)
[2026-09-21 22:40:24] GET /api/agents/6aa26c7ce0ac9a5ee05d2b95/conversations/6aa26c825d5b4135ae6b48b5/messages -> HTTP 403 (next candidate)
[2026-09-21 22:40:24] GET /api/agents/6aa26c7ce0ac9a5ee05d2b95/conversations/6aa26c825d5b4135ae6b48b5 -> HTTP 403 (next candidate)
[2026-09-21 22:40:24] GET /api/agents/6aa26c7ce0ac9a5ee05d2b95/conversations -> HTTP 403 (next candidate)
[2026-09-21 22:40:34] GET /api/agents/6aa26c7ce0ac9a5ee05d2b95/conversations/6aa26c825d5b4135ae6b48b5/messages -> HTTP 403 (next candidate)
[2026-09-21 22:40:34] GET /api/agents/6aa26c7ce0ac9a5ee05d2b95/conversations/6aa26c825d5b4135ae6b48b5 -> HTTP 403 (next candidate)
[2026-09-21 22:40:35] GET /api/agents/6aa26c7ce0ac9a5ee05d2b95/conversations -> HTTP 403 (next candidate)
[2026-09-21 22:40:45] GET /api/agents/6aa26c7ce0ac9a5ee05d2b95/conversations/6aa26c825d5b4135ae6b48b5/messages -> HTTP 403 (next candidate)
[2026-09-21 22:40:45] GET /api/agents/6aa26c7ce0ac9a5ee05d2b95/conversations/6aa26c825d5b4135ae6b48b5 -> HTTP 403 (next candidate)
[2026-09-21 22:40:45] GET /api/agents/6aa26c7ce0ac9a5ee05d2b95/conversations -> HTTP 403 (next candidate)
[2026-09-21 22:40:55] GET /api/agents/6aa26c7ce0ac9a5ee05d2b95/conversations/6aa26c825d5b4135ae6b48b5/messages -> HTTP 403 (next candidate)
[2026-09-21 22:40:55] GET /api/agents/6aa26c7ce0ac9a5ee05d2b95/conversations/6aa26c825d5b4135ae6b48b5 -> HTTP 403 (next candidate)
[2026-09-21 22:40:55] GET /api/agents/6aa26c7ce0ac9a5ee05d2b95/conversations -> HTTP 403 (next candidate)
[2026-09-21 22:41:05] GET /api/agents/6aa26c7ce0ac9a5ee05d2b95/conversations/6aa26c825d5b4135ae6b48b5/messages -> HTTP 403 (next candidate)
[2026-09-21 22:41:06] GET /api/agents/6aa26c7ce0ac9a5ee05d2b95/conversations/6aa26c825d5b4135ae6b48b5 -> HTTP 403 (next candidate)
[2026-09-21 22:41:06] GET /api/agents/6aa26c7ce0ac9a5ee05d2b95/conversations -> HTTP 403 (next candidate)
[2026-09-21 22:41:16] GET /api/agents/6aa26c7ce0ac9a5ee05d2b95/conversations/6aa26c825d5b4135ae6b48b5/messages -> HTTP 403 (next candidate)
[2026-09-21 22:41:16] GET /api/agents/6aa26c7ce0ac9a5ee05d2b95/conversations/6aa26c825d5b4135ae6b48b5 -> HTTP 403 (next candidate)
[2026-09-21 22:41:16] GET /api/agents/6aa26c7ce0ac9a5ee05d2b95/conversations -> HTTP 403 (next candidate)
[2026-09-21 22:41:26] GET /api/agents/6aa26c7ce0ac9a5ee05d2b95/conversations/6aa26c825d5b4135ae6b48b5/messages -> HTTP 403 (next candidate)
[2026-09-21 22:41:26] GET /api/agents/6aa26c7ce0ac9a5ee05d2b95/conversations/6aa26c825d5b4135ae6b48b5 -> HTTP 403 (next candidate)
[2026-09-21 22:41:26] GET /api/agents/6aa26c7ce0ac9a5ee05d2b95/conversations -> HTTP 403 (next candidate)
[2026-09-21 22:41:37] GET /api/agents/6aa26c7ce0ac9a5ee05d2b95/conversations/6aa26c825d5b4135ae6b48b5/messages -> HTTP 403 (next candidate)
[2026-09-21 22:41:37] GET /api/agents/6aa26c7ce0ac9a5ee05d2b95/conversations/6aa26c825d5b4135ae6b48b5 -> HTTP 403 (next candidate)
[2026-09-21 22:41:37] GET /api/agents/6aa26c7ce0ac9a5ee05d2b95/conversations -> HTTP 403 (next candidate)
[2026-09-21 22:41:47] GET /api/agents/6aa26c7ce0ac9a5ee05d2b95/conversations/6aa26c825d5b4135ae6b48b5/messages -> HTTP 403 (next candidate)
[2026-09-21 22:41:47] GET /api/agents/6aa26c7ce0ac9a5ee05d2b95/conversations/6aa26c825d5b4135ae6b48b5 -> HTTP 403 (next candidate)
[2026-09-21 22:41:47] GET /api/agents/6aa26c7ce0ac9a5ee05d2b95/conversations -> HTTP 403 (next candidate)
[2026-09-21 22:41:57] GET /api/agents/6aa26c7ce0ac9a5ee05d2b95/conversations/6aa26c825d5b4135ae6b48b5/messages -> HTTP 403 (next candidate)
[2026-09-21 22:41:58] GET /api/agents/6aa26c7ce0ac9a5ee05d2b95/conversations/6aa26c825d5b4135ae6b48b5 -> HTTP 403 (next candidate)
[2026-09-21 22:41:58] GET /api/agents/6aa26c7ce0ac9a5ee05d2b95/conversations -> HTTP 403 (next candidate)
[2026-09-21 22:42:08] GET /api/agents/6aa26c7ce0ac9a5ee05d2b95/conversations/6aa26c825d5b4135ae6b48b5/messages -> HTTP 403 (next candidate)
[2026-09-21 22:42:08] GET /api/agents/6aa26c7ce0ac9a5ee05d2b95/conversations/6aa26c825d5b4135ae6b48b5 -> HTTP 403 (next candidate)
[2026-09-21 22:42:08] GET /api/agents/6aa26c7ce0ac9a5ee05d2b95/conversations -> HTTP 403 (next candidate)
[2026-09-21 22:42:18] GET /api/agents/6aa26c7ce0ac9a5ee05d2b95/conversations/6aa26c825d5b4135ae6b48b5/messages -> HTTP 403 (next candidate)
[2026-09-21 22:42:18] GET /api/agents/6aa26c7ce0ac9a5ee05d2b95/conversations/6aa26c825d5b4135ae6b48b5 -> HTTP 403 (next candidate)
[2026-09-21 22:42:18] GET /api/agents/6aa26c7ce0ac9a5ee05d2b95/conversations -> HTTP 403 (next candidate)
[2026-09-21 22:42:28] GET /api/agents/6aa26c7ce0ac9a5ee05d2b95/conversations/6aa26c825d5b4135ae6b48b5/messages -> HTTP 403 (next candidate)
[2026-09-21 22:42:29] GET /api/agents/6aa26c7ce0ac9a5ee05d2b95/conversations/6aa26c825d5b4135ae6b48b5 -> HTTP 403 (next candidate)
[2026-09-21 22:42:29] GET /api/agents/6aa26c7ce0ac9a5ee05d2b95/conversations -> HTTP 403 (next candidate)
[2026-09-21 22:42:39] GET /api/agents/6aa26c7ce0ac9a5ee05d2b95/conversations/6aa26c825d5b4135ae6b48b5/messages -> HTTP 403 (next candidate)
[2026-09-21 22:42:39] GET /api/agents/6aa26c7ce0ac9a5ee05d2b95/conversations/6aa26c825d5b4135ae6b48b5 -> HTTP 403 (next candidate)
[2026-09-21 22:42:39] GET /api/agents/6aa26c7ce0ac9a5ee05d2b95/conversations -> HTTP 403 (next candidate)
[2026-09-21 22:42:49] GET /api/agents/6aa26c7ce0ac9a5ee05d2b95/conversations/6aa26c825d5b4135ae6b48b5/messages -> HTTP 403 (next candidate)
[2026-09-21 22:42:49] GET /api/agents/6aa26c7ce0ac9a5ee05d2b95/conversations/6aa26c825d5b4135ae6b48b5 -> HTTP 403 (next candidate)
[2026-09-21 22:42:49] GET /api/agents/6aa26c7ce0ac9a5ee05d2b95/conversations -> HTTP 403 (next candidate)
[2026-09-21 22:43:00] GET /api/agents/6aa26c7ce0ac9a5ee05d2b95/conversations/6aa26c825d5b4135ae6b48b5/messages -> HTTP 403 (next candidate)
[2026-09-21 22:43:00] GET /api/agents/6aa26c7ce0ac9a5ee05d2b95/conversations/6aa26c825d5b4135ae6b48b5 -> HTTP 403 (next candidate)
[2026-09-21 22:43:00] GET /api/agents/6aa26c7ce0ac9a5ee05d2b95/conversations -> HTTP 403 (next candidate)
[2026-09-21 22:43:10] GET /api/agents/6aa26c7ce0ac9a5ee05d2b95/conversations/6aa26c825d5b4135ae6b48b5/messages -> HTTP 403 (next candidate)
[2026-09-21 22:43:10] GET /api/agents/6aa26c7ce0ac9a5ee05d2b95/conversations/6aa26c825d5b4135ae6b48b5 -> HTTP 403 (next candidate)
[2026-09-21 22:43:10] GET /api/agents/6aa26c7ce0ac9a5ee05d2b95/conversations -> HTTP 403 (next candidate)
[2026-09-21 22:43:21] GET /api/agents/6aa26c7ce0ac9a5ee05d2b95/conversations/6aa26c825d5b4135ae6b48b5/messages -> HTTP 403 (next candidate)
[2026-09-21 22:43:21] GET /api/agents/6aa26c7ce0ac9a5ee05d2b95/conversations/6aa26c825d5b4135ae6b48b5 -> HTTP 403 (next candidate)
[2026-09-21 22:43:21] GET /api/agents/6aa26c7ce0ac9a5ee05d2b95/conversations -> HTTP 403 (next candidate)
[2026-09-21 22:43:31] GET /api/agents/6aa26c7ce0ac9a5ee05d2b95/conversations/6aa26c825d5b4135ae6b48b5/messages -> HTTP 403 (next candidate)
[2026-09-21 22:43:31] GET /api/agents/6aa26c7ce0ac9a5ee05d2b95/conversations/6aa26c825d5b4135ae6b48b5 -> HTTP 403 (next candidate)
[2026-09-21 22:43:31] GET /api/agents/6aa26c7ce0ac9a5ee05d2b95/conversations -> HTTP 403 (next candidate)
[2026-09-21 22:43:41] GET /api/agents/6aa26c7ce0ac9a5ee05d2b95/conversations/6aa26c825d5b4135ae6b48b5/messages -> HTTP 403 (next candidate)
[2026-09-21 22:43:41] GET /api/agents/6aa26c7ce0ac9a5ee05d2b95/conversations/6aa26c825d5b4135ae6b48b5 -> HTTP 403 (next candidate)
[2026-09-21 22:43:42] GET /api/agents/6aa26c7ce0ac9a5ee05d2b95/conversations -> HTTP 403 (next candidate)
[2026-09-21 22:43:52] GET /api/agents/6aa26c7ce0ac9a5ee05d2b95/conversations/6aa26c825d5b4135ae6b48b5/messages -> HTTP 403 (next candidate)
[2026-09-21 22:43:52] GET /api/agents/6aa26c7ce0ac9a5ee05d2b95/conversations/6aa26c825d5b4135ae6b48b5 -> HTTP 403 (next candidate)
[2026-09-21 22:43:52] GET /api/agents/6aa26c7ce0ac9a5ee05d2b95/conversations -> HTTP 403 (next candidate)
[2026-09-21 22:44:02] GET /api/agents/6aa26c7ce0ac9a5ee05d2b95/conversations/6aa26c825d5b4135ae6b48b5/messages -> HTTP 403 (next candidate)
[2026-09-21 22:44:02] GET /api/agents/6aa26c7ce0ac9a5ee05d2b95/conversations/6aa26c825d5b4135ae6b48b5 -> HTTP 403 (next candidate)
[2026-09-21 22:44:02] GET /api/agents/6aa26c7ce0ac9a5ee05d2b95/conversations -> HTTP 403 (next candidate)
[2026-09-21 22:44:12] GET /api/agents/6aa26c7ce0ac9a5ee05d2b95/conversations/6aa26c825d5b4135ae6b48b5/messages -> HTTP 403 (next candidate)
[2026-09-21 22:44:12] GET /api/agents/6aa26c7ce0ac9a5ee05d2b95/conversations/6aa26c825d5b4135ae6b48b5 -> HTTP 403 (next candidate)
[2026-09-21 22:44:12] GET /api/agents/6aa26c7ce0ac9a5ee05d2b95/conversations -> HTTP 403 (next candidate)
[2026-09-21 22:44:23] GET /api/agents/6aa26c7ce0ac9a5ee05d2b95/conversations/6aa26c825d5b4135ae6b48b5/messages -> HTTP 403 (next candidate)
[2026-09-21 22:44:23] GET /api/agents/6aa26c7ce0ac9a5ee05d2b95/conversations/6aa26c825d5b4135ae6b48b5 -> HTTP 403 (next candidate)
[2026-09-21 22:44:23] GET /api/agents/6aa26c7ce0ac9a5ee05d2b95/conversations -> HTTP 403 (next candidate)
[2026-09-21 22:44:33] GET /api/agents/6aa26c7ce0ac9a5ee05d2b95/conversations/6aa26c825d5b4135ae6b48b5/messages -> HTTP 403 (next candidate)
[2026-09-21 22:44:33] GET /api/agents/6aa26c7ce0ac9a5ee05d2b95/conversations/6aa26c825d5b4135ae6b48b5 -> HTTP 403 (next candidate)
[2026-09-21 22:44:33] GET /api/agents/6aa26c7ce0ac9a5ee05d2b95/conversations -> HTTP 403 (next candidate)
[2026-09-21 22:44:44] GET /api/agents/6aa26c7ce0ac9a5ee05d2b95/conversations/6aa26c825d5b4135ae6b48b5/messages -> HTTP 403 (next candidate)
[2026-09-21 22:44:44] GET /api/agents/6aa26c7ce0ac9a5ee05d2b95/conversations/6aa26c825d5b4135ae6b48b5 -> HTTP 403 (next candidate)
[2026-09-21 22:44:44] GET /api/agents/6aa26c7ce0ac9a5ee05d2b95/conversations -> HTTP 403 (next candidate)
[2026-09-21 22:44:54] GET /api/agents/6aa26c7ce0ac9a5ee05d2b95/conversations/6aa26c825d5b4135ae6b48b5/messages -> HTTP 403 (next candidate)
[2026-09-21 22:44:54] GET /api/agents/6aa26c7ce0ac9a5ee05d2b95/conversations/6aa26c825d5b4135ae6b48b5 -> HTTP 403 (next candidate)
[2026-09-21 22:44:54] GET /api/agents/6aa26c7ce0ac9a5ee05d2b95/conversations -> HTTP 403 (next candidate)
[2026-09-21 22:45:04] GET /api/agents/6aa26c7ce0ac9a5ee05d2b95/conversations/6aa26c825d5b4135ae6b48b5/messages -> HTTP 403 (next candidate)
[2026-09-21 22:45:04] GET /api/agents/6aa26c7ce0ac9a5ee05d2b95/conversations/6aa26c825d5b4135ae6b48b5 -> HTTP 403 (next candidate)
[2026-09-21 22:45:04] GET /api/agents/6aa26c7ce0ac9a5ee05d2b95/conversations -> HTTP 403 (next candidate)
[2026-09-21 22:45:15] GET /api/agents/6aa26c7ce0ac9a5ee05d2b95/conversations/6aa26c825d5b4135ae6b48b5/messages -> HTTP 403 (next candidate)
[2026-09-21 22:45:15] GET /api/agents/6aa26c7ce0ac9a5ee05d2b95/conversations/6aa26c825d5b4135ae6b48b5 -> HTTP 403 (next candidate)
[2026-09-21 22:45:15] GET /api/agents/6aa26c7ce0ac9a5ee05d2b95/conversations -> HTTP 403 (next candidate)
[2026-09-21 22:45:25] GET /api/agents/6aa26c7ce0ac9a5ee05d2b95/conversations/6aa26c825d5b4135ae6b48b5/messages -> HTTP 403 (next candidate)
[2026-09-21 22:45:25] GET /api/agents/6aa26c7ce0ac9a5ee05d2b95/conversations/6aa26c825d5b4135ae6b48b5 -> HTTP 403 (next candidate)
[2026-09-21 22:45:25] GET /api/agents/6aa26c7ce0ac9a5ee05d2b95/conversations -> HTTP 403 (next candidate)
[2026-09-21 22:45:35] GET /api/agents/6aa26c7ce0ac9a5ee05d2b95/conversations/6aa26c825d5b4135ae6b48b5/messages -> HTTP 403 (next candidate)
[2026-09-21 22:45:35] GET /api/agents/6aa26c7ce0ac9a5ee05d2b95/conversations/6aa26c825d5b4135ae6b48b5 -> HTTP 403 (next candidate)
[2026-09-21 22:45:36] GET /api/agents/6aa26c7ce0ac9a5ee05d2b95/conversations -> HTTP 403 (next candidate)
[2026-09-21 22:45:46] GET /api/agents/6aa26c7ce0ac9a5ee05d2b95/conversations/6aa26c825d5b4135ae6b48b5/messages -> HTTP 403 (next candidate)
[2026-09-21 22:45:46] GET /api/agents/6aa26c7ce0ac9a5ee05d2b95/conversations/6aa26c825d5b4135ae6b48b5 -> HTTP 403 (next candidate)
[2026-09-21 22:45:46] GET /api/agents/6aa26c7ce0ac9a5ee05d2b95/conversations -> HTTP 403 (next candidate)
[2026-09-21 22:45:56] GET /api/agents/6aa26c7ce0ac9a5ee05d2b95/conversations/6aa26c825d5b4135ae6b48b5/messages -> HTTP 403 (next candidate)
[2026-09-21 22:45:56] GET /api/agents/6aa26c7ce0ac9a5ee05d2b95/conversations/6aa26c825d5b4135ae6b48b5 -> HTTP 403 (next candidate)
[2026-09-21 22:45:56] GET /api/agents/6aa26c7ce0ac9a5ee05d2b95/conversations -> HTTP 403 (next candidate)
[2026-09-21 22:46:06] GET /api/agents/6aa26c7ce0ac9a5ee05d2b95/conversations/6aa26c825d5b4135ae6b48b5/messages -> HTTP 403 (next candidate)
[2026-09-21 22:46:07] GET /api/agents/6aa26c7ce0ac9a5ee05d2b95/conversations/6aa26c825d5b4135ae6b48b5 -> HTTP 403 (next candidate)
[2026-09-21 22:46:07] GET /api/agents/6aa26c7ce0ac9a5ee05d2b95/conversations -> HTTP 403 (next candidate)
[2026-09-21 22:46:17] GET /api/agents/6aa26c7ce0ac9a5ee05d2b95/conversations/6aa26c825d5b4135ae6b48b5/messages -> HTTP 403 (next candidate)
[2026-09-21 22:46:17] GET /api/agents/6aa26c7ce0ac9a5ee05d2b95/conversations/6aa26c825d5b4135ae6b48b5 -> HTTP 403 (next candidate)
[2026-09-21 22:46:17] GET /api/agents/6aa26c7ce0ac9a5ee05d2b95/conversations -> HTTP 403 (next candidate)
[2026-09-21 22:46:27] GET /api/agents/6aa26c7ce0ac9a5ee05d2b95/conversations/6aa26c825d5b4135ae6b48b5/messages -> HTTP 403 (next candidate)
[2026-09-21 22:46:27] GET /api/agents/6aa26c7ce0ac9a5ee05d2b95/conversations/6aa26c825d5b4135ae6b48b5 -> HTTP 403 (next candidate)
[2026-09-21 22:46:27] GET /api/agents/6aa26c7ce0ac9a5ee05d2b95/conversations -> HTTP 403 (next candidate)
[2026-09-21 22:46:38] GET /api/agents/6aa26c7ce0ac9a5ee05d2b95/conversations/6aa26c825d5b4135ae6b48b5/messages -> HTTP 403 (next candidate)
[2026-09-21 22:46:38] GET /api/agents/6aa26c7ce0ac9a5ee05d2b95/conversations/6aa26c825d5b4135ae6b48b5 -> HTTP 403 (next candidate)
[2026-09-21 22:46:38] GET /api/agents/6aa26c7ce0ac9a5ee05d2b95/conversations -> HTTP 403 (next candidate)
[2026-09-21 22:46:48] GET /api/agents/6aa26c7ce0ac9a5ee05d2b95/conversations/6aa26c825d5b4135ae6b48b5/messages -> HTTP 403 (next candidate)
[2026-09-21 22:46:48] GET /api/agents/6aa26c7ce0ac9a5ee05d2b95/conversations/6aa26c825d5b4135ae6b48b5 -> HTTP 403 (next candidate)
[2026-09-21 22:46:48] GET /api/agents/6aa26c7ce0ac9a5ee05d2b95/conversations -> HTTP 403 (next candidate)
[2026-09-21 22:46:58] GET /api/agents/6aa26c7ce0ac9a5ee05d2b95/conversations/6aa26c825d5b4135ae6b48b5/messages -> HTTP 403 (next candidate)
[2026-09-21 22:46:58] GET /api/agents/6aa26c7ce0ac9a5ee05d2b95/conversations/6aa26c825d5b4135ae6b48b5 -> HTTP 403 (next candidate)
[2026-09-21 22:46:58] GET /api/agents/6aa26c7ce0ac9a5ee05d2b95/conversations -> HTTP 403 (next candidate)
[2026-09-21 22:47:09] GET /api/agents/6aa26c7ce0ac9a5ee05d2b95/conversations/6aa26c825d5b4135ae6b48b5/messages -> HTTP 403 (next candidate)
[2026-09-21 22:47:09] GET /api/agents/6aa26c7ce0ac9a5ee05d2b95/conversations/6aa26c825d5b4135ae6b48b5 -> HTTP 403 (next candidate)
[2026-09-21 22:47:09] GET /api/agents/6aa26c7ce0ac9a5ee05d2b95/conversations -> HTTP 403 (next candidate)
[2026-09-21 22:47:19] GET /api/agents/6aa26c7ce0ac9a5ee05d2b95/conversations/6aa26c825d5b4135ae6b48b5/messages -> HTTP 403 (next candidate)
[2026-09-21 22:47:19] GET /api/agents/6aa26c7ce0ac9a5ee05d2b95/conversations/6aa26c825d5b4135ae6b48b5 -> HTTP 403 (next candidate)
[2026-09-21 22:47:19] GET /api/agents/6aa26c7ce0ac9a5ee05d2b95/conversations -> HTTP 403 (next candidate)
[2026-09-21 22:47:29] GET /api/agents/6aa26c7ce0ac9a5ee05d2b95/conversations/6aa26c825d5b4135ae6b48b5/messages -> HTTP 403 (next candidate)
[2026-09-21 22:47:29] GET /api/agents/6aa26c7ce0ac9a5ee05d2b95/conversations/6aa26c825d5b4135ae6b48b5 -> HTTP 403 (next candidate)
[2026-09-21 22:47:30] GET /api/agents/6aa26c7ce0ac9a5ee05d2b95/conversations -> HTTP 403 (next candidate)
[2026-09-21 22:47:40] GET /api/agents/6aa26c7ce0ac9a5ee05d2b95/conversations/6aa26c825d5b4135ae6b48b5/messages -> HTTP 403 (next candidate)
[2026-09-21 22:47:40] GET /api/agents/6aa26c7ce0ac9a5ee05d2b95/conversations/6aa26c825d5b4135ae6b48b5 -> HTTP 403 (next candidate)
[2026-09-21 22:47:40] GET /api/agents/6aa26c7ce0ac9a5ee05d2b95/conversations -> HTTP 403 (next candidate)
[2026-09-21 22:47:50] GET /api/agents/6aa26c7ce0ac9a5ee05d2b95/conversations/6aa26c825d5b4135ae6b48b5/messages -> HTTP 403 (next candidate)
[2026-09-21 22:47:50] GET /api/agents/6aa26c7ce0ac9a5ee05d2b95/conversations/6aa26c825d5b4135ae6b48b5 -> HTTP 403 (next candidate)
[2026-09-21 22:47:50] GET /api/agents/6aa26c7ce0ac9a5ee05d2b95/conversations -> HTTP 403 (next candidate)
[2026-09-21 22:48:00] GET /api/agents/6aa26c7ce0ac9a5ee05d2b95/conversations/6aa26c825d5b4135ae6b48b5/messages -> HTTP 403 (next candidate)
[2026-09-21 22:48:00] GET /api/agents/6aa26c7ce0ac9a5ee05d2b95/conversations/6aa26c825d5b4135ae6b48b5 -> HTTP 403 (next candidate)
[2026-09-21 22:48:01] GET /api/agents/6aa26c7ce0ac9a5ee05d2b95/conversations -> HTTP 403 (next candidate)
[2026-09-21 22:48:11] GET /api/agents/6aa26c7ce0ac9a5ee05d2b95/conversations/6aa26c825d5b4135ae6b48b5/messages -> HTTP 403 (next candidate)
[2026-09-21 22:48:11] GET /api/agents/6aa26c7ce0ac9a5ee05d2b95/conversations/6aa26c825d5b4135ae6b48b5 -> HTTP 403 (next candidate)
[2026-09-21 22:48:11] GET /api/agents/6aa26c7ce0ac9a5ee05d2b95/conversations -> HTTP 403 (next candidate)
[2026-09-21 22:48:21] GET /api/agents/6aa26c7ce0ac9a5ee05d2b95/conversations/6aa26c825d5b4135ae6b48b5/messages -> HTTP 403 (next candidate)
[2026-09-21 22:48:21] GET /api/agents/6aa26c7ce0ac9a5ee05d2b95/conversations/6aa26c825d5b4135ae6b48b5 -> HTTP 403 (next candidate)
[2026-09-21 22:48:21] GET /api/agents/6aa26c7ce0ac9a5ee05d2b95/conversations -> HTTP 403 (next candidate)
[2026-09-21 22:48:31] GET /api/agents/6aa26c7ce0ac9a5ee05d2b95/conversations/6aa26c825d5b4135ae6b48b5/messages -> HTTP 403 (next candidate)
[2026-09-21 22:48:32] GET /api/agents/6aa26c7ce0ac9a5ee05d2b95/conversations/6aa26c825d5b4135ae6b48b5 -> HTTP 403 (next candidate)
[2026-09-21 22:48:32] GET /api/agents/6aa26c7ce0ac9a5ee05d2b95/conversations -> HTTP 403 (next candidate)
[2026-09-21 22:48:42] GET /api/agents/6aa26c7ce0ac9a5ee05d2b95/conversations/6aa26c825d5b4135ae6b48b5/messages -> HTTP 403 (next candidate)
[2026-09-21 22:48:42] GET /api/agents/6aa26c7ce0ac9a5ee05d2b95/conversations/6aa26c825d5b4135ae6b48b5 -> HTTP 403 (next candidate)
[2026-09-21 22:48:42] GET /api/agents/6aa26c7ce0ac9a5ee05d2b95/conversations -> HTTP 403 (next candidate)
[2026-09-21 22:48:52] GET /api/agents/6aa26c7ce0ac9a5ee05d2b95/conversations/6aa26c825d5b4135ae6b48b5/messages -> HTTP 403 (next candidate)
[2026-09-21 22:48:52] GET /api/agents/6aa26c7ce0ac9a5ee05d2b95/conversations/6aa26c825d5b4135ae6b48b5 -> HTTP 403 (next candidate)
[2026-09-21 22:48:52] GET /api/agents/6aa26c7ce0ac9a5ee05d2b95/conversations -> HTTP 403 (next candidate)
[2026-09-21 22:49:02] GET /api/agents/6aa26c7ce0ac9a5ee05d2b95/conversations/6aa26c825d5b4135ae6b48b5/messages -> HTTP 403 (next candidate)
[2026-09-21 22:49:03] GET /api/agents/6aa26c7ce0ac9a5ee05d2b95/conversations/6aa26c825d5b4135ae6b48b5 -> HTTP 403 (next candidate)
[2026-09-21 22:49:03] GET /api/agents/6aa26c7ce0ac9a5ee05d2b95/conversations -> HTTP 403 (next candidate)
[2026-09-21 22:49:13] GET /api/agents/6aa26c7ce0ac9a5ee05d2b95/conversations/6aa26c825d5b4135ae6b48b5/messages -> HTTP 403 (next candidate)
[2026-09-21 22:49:13] GET /api/agents/6aa26c7ce0ac9a5ee05d2b95/conversations/6aa26c825d5b4135ae6b48b5 -> HTTP 403 (next candidate)
[2026-09-21 22:49:13] GET /api/agents/6aa26c7ce0ac9a5ee05d2b95/conversations -> HTTP 403 (next candidate)
[2026-09-21 22:49:23] GET /api/agents/6aa26c7ce0ac9a5ee05d2b95/conversations/6aa26c825d5b4135ae6b48b5/messages -> HTTP 403 (next candidate)
[2026-09-21 22:49:24] GET /api/agents/6aa26c7ce0ac9a5ee05d2b95/conversations/6aa26c825d5b4135ae6b48b5 -> HTTP 403 (next candidate)
[2026-09-21 22:49:24] GET /api/agents/6aa26c7ce0ac9a5ee05d2b95/conversations -> HTTP 403 (next candidate)
[2026-09-21 22:49:34] GET /api/agents/6aa26c7ce0ac9a5ee05d2b95/conversations/6aa26c825d5b4135ae6b48b5/messages -> HTTP 403 (next candidate)
[2026-09-21 22:49:34] GET /api/agents/6aa26c7ce0ac9a5ee05d2b95/conversations/6aa26c825d5b4135ae6b48b5 -> HTTP 403 (next candidate)
[2026-09-21 22:49:34] GET /api/agents/6aa26c7ce0ac9a5ee05d2b95/conversations -> HTTP 403 (next candidate)
[2026-09-21 22:49:44] GET /api/agents/6aa26c7ce0ac9a5ee05d2b95/conversations/6aa26c825d5b4135ae6b48b5/messages -> HTTP 403 (next candidate)
[2026-09-21 22:49:44] GET /api/agents/6aa26c7ce0ac9a5ee05d2b95/conversations/6aa26c825d5b4135ae6b48b5 -> HTTP 403 (next candidate)
[2026-09-21 22:49:45] GET /api/agents/6aa26c7ce0ac9a5ee05d2b95/conversations -> HTTP 403 (next candidate)
[2026-09-21 22:49:55] GET /api/agents/6aa26c7ce0ac9a5ee05d2b95/conversations/6aa26c825d5b4135ae6b48b5/messages -> HTTP 403 (next candidate)
[2026-09-21 22:49:55] GET /api/agents/6aa26c7ce0ac9a5ee05d2b95/conversations/6aa26c825d5b4135ae6b48b5 -> HTTP 403 (next candidate)
[2026-09-21 22:49:55] GET /api/agents/6aa26c7ce0ac9a5ee05d2b95/conversations -> HTTP 403 (next candidate)
[2026-09-21 22:50:05] GET /api/agents/6aa26c7ce0ac9a5ee05d2b95/conversations/6aa26c825d5b4135ae6b48b5/messages -> HTTP 403 (next candidate)
[2026-09-21 22:50:05] GET /api/agents/6aa26c7ce0ac9a5ee05d2b95/conversations/6aa26c825d5b4135ae6b48b5 -> HTTP 403 (next candidate)
[2026-09-21 22:50:06] GET /api/agents/6aa26c7ce0ac9a5ee05d2b95/conversations -> HTTP 403 (next candidate)
[2026-09-21 22:50:16] GET /api/agents/6aa26c7ce0ac9a5ee05d2b95/conversations/6aa26c825d5b4135ae6b48b5/messages -> HTTP 403 (next candidate)
[2026-09-21 22:50:16] GET /api/agents/6aa26c7ce0ac9a5ee05d2b95/conversations/6aa26c825d5b4135ae6b48b5 -> HTTP 403 (next candidate)
[2026-09-21 22:50:16] GET /api/agents/6aa26c7ce0ac9a5ee05d2b95/conversations -> HTTP 403 (next candidate)
[2026-09-21 22:50:26] GET /api/agents/6aa26c7ce0ac9a5ee05d2b95/conversations/6aa26c825d5b4135ae6b48b5/messages -> HTTP 403 (next candidate)
[2026-09-21 22:50:26] GET /api/agents/6aa26c7ce0ac9a5ee05d2b95/conversations/6aa26c825d5b4135ae6b48b5 -> HTTP 403 (next candidate)
[2026-09-21 22:50:26] GET /api/agents/6aa26c7ce0ac9a5ee05d2b95/conversations -> HTTP 403 (next candidate)
[2026-09-21 22:50:37] GET /api/agents/6aa26c7ce0ac9a5ee05d2b95/conversations/6aa26c825d5b4135ae6b48b5/messages -> HTTP 403 (next candidate)
[2026-09-21 22:50:37] GET /api/agents/6aa26c7ce0ac9a5ee05d2b95/conversations/6aa26c825d5b4135ae6b48b5 -> HTTP 403 (next candidate)
[2026-09-21 22:50:37] GET /api/agents/6aa26c7ce0ac9a5ee05d2b95/conversations -> HTTP 403 (next candidate)
[2026-09-21 22:50:47] GET /api/agents/6aa26c7ce0ac9a5ee05d2b95/conversations/6aa26c825d5b4135ae6b48b5/messages -> HTTP 403 (next candidate)
[2026-09-21 22:50:47] GET /api/agents/6aa26c7ce0ac9a5ee05d2b95/conversations/6aa26c825d5b4135ae6b48b5 -> HTTP 403 (next candidate)
[2026-09-21 22:50:47] GET /api/agents/6aa26c7ce0ac9a5ee05d2b95/conversations -> HTTP 403 (next candidate)
[2026-09-21 22:50:57] GET /api/agents/6aa26c7ce0ac9a5ee05d2b95/conversations/6aa26c825d5b4135ae6b48b5/messages -> HTTP 403 (next candidate)
[2026-09-21 22:50:57] GET /api/agents/6aa26c7ce0ac9a5ee05d2b95/conversations/6aa26c825d5b4135ae6b48b5 -> HTTP 403 (next candidate)
[2026-09-21 22:50:58] GET /api/agents/6aa26c7ce0ac9a5ee05d2b95/conversations -> HTTP 403 (next candidate)
[2026-09-21 22:51:08] GET /api/agents/6aa26c7ce0ac9a5ee05d2b95/conversations/6aa26c825d5b4135ae6b48b5/messages -> HTTP 403 (next candidate)
[2026-09-21 22:51:08] GET /api/agents/6aa26c7ce0ac9a5ee05d2b95/conversations/6aa26c825d5b4135ae6b48b5 -> HTTP 403 (next candidate)
[2026-09-21 22:51:08] GET /api/agents/6aa26c7ce0ac9a5ee05d2b95/conversations -> HTTP 403 (next candidate)
[2026-09-21 22:51:18] GET /api/agents/6aa26c7ce0ac9a5ee05d2b95/conversations/6aa26c825d5b4135ae6b48b5/messages -> HTTP 403 (next candidate)
[2026-09-21 22:51:18] GET /api/agents/6aa26c7ce0ac9a5ee05d2b95/conversations/6aa26c825d5b4135ae6b48b5 -> HTTP 403 (next candidate)
[2026-09-21 22:51:18] GET /api/agents/6aa26c7ce0ac9a5ee05d2b95/conversations -> HTTP 403 (next candidate)
[2026-09-21 22:51:28] GET /api/agents/6aa26c7ce0ac9a5ee05d2b95/conversations/6aa26c825d5b4135ae6b48b5/messages -> HTTP 403 (next candidate)
[2026-09-21 22:51:29] GET /api/agents/6aa26c7ce0ac9a5ee05d2b95/conversations/6aa26c825d5b4135ae6b48b5 -> HTTP 403 (next candidate)
[2026-09-21 22:51:29] GET /api/agents/6aa26c7ce0ac9a5ee05d2b95/conversations -> HTTP 403 (next candidate)
[2026-09-21 22:51:39] GET /api/agents/6aa26c7ce0ac9a5ee05d2b95/conversations/6aa26c825d5b4135ae6b48b5/messages -> HTTP 403 (next candidate)
[2026-09-21 22:51:39] GET /api/agents/6aa26c7ce0ac9a5ee05d2b95/conversations/6aa26c825d5b4135ae6b48b5 -> HTTP 403 (next candidate)
[2026-09-21 22:51:39] GET /api/agents/6aa26c7ce0ac9a5ee05d2b95/conversations -> HTTP 403 (next candidate)
[2026-09-21 22:51:49] GET /api/agents/6aa26c7ce0ac9a5ee05d2b95/conversations/6aa26c825d5b4135ae6b48b5/messages -> HTTP 403 (next candidate)
[2026-09-21 22:51:49] GET /api/agents/6aa26c7ce0ac9a5ee05d2b95/conversations/6aa26c825d5b4135ae6b48b5 -> HTTP 403 (next candidate)
[2026-09-21 22:51:49] GET /api/agents/6aa26c7ce0ac9a5ee05d2b95/conversations -> HTTP 403 (next candidate)
[2026-09-21 22:52:00] GET /api/agents/6aa26c7ce0ac9a5ee05d2b95/conversations/6aa26c825d5b4135ae6b48b5/messages -> HTTP 403 (next candidate)
[2026-09-21 22:52:00] GET /api/agents/6aa26c7ce0ac9a5ee05d2b95/conversations/6aa26c825d5b4135ae6b48b5 -> HTTP 403 (next candidate)
[2026-09-21 22:52:00] GET /api/agents/6aa26c7ce0ac9a5ee05d2b95/conversations -> HTTP 403 (next candidate)
[2026-09-21 22:52:10] GET /api/agents/6aa26c7ce0ac9a5ee05d2b95/conversations/6aa26c825d5b4135ae6b48b5/messages -> HTTP 403 (next candidate)
[2026-09-21 22:52:10] GET /api/agents/6aa26c7ce0ac9a5ee05d2b95/conversations/6aa26c825d5b4135ae6b48b5 -> HTTP 403 (next candidate)
[2026-09-21 22:52:10] GET /api/agents/6aa26c7ce0ac9a5ee05d2b95/conversations -> HTTP 403 (next candidate)
[2026-09-21 22:52:20] GET /api/agents/6aa26c7ce0ac9a5ee05d2b95/conversations/6aa26c825d5b4135ae6b48b5/messages -> HTTP 403 (next candidate)
[2026-09-21 22:52:20] GET /api/agents/6aa26c7ce0ac9a5ee05d2b95/conversations/6aa26c825d5b4135ae6b48b5 -> HTTP 403 (next candidate)
[2026-09-21 22:52:21] GET /api/agents/6aa26c7ce0ac9a5ee05d2b95/conversations -> HTTP 403 (next candidate)
[2026-09-21 22:52:31] GET /api/agents/6aa26c7ce0ac9a5ee05d2b95/conversations/6aa26c825d5b4135ae6b48b5/messages -> HTTP 403 (next candidate)
[2026-09-21 22:52:31] GET /api/agents/6aa26c7ce0ac9a5ee05d2b95/conversations/6aa26c825d5b4135ae6b48b5 -> HTTP 403 (next candidate)
[2026-09-21 22:52:31] GET /api/agents/6aa26c7ce0ac9a5ee05d2b95/conversations -> HTTP 403 (next candidate)
[2026-09-21 22:52:41] GET /api/agents/6aa26c7ce0ac9a5ee05d2b95/conversations/6aa26c825d5b4135ae6b48b5/messages -> HTTP 403 (next candidate)
[2026-09-21 22:52:41] GET /api/agents/6aa26c7ce0ac9a5ee05d2b95/conversations/6aa26c825d5b4135ae6b48b5 -> HTTP 403 (next candidate)
[2026-09-21 22:52:41] GET /api/agents/6aa26c7ce0ac9a5ee05d2b95/conversations -> HTTP 403 (next candidate)
[2026-09-21 22:52:52] GET /api/agents/6aa26c7ce0ac9a5ee05d2b95/conversations/6aa26c825d5b4135ae6b48b5/messages -> HTTP 403 (next candidate)
[2026-09-21 22:52:52] GET /api/agents/6aa26c7ce0ac9a5ee05d2b95/conversations/6aa26c825d5b4135ae6b48b5 -> HTTP 403 (next candidate)
[2026-09-21 22:52:52] GET /api/agents/6aa26c7ce0ac9a5ee05d2b95/conversations -> HTTP 403 (next candidate)
[2026-09-21 22:53:02] GET /api/agents/6aa26c7ce0ac9a5ee05d2b95/conversations/6aa26c825d5b4135ae6b48b5/messages -> HTTP 403 (next candidate)
[2026-09-21 22:53:02] GET /api/agents/6aa26c7ce0ac9a5ee05d2b95/conversations/6aa26c825d5b4135ae6b48b5 -> HTTP 403 (next candidate)
[2026-09-21 22:53:02] GET /api/agents/6aa26c7ce0ac9a5ee05d2b95/conversations -> HTTP 403 (next candidate)
[2026-09-21 22:53:12] GET /api/agents/6aa26c7ce0ac9a5ee05d2b95/conversations/6aa26c825d5b4135ae6b48b5/messages -> HTTP 403 (next candidate)
[2026-09-21 22:53:12] GET /api/agents/6aa26c7ce0ac9a5ee05d2b95/conversations/6aa26c825d5b4135ae6b48b5 -> HTTP 403 (next candidate)
[2026-09-21 22:53:13] GET /api/agents/6aa26c7ce0ac9a5ee05d2b95/conversations -> HTTP 403 (next candidate)
[2026-09-21 22:53:23] GET /api/agents/6aa26c7ce0ac9a5ee05d2b95/conversations/6aa26c825d5b4135ae6b48b5/messages -> HTTP 403 (next candidate)
[2026-09-21 22:53:23] GET /api/agents/6aa26c7ce0ac9a5ee05d2b95/conversations/6aa26c825d5b4135ae6b48b5 -> HTTP 403 (next candidate)
[2026-09-21 22:53:23] GET /api/agents/6aa26c7ce0ac9a5ee05d2b95/conversations -> HTTP 403 (next candidate)
[2026-09-21 22:53:33] GET /api/agents/6aa26c7ce0ac9a5ee05d2b95/conversations/6aa26c825d5b4135ae6b48b5/messages -> HTTP 403 (next candidate)
[2026-09-21 22:53:33] GET /api/agents/6aa26c7ce0ac9a5ee05d2b95/conversations/6aa26c825d5b4135ae6b48b5 -> HTTP 403 (next candidate)
[2026-09-21 22:53:33] GET /api/agents/6aa26c7ce0ac9a5ee05d2b95/conversations -> HTTP 403 (next candidate)
[2026-09-21 22:53:43] GET /api/agents/6aa26c7ce0ac9a5ee05d2b95/conversations/6aa26c825d5b4135ae6b48b5/messages -> HTTP 403 (next candidate)
[2026-09-21 22:53:43] GET /api/agents/6aa26c7ce0ac9a5ee05d2b95/conversations/6aa26c825d5b4135ae6b48b5 -> HTTP 403 (next candidate)
[2026-09-21 22:53:44] GET /api/agents/6aa26c7ce0ac9a5ee05d2b95/conversations -> HTTP 403 (next candidate)
[2026-09-21 22:53:54] GET /api/agents/6aa26c7ce0ac9a5ee05d2b95/conversations/6aa26c825d5b4135ae6b48b5/messages -> HTTP 403 (next candidate)
[2026-09-21 22:53:54] GET /api/agents/6aa26c7ce0ac9a5ee05d2b95/conversations/6aa26c825d5b4135ae6b48b5 -> HTTP 403 (next candidate)
[2026-09-21 22:53:54] GET /api/agents/6aa26c7ce0ac9a5ee05d2b95/conversations -> HTTP 403 (next candidate)
[2026-09-21 22:54:04] GET /api/agents/6aa26c7ce0ac9a5ee05d2b95/conversations/6aa26c825d5b4135ae6b48b5/messages -> HTTP 403 (next candidate)
[2026-09-21 22:54:04] GET /api/agents/6aa26c7ce0ac9a5ee05d2b95/conversations/6aa26c825d5b4135ae6b48b5 -> HTTP 403 (next candidate)
[2026-09-21 22:54:04] GET /api/agents/6aa26c7ce0ac9a5ee05d2b95/conversations -> HTTP 403 (next candidate)
[2026-09-21 22:54:14] GET /api/agents/6aa26c7ce0ac9a5ee05d2b95/conversations/6aa26c825d5b4135ae6b48b5/messages -> HTTP 403 (next candidate)
[2026-09-21 22:54:14] GET /api/agents/6aa26c7ce0ac9a5ee05d2b95/conversations/6aa26c825d5b4135ae6b48b5 -> HTTP 403 (next candidate)
[2026-09-21 22:54:15] GET /api/agents/6aa26c7ce0ac9a5ee05d2b95/conversations -> HTTP 403 (next candidate)
[2026-09-21 22:54:25] GET /api/agents/6aa26c7ce0ac9a5ee05d2b95/conversations/6aa26c825d5b4135ae6b48b5/messages -> HTTP 403 (next candidate)
[2026-09-21 22:54:25] GET /api/agents/6aa26c7ce0ac9a5ee05d2b95/conversations/6aa26c825d5b4135ae6b48b5 -> HTTP 403 (next candidate)
[2026-09-21 22:54:25] GET /api/agents/6aa26c7ce0ac9a5ee05d2b95/conversations -> HTTP 403 (next candidate)
[2026-09-21 22:54:35] GET /api/agents/6aa26c7ce0ac9a5ee05d2b95/conversations/6aa26c825d5b4135ae6b48b5/messages -> HTTP 403 (next candidate)
[2026-09-21 22:54:35] GET /api/agents/6aa26c7ce0ac9a5ee05d2b95/conversations/6aa26c825d5b4135ae6b48b5 -> HTTP 403 (next candidate)
[2026-09-21 22:54:35] GET /api/agents/6aa26c7ce0ac9a5ee05d2b95/conversations -> HTTP 403 (next candidate)
[2026-09-21 22:54:45] GET /api/agents/6aa26c7ce0ac9a5ee05d2b95/conversations/6aa26c825d5b4135ae6b48b5/messages -> HTTP 403 (next candidate)
[2026-09-21 22:54:45] GET /api/agents/6aa26c7ce0ac9a5ee05d2b95/conversations/6aa26c825d5b4135ae6b48b5 -> HTTP 403 (next candidate)
[2026-09-21 22:54:46] GET /api/agents/6aa26c7ce0ac9a5ee05d2b95/conversations -> HTTP 403 (next candidate)
[2026-09-21 22:54:56] GET /api/agents/6aa26c7ce0ac9a5ee05d2b95/conversations/6aa26c825d5b4135ae6b48b5/messages -> HTTP 403 (next candidate)
[2026-09-21 22:54:56] GET /api/agents/6aa26c7ce0ac9a5ee05d2b95/conversations/6aa26c825d5b4135ae6b48b5 -> HTTP 403 (next candidate)
[2026-09-21 22:54:56] GET /api/agents/6aa26c7ce0ac9a5ee05d2b95/conversations -> HTTP 403 (next candidate)
[2026-09-21 22:55:06] GET /api/agents/6aa26c7ce0ac9a5ee05d2b95/conversations/6aa26c825d5b4135ae6b48b5/messages -> HTTP 403 (next candidate)
[2026-09-21 22:55:06] GET /api/agents/6aa26c7ce0ac9a5ee05d2b95/conversations/6aa26c825d5b4135ae6b48b5 -> HTTP 403 (next candidate)
[2026-09-21 22:55:06] GET /api/agents/6aa26c7ce0ac9a5ee05d2b95/conversations -> HTTP 403 (next candidate)
[2026-09-21 22:55:17] GET /api/agents/6aa26c7ce0ac9a5ee05d2b95/conversations/6aa26c825d5b4135ae6b48b5/messages -> HTTP 403 (next candidate)
[2026-09-21 22:55:17] GET /api/agents/6aa26c7ce0ac9a5ee05d2b95/conversations/6aa26c825d5b4135ae6b48b5 -> HTTP 403 (next candidate)
[2026-09-21 22:55:17] GET /api/agents/6aa26c7ce0ac9a5ee05d2b95/conversations -> HTTP 403 (next candidate)
[2026-09-21 22:55:27] GET /api/agents/6aa26c7ce0ac9a5ee05d2b95/conversations/6aa26c825d5b4135ae6b48b5/messages -> HTTP 403 (next candidate)
[2026-09-21 22:55:27] GET /api/agents/6aa26c7ce0ac9a5ee05d2b95/conversations/6aa26c825d5b4135ae6b48b5 -> HTTP 403 (next candidate)
[2026-09-21 22:55:27] GET /api/agents/6aa26c7ce0ac9a5ee05d2b95/conversations -> HTTP 403 (next candidate)
[2026-09-21 22:55:37] GET /api/agents/6aa26c7ce0ac9a5ee05d2b95/conversations/6aa26c825d5b4135ae6b48b5/messages -> HTTP 403 (next candidate)
[2026-09-21 22:55:37] GET /api/agents/6aa26c7ce0ac9a5ee05d2b95/conversations/6aa26c825d5b4135ae6b48b5 -> HTTP 403 (next candidate)
[2026-09-21 22:55:37] GET /api/agents/6aa26c7ce0ac9a5ee05d2b95/conversations -> HTTP 403 (next candidate)
[2026-09-21 22:55:48] GET /api/agents/6aa26c7ce0ac9a5ee05d2b95/conversations/6aa26c825d5b4135ae6b48b5/messages -> HTTP 403 (next candidate)
[2026-09-21 22:55:48] GET /api/agents/6aa26c7ce0ac9a5ee05d2b95/conversations/6aa26c825d5b4135ae6b48b5 -> HTTP 403 (next candidate)
[2026-09-21 22:55:48] GET /api/agents/6aa26c7ce0ac9a5ee05d2b95/conversations -> HTTP 403 (next candidate)
[2026-09-21 22:55:58] GET /api/agents/6aa26c7ce0ac9a5ee05d2b95/conversations/6aa26c825d5b4135ae6b48b5/messages -> HTTP 403 (next candidate)
[2026-09-21 22:55:58] GET /api/agents/6aa26c7ce0ac9a5ee05d2b95/conversations/6aa26c825d5b4135ae6b48b5 -> HTTP 403 (next candidate)
[2026-09-21 22:55:58] GET /api/agents/6aa26c7ce0ac9a5ee05d2b95/conversations -> HTTP 403 (next candidate)
[2026-09-21 22:56:08] GET /api/agents/6aa26c7ce0ac9a5ee05d2b95/conversations/6aa26c825d5b4135ae6b48b5/messages -> HTTP 403 (next candidate)
[2026-09-21 22:56:08] GET /api/agents/6aa26c7ce0ac9a5ee05d2b95/conversations/6aa26c825d5b4135ae6b48b5 -> HTTP 403 (next candidate)
[2026-09-21 22:56:08] GET /api/agents/6aa26c7ce0ac9a5ee05d2b95/conversations -> HTTP 403 (next candidate)
[2026-09-21 22:56:19] GET /api/agents/6aa26c7ce0ac9a5ee05d2b95/conversations/6aa26c825d5b4135ae6b48b5/messages -> HTTP 403 (next candidate)
[2026-09-21 22:56:19] GET /api/agents/6aa26c7ce0ac9a5ee05d2b95/conversations/6aa26c825d5b4135ae6b48b5 -> HTTP 403 (next candidate)
[2026-09-21 22:56:19] GET /api/agents/6aa26c7ce0ac9a5ee05d2b95/conversations -> HTTP 403 (next candidate)
[2026-09-21 22:56:29] GET /api/agents/6aa26c7ce0ac9a5ee05d2b95/conversations/6aa26c825d5b4135ae6b48b5/messages -> HTTP 403 (next candidate)
[2026-09-21 22:56:29] GET /api/agents/6aa26c7ce0ac9a5ee05d2b95/conversations/6aa26c825d5b4135ae6b48b5 -> HTTP 403 (next candidate)
[2026-09-21 22:56:29] GET /api/agents/6aa26c7ce0ac9a5ee05d2b95/conversations -> HTTP 403 (next candidate)
[2026-09-21 22:56:40] GET /api/agents/6aa26c7ce0ac9a5ee05d2b95/conversations/6aa26c825d5b4135ae6b48b5/messages -> HTTP 403 (next candidate)
[2026-09-21 22:56:40] GET /api/agents/6aa26c7ce0ac9a5ee05d2b95/conversations/6aa26c825d5b4135ae6b48b5 -> HTTP 403 (next candidate)
[2026-09-21 22:56:40] GET /api/agents/6aa26c7ce0ac9a5ee05d2b95/conversations -> HTTP 403 (next candidate)
[2026-09-21 22:56:50] GET /api/agents/6aa26c7ce0ac9a5ee05d2b95/conversations/6aa26c825d5b4135ae6b48b5/messages -> HTTP 403 (next candidate)
[2026-09-21 22:56:50] GET /api/agents/6aa26c7ce0ac9a5ee05d2b95/conversations/6aa26c825d5b4135ae6b48b5 -> HTTP 403 (next candidate)
[2026-09-21 22:56:50] GET /api/agents/6aa26c7ce0ac9a5ee05d2b95/conversations -> HTTP 403 (next candidate)
[2026-09-21 22:57:00] GET /api/agents/6aa26c7ce0ac9a5ee05d2b95/conversations/6aa26c825d5b4135ae6b48b5/messages -> HTTP 403 (next candidate)
[2026-09-21 22:57:00] GET /api/agents/6aa26c7ce0ac9a5ee05d2b95/conversations/6aa26c825d5b4135ae6b48b5 -> HTTP 403 (next candidate)
[2026-09-21 22:57:00] GET /api/agents/6aa26c7ce0ac9a5ee05d2b95/conversations -> HTTP 403 (next candidate)
[2026-09-21 22:57:11] GET /api/agents/6aa26c7ce0ac9a5ee05d2b95/conversations/6aa26c825d5b4135ae6b48b5/messages -> HTTP 403 (next candidate)
[2026-09-21 22:57:11] GET /api/agents/6aa26c7ce0ac9a5ee05d2b95/conversations/6aa26c825d5b4135ae6b48b5 -> HTTP 403 (next candidate)
[2026-09-21 22:57:11] GET /api/agents/6aa26c7ce0ac9a5ee05d2b95/conversations -> HTTP 403 (next candidate)
[2026-09-21 22:57:21] GET /api/agents/6aa26c7ce0ac9a5ee05d2b95/conversations/6aa26c825d5b4135ae6b48b5/messages -> HTTP 403 (next candidate)
[2026-09-21 22:57:21] GET /api/agents/6aa26c7ce0ac9a5ee05d2b95/conversations/6aa26c825d5b4135ae6b48b5 -> HTTP 403 (next candidate)
[2026-09-21 22:57:21] GET /api/agents/6aa26c7ce0ac9a5ee05d2b95/conversations -> HTTP 403 (next candidate)
[2026-09-21 22:57:31] GET /api/agents/6aa26c7ce0ac9a5ee05d2b95/conversations/6aa26c825d5b4135ae6b48b5/messages -> HTTP 403 (next candidate)
[2026-09-21 22:57:31] GET /api/agents/6aa26c7ce0ac9a5ee05d2b95/conversations/6aa26c825d5b4135ae6b48b5 -> HTTP 403 (next candidate)
[2026-09-21 22:57:32] GET /api/agents/6aa26c7ce0ac9a5ee05d2b95/conversations -> HTTP 403 (next candidate)
[2026-09-21 22:57:42] GET /api/agents/6aa26c7ce0ac9a5ee05d2b95/conversations/6aa26c825d5b4135ae6b48b5/messages -> HTTP 403 (next candidate)
[2026-09-21 22:57:42] GET /api/agents/6aa26c7ce0ac9a5ee05d2b95/conversations/6aa26c825d5b4135ae6b48b5 -> HTTP 403 (next candidate)
[2026-09-21 22:57:42] GET /api/agents/6aa26c7ce0ac9a5ee05d2b95/conversations -> HTTP 403 (next candidate)
[2026-09-21 22:57:52] GET /api/agents/6aa26c7ce0ac9a5ee05d2b95/conversations/6aa26c825d5b4135ae6b48b5/messages -> HTTP 403 (next candidate)
[2026-09-21 22:57:52] GET /api/agents/6aa26c7ce0ac9a5ee05d2b95/conversations/6aa26c825d5b4135ae6b48b5 -> HTTP 403 (next candidate)
[2026-09-21 22:57:52] GET /api/agents/6aa26c7ce0ac9a5ee05d2b95/conversations -> HTTP 403 (next candidate)
[2026-09-21 22:58:02] GET /api/agents/6aa26c7ce0ac9a5ee05d2b95/conversations/6aa26c825d5b4135ae6b48b5/messages -> HTTP 403 (next candidate)
[2026-09-21 22:58:02] GET /api/agents/6aa26c7ce0ac9a5ee05d2b95/conversations/6aa26c825d5b4135ae6b48b5 -> HTTP 403 (next candidate)
[2026-09-21 22:58:02] GET /api/agents/6aa26c7ce0ac9a5ee05d2b95/conversations -> HTTP 403 (next candidate)
[2026-09-21 22:58:13] GET /api/agents/6aa26c7ce0ac9a5ee05d2b95/conversations/6aa26c825d5b4135ae6b48b5/messages -> HTTP 403 (next candidate)
[2026-09-21 22:58:13] GET /api/agents/6aa26c7ce0ac9a5ee05d2b95/conversations/6aa26c825d5b4135ae6b48b5 -> HTTP 403 (next candidate)
[2026-09-21 22:58:13] GET /api/agents/6aa26c7ce0ac9a5ee05d2b95/conversations -> HTTP 403 (next candidate)
[2026-09-21 22:58:23] GET /api/agents/6aa26c7ce0ac9a5ee05d2b95/conversations/6aa26c825d5b4135ae6b48b5/messages -> HTTP 403 (next candidate)
[2026-09-21 22:58:23] GET /api/agents/6aa26c7ce0ac9a5ee05d2b95/conversations/6aa26c825d5b4135ae6b48b5 -> HTTP 403 (next candidate)
[2026-09-21 22:58:24] GET /api/agents/6aa26c7ce0ac9a5ee05d2b95/conversations -> HTTP 403 (next candidate)
[2026-09-21 22:58:34] GET /api/agents/6aa26c7ce0ac9a5ee05d2b95/conversations/6aa26c825d5b4135ae6b48b5/messages -> HTTP 403 (next candidate)
[2026-09-21 22:58:34] GET /api/agents/6aa26c7ce0ac9a5ee05d2b95/conversations/6aa26c825d5b4135ae6b48b5 -> HTTP 403 (next candidate)
[2026-09-21 22:58:34] GET /api/agents/6aa26c7ce0ac9a5ee05d2b95/conversations -> HTTP 403 (next candidate)
[2026-09-21 22:58:44] GET /api/agents/6aa26c7ce0ac9a5ee05d2b95/conversations/6aa26c825d5b4135ae6b48b5/messages -> HTTP 403 (next candidate)
[2026-09-21 22:58:44] GET /api/agents/6aa26c7ce0ac9a5ee05d2b95/conversations/6aa26c825d5b4135ae6b48b5 -> HTTP 403 (next candidate)
[2026-09-21 22:58:44] GET /api/agents/6aa26c7ce0ac9a5ee05d2b95/conversations -> HTTP 403 (next candidate)
[2026-09-21 22:58:54] GET /api/agents/6aa26c7ce0ac9a5ee05d2b95/conversations/6aa26c825d5b4135ae6b48b5/messages -> HTTP 403 (next candidate)
[2026-09-21 22:58:55] GET /api/agents/6aa26c7ce0ac9a5ee05d2b95/conversations/6aa26c825d5b4135ae6b48b5 -> HTTP 403 (next candidate)
[2026-09-21 22:58:55] GET /api/agents/6aa26c7ce0ac9a5ee05d2b95/conversations -> HTTP 403 (next candidate)
[2026-09-21 22:59:05] GET /api/agents/6aa26c7ce0ac9a5ee05d2b95/conversations/6aa26c825d5b4135ae6b48b5/messages -> HTTP 403 (next candidate)
[2026-09-21 22:59:05] GET /api/agents/6aa26c7ce0ac9a5ee05d2b95/conversations/6aa26c825d5b4135ae6b48b5 -> HTTP 403 (next candidate)
[2026-09-21 22:59:05] GET /api/agents/6aa26c7ce0ac9a5ee05d2b95/conversations -> HTTP 403 (next candidate)
[2026-09-21 22:59:15] GET /api/agents/6aa26c7ce0ac9a5ee05d2b95/conversations/6aa26c825d5b4135ae6b48b5/messages -> HTTP 403 (next candidate)
[2026-09-21 22:59:15] GET /api/agents/6aa26c7ce0ac9a5ee05d2b95/conversations/6aa26c825d5b4135ae6b48b5 -> HTTP 403 (next candidate)
[2026-09-21 22:59:16] GET /api/agents/6aa26c7ce0ac9a5ee05d2b95/conversations -> HTTP 403 (next candidate)
[2026-09-21 22:59:26] GET /api/agents/6aa26c7ce0ac9a5ee05d2b95/conversations/6aa26c825d5b4135ae6b48b5/messages -> HTTP 403 (next candidate)
[2026-09-21 22:59:26] GET /api/agents/6aa26c7ce0ac9a5ee05d2b95/conversations/6aa26c825d5b4135ae6b48b5 -> HTTP 403 (next candidate)
[2026-09-21 22:59:26] GET /api/agents/6aa26c7ce0ac9a5ee05d2b95/conversations -> HTTP 403 (next candidate)
[2026-09-21 22:59:36] GET /api/agents/6aa26c7ce0ac9a5ee05d2b95/conversations/6aa26c825d5b4135ae6b48b5/messages -> HTTP 403 (next candidate)
[2026-09-21 22:59:36] GET /api/agents/6aa26c7ce0ac9a5ee05d2b95/conversations/6aa26c825d5b4135ae6b48b5 -> HTTP 403 (next candidate)
[2026-09-21 22:59:36] GET /api/agents/6aa26c7ce0ac9a5ee05d2b95/conversations -> HTTP 403 (next candidate)
[2026-09-21 22:59:46] GET /api/agents/6aa26c7ce0ac9a5ee05d2b95/conversations/6aa26c825d5b4135ae6b48b5/messages -> HTTP 403 (next candidate)
[2026-09-21 22:59:47] GET /api/agents/6aa26c7ce0ac9a5ee05d2b95/conversations/6aa26c825d5b4135ae6b48b5 -> HTTP 403 (next candidate)
[2026-09-21 22:59:47] GET /api/agents/6aa26c7ce0ac9a5ee05d2b95/conversations -> HTTP 403 (next candidate)
[2026-09-21 22:59:57] GET /api/agents/6aa26c7ce0ac9a5ee05d2b95/conversations/6aa26c825d5b4135ae6b48b5/messages -> HTTP 403 (next candidate)
[2026-09-21 22:59:57] GET /api/agents/6aa26c7ce0ac9a5ee05d2b95/conversations/6aa26c825d5b4135ae6b48b5 -> HTTP 403 (next candidate)
[2026-09-21 22:59:57] GET /api/agents/6aa26c7ce0ac9a5ee05d2b95/conversations -> HTTP 403 (next candidate)
[2026-09-21 23:00:07] GET /api/agents/6aa26c7ce0ac9a5ee05d2b95/conversations/6aa26c825d5b4135ae6b48b5/messages -> HTTP 403 (next candidate)
[2026-09-21 23:00:07] GET /api/agents/6aa26c7ce0ac9a5ee05d2b95/conversations/6aa26c825d5b4135ae6b48b5 -> HTTP 403 (next candidate)
[2026-09-21 23:00:07] GET /api/agents/6aa26c7ce0ac9a5ee05d2b95/conversations -> HTTP 403 (next candidate)
[2026-09-21 23:00:17] GET /api/agents/6aa26c7ce0ac9a5ee05d2b95/conversations/6aa26c825d5b4135ae6b48b5/messages -> HTTP 403 (next candidate)
[2026-09-21 23:00:18] GET /api/agents/6aa26c7ce0ac9a5ee05d2b95/conversations/6aa26c825d5b4135ae6b48b5 -> HTTP 403 (next candidate)
[2026-09-21 23:00:18] GET /api/agents/6aa26c7ce0ac9a5ee05d2b95/conversations -> HTTP 403 (next candidate)
[2026-09-21 23:00:28] GET /api/agents/6aa26c7ce0ac9a5ee05d2b95/conversations/6aa26c825d5b4135ae6b48b5/messages -> HTTP 403 (next candidate)
[2026-09-21 23:00:28] GET /api/agents/6aa26c7ce0ac9a5ee05d2b95/conversations/6aa26c825d5b4135ae6b48b5 -> HTTP 403 (next candidate)
[2026-09-21 23:00:28] GET /api/agents/6aa26c7ce0ac9a5ee05d2b95/conversations -> HTTP 403 (next candidate)
[2026-09-21 23:00:38] GET /api/agents/6aa26c7ce0ac9a5ee05d2b95/conversations/6aa26c825d5b4135ae6b48b5/messages -> HTTP 403 (next candidate)
[2026-09-21 23:00:38] GET /api/agents/6aa26c7ce0ac9a5ee05d2b95/conversations/6aa26c825d5b4135ae6b48b5 -> HTTP 403 (next candidate)
[2026-09-21 23:00:38] GET /api/agents/6aa26c7ce0ac9a5ee05d2b95/conversations -> HTTP 403 (next candidate)
[2026-09-21 23:00:48] GET /api/agents/6aa26c7ce0ac9a5ee05d2b95/conversations/6aa26c825d5b4135ae6b48b5/messages -> HTTP 403 (next candidate)
[2026-09-21 23:00:49] GET /api/agents/6aa26c7ce0ac9a5ee05d2b95/conversations/6aa26c825d5b4135ae6b48b5 -> HTTP 403 (next candidate)
[2026-09-21 23:00:49] GET /api/agents/6aa26c7ce0ac9a5ee05d2b95/conversations -> HTTP 403 (next candidate)
[2026-09-21 23:00:59] GET /api/agents/6aa26c7ce0ac9a5ee05d2b95/conversations/6aa26c825d5b4135ae6b48b5/messages -> HTTP 403 (next candidate)
[2026-09-21 23:00:59] GET /api/agents/6aa26c7ce0ac9a5ee05d2b95/conversations/6aa26c825d5b4135ae6b48b5 -> HTTP 403 (next candidate)
[2026-09-21 23:00:59] GET /api/agents/6aa26c7ce0ac9a5ee05d2b95/conversations -> HTTP 403 (next candidate)
[2026-09-21 23:01:09] GET /api/agents/6aa26c7ce0ac9a5ee05d2b95/conversations/6aa26c825d5b4135ae6b48b5/messages -> HTTP 403 (next candidate)
[2026-09-21 23:01:09] GET /api/agents/6aa26c7ce0ac9a5ee05d2b95/conversations/6aa26c825d5b4135ae6b48b5 -> HTTP 403 (next candidate)
[2026-09-21 23:01:09] GET /api/agents/6aa26c7ce0ac9a5ee05d2b95/conversations -> HTTP 403 (next candidate)
[2026-09-21 23:01:19] GET /api/agents/6aa26c7ce0ac9a5ee05d2b95/conversations/6aa26c825d5b4135ae6b48b5/messages -> HTTP 403 (next candidate)
[2026-09-21 23:01:19] GET /api/agents/6aa26c7ce0ac9a5ee05d2b95/conversations/6aa26c825d5b4135ae6b48b5 -> HTTP 403 (next candidate)
[2026-09-21 23:01:20] GET /api/agents/6aa26c7ce0ac9a5ee05d2b95/conversations -> HTTP 403 (next candidate)
[2026-09-21 23:01:30] GET /api/agents/6aa26c7ce0ac9a5ee05d2b95/conversations/6aa26c825d5b4135ae6b48b5/messages -> HTTP 403 (next candidate)
[2026-09-21 23:01:30] GET /api/agents/6aa26c7ce0ac9a5ee05d2b95/conversations/6aa26c825d5b4135ae6b48b5 -> HTTP 403 (next candidate)
[2026-09-21 23:01:30] GET /api/agents/6aa26c7ce0ac9a5ee05d2b95/conversations -> HTTP 403 (next candidate)
[2026-09-21 23:01:40] GET /api/agents/6aa26c7ce0ac9a5ee05d2b95/conversations/6aa26c825d5b4135ae6b48b5/messages -> HTTP 403 (next candidate)
[2026-09-21 23:01:40] GET /api/agents/6aa26c7ce0ac9a5ee05d2b95/conversations/6aa26c825d5b4135ae6b48b5 -> HTTP 403 (next candidate)
[2026-09-21 23:01:40] GET /api/agents/6aa26c7ce0ac9a5ee05d2b95/conversations -> HTTP 403 (next candidate)
[2026-09-21 23:01:51] GET /api/agents/6aa26c7ce0ac9a5ee05d2b95/conversations/6aa26c825d5b4135ae6b48b5/messages -> HTTP 403 (next candidate)
[2026-09-21 23:01:51] GET /api/agents/6aa26c7ce0ac9a5ee05d2b95/conversations/6aa26c825d5b4135ae6b48b5 -> HTTP 403 (next candidate)
[2026-09-21 23:01:51] GET /api/agents/6aa26c7ce0ac9a5ee05d2b95/conversations -> HTTP 403 (next candidate)
[2026-09-21 23:02:01] GET /api/agents/6aa26c7ce0ac9a5ee05d2b95/conversations/6aa26c825d5b4135ae6b48b5/messages -> HTTP 403 (next candidate)
[2026-09-21 23:02:01] GET /api/agents/6aa26c7ce0ac9a5ee05d2b95/conversations/6aa26c825d5b4135ae6b48b5 -> HTTP 403 (next candidate)
[2026-09-21 23:02:01] GET /api/agents/6aa26c7ce0ac9a5ee05d2b95/conversations -> HTTP 403 (next candidate)
[2026-09-21 23:02:11] GET /api/agents/6aa26c7ce0ac9a5ee05d2b95/conversations/6aa26c825d5b4135ae6b48b5/messages -> HTTP 403 (next candidate)
[2026-09-21 23:02:11] GET /api/agents/6aa26c7ce0ac9a5ee05d2b95/conversations/6aa26c825d5b4135ae6b48b5 -> HTTP 403 (next candidate)
[2026-09-21 23:02:11] GET /api/agents/6aa26c7ce0ac9a5ee05d2b95/conversations -> HTTP 403 (next candidate)
[2026-09-21 23:02:22] GET /api/agents/6aa26c7ce0ac9a5ee05d2b95/conversations/6aa26c825d5b4135ae6b48b5/messages -> HTTP 403 (next candidate)
[2026-09-21 23:02:22] GET /api/agents/6aa26c7ce0ac9a5ee05d2b95/conversations/6aa26c825d5b4135ae6b48b5 -> HTTP 403 (next candidate)
[2026-09-21 23:02:22] GET /api/agents/6aa26c7ce0ac9a5ee05d2b95/conversations -> HTTP 403 (next candidate)
[2026-09-21 23:02:32] GET /api/agents/6aa26c7ce0ac9a5ee05d2b95/conversations/6aa26c825d5b4135ae6b48b5/messages -> HTTP 403 (next candidate)
[2026-09-21 23:02:32] GET /api/agents/6aa26c7ce0ac9a5ee05d2b95/conversations/6aa26c825d5b4135ae6b48b5 -> HTTP 403 (next candidate)
[2026-09-21 23:02:32] GET /api/agents/6aa26c7ce0ac9a5ee05d2b95/conversations -> HTTP 403 (next candidate)
[2026-09-21 23:02:42] GET /api/agents/6aa26c7ce0ac9a5ee05d2b95/conversations/6aa26c825d5b4135ae6b48b5/messages -> HTTP 403 (next candidate)
[2026-09-21 23:02:42] GET /api/agents/6aa26c7ce0ac9a5ee05d2b95/conversations/6aa26c825d5b4135ae6b48b5 -> HTTP 403 (next candidate)
[2026-09-21 23:02:42] GET /api/agents/6aa26c7ce0ac9a5ee05d2b95/conversations -> HTTP 403 (next candidate)
[2026-09-21 23:02:53] GET /api/agents/6aa26c7ce0ac9a5ee05d2b95/conversations/6aa26c825d5b4135ae6b48b5/messages -> HTTP 403 (next candidate)
[2026-09-21 23:02:53] GET /api/agents/6aa26c7ce0ac9a5ee05d2b95/conversations/6aa26c825d5b4135ae6b48b5 -> HTTP 403 (next candidate)
[2026-09-21 23:02:53] GET /api/agents/6aa26c7ce0ac9a5ee05d2b95/conversations -> HTTP 403 (next candidate)
[2026-09-21 23:03:03] GET /api/agents/6aa26c7ce0ac9a5ee05d2b95/conversations/6aa26c825d5b4135ae6b48b5/messages -> HTTP 403 (next candidate)
[2026-09-21 23:03:03] GET /api/agents/6aa26c7ce0ac9a5ee05d2b95/conversations/6aa26c825d5b4135ae6b48b5 -> HTTP 403 (next candidate)
[2026-09-21 23:03:03] GET /api/agents/6aa26c7ce0ac9a5ee05d2b95/conversations -> HTTP 403 (next candidate)
[2026-09-21 23:03:13] GET /api/agents/6aa26c7ce0ac9a5ee05d2b95/conversations/6aa26c825d5b4135ae6b48b5/messages -> HTTP 403 (next candidate)
[2026-09-21 23:03:13] GET /api/agents/6aa26c7ce0ac9a5ee05d2b95/conversations/6aa26c825d5b4135ae6b48b5 -> HTTP 403 (next candidate)
[2026-09-21 23:03:14] GET /api/agents/6aa26c7ce0ac9a5ee05d2b95/conversations -> HTTP 403 (next candidate)
[2026-09-21 23:03:24] GET /api/agents/6aa26c7ce0ac9a5ee05d2b95/conversations/6aa26c825d5b4135ae6b48b5/messages -> HTTP 403 (next candidate)
[2026-09-21 23:03:24] GET /api/agents/6aa26c7ce0ac9a5ee05d2b95/conversations/6aa26c825d5b4135ae6b48b5 -> HTTP 403 (next candidate)
[2026-09-21 23:03:24] GET /api/agents/6aa26c7ce0ac9a5ee05d2b95/conversations -> HTTP 403 (next candidate)
[2026-09-21 23:03:34] GET /api/agents/6aa26c7ce0ac9a5ee05d2b95/conversations/6aa26c825d5b4135ae6b48b5/messages -> HTTP 403 (next candidate)
[2026-09-21 23:03:34] GET /api/agents/6aa26c7ce0ac9a5ee05d2b95/conversations/6aa26c825d5b4135ae6b48b5 -> HTTP 403 (next candidate)
[2026-09-21 23:03:34] GET /api/agents/6aa26c7ce0ac9a5ee05d2b95/conversations -> HTTP 403 (next candidate)
[2026-09-21 23:03:44] GET /api/agents/6aa26c7ce0ac9a5ee05d2b95/conversations/6aa26c825d5b4135ae6b48b5/messages -> HTTP 403 (next candidate)
[2026-09-21 23:03:44] GET /api/agents/6aa26c7ce0ac9a5ee05d2b95/conversations/6aa26c825d5b4135ae6b48b5 -> HTTP 403 (next candidate)
[2026-09-21 23:03:45] GET /api/agents/6aa26c7ce0ac9a5ee05d2b95/conversations -> HTTP 403 (next candidate)
[2026-09-21 23:03:55] GET /api/agents/6aa26c7ce0ac9a5ee05d2b95/conversations/6aa26c825d5b4135ae6b48b5/messages -> HTTP 403 (next candidate)
[2026-09-21 23:03:55] GET /api/agents/6aa26c7ce0ac9a5ee05d2b95/conversations/6aa26c825d5b4135ae6b48b5 -> HTTP 403 (next candidate)
[2026-09-21 23:03:55] GET /api/agents/6aa26c7ce0ac9a5ee05d2b95/conversations -> HTTP 403 (next candidate)
[2026-09-21 23:04:05] GET /api/agents/6aa26c7ce0ac9a5ee05d2b95/conversations/6aa26c825d5b4135ae6b48b5/messages -> HTTP 403 (next candidate)
[2026-09-21 23:04:05] GET /api/agents/6aa26c7ce0ac9a5ee05d2b95/conversations/6aa26c825d5b4135ae6b48b5 -> HTTP 403 (next candidate)
[2026-09-21 23:04:05] GET /api/agents/6aa26c7ce0ac9a5ee05d2b95/conversations -> HTTP 403 (next candidate)
[2026-09-21 23:04:15] GET /api/agents/6aa26c7ce0ac9a5ee05d2b95/conversations/6aa26c825d5b4135ae6b48b5/messages -> HTTP 403 (next candidate)
[2026-09-21 23:04:15] GET /api/agents/6aa26c7ce0ac9a5ee05d2b95/conversations/6aa26c825d5b4135ae6b48b5 -> HTTP 403 (next candidate)
[2026-09-21 23:04:16] GET /api/agents/6aa26c7ce0ac9a5ee05d2b95/conversations -> HTTP 403 (next candidate)
[2026-09-21 23:04:26] GET /api/agents/6aa26c7ce0ac9a5ee05d2b95/conversations/6aa26c825d5b4135ae6b48b5/messages -> HTTP 403 (next candidate)
[2026-09-21 23:04:26] GET /api/agents/6aa26c7ce0ac9a5ee05d2b95/conversations/6aa26c825d5b4135ae6b48b5 -> HTTP 403 (next candidate)
[2026-09-21 23:04:26] GET /api/agents/6aa26c7ce0ac9a5ee05d2b95/conversations -> HTTP 403 (next candidate)
[2026-09-21 23:04:36] GET /api/agents/6aa26c7ce0ac9a5ee05d2b95/conversations/6aa26c825d5b4135ae6b48b5/messages -> HTTP 403 (next candidate)
[2026-09-21 23:04:36] GET /api/agents/6aa26c7ce0ac9a5ee05d2b95/conversations/6aa26c825d5b4135ae6b48b5 -> HTTP 403 (next candidate)
[2026-09-21 23:04:37] GET /api/agents/6aa26c7ce0ac9a5ee05d2b95/conversations -> HTTP 403 (next candidate)
[2026-09-21 23:04:47] GET /api/agents/6aa26c7ce0ac9a5ee05d2b95/conversations/6aa26c825d5b4135ae6b48b5/messages -> HTTP 403 (next candidate)
[2026-09-21 23:04:47] GET /api/agents/6aa26c7ce0ac9a5ee05d2b95/conversations/6aa26c825d5b4135ae6b48b5 -> HTTP 403 (next candidate)
[2026-09-21 23:04:47] GET /api/agents/6aa26c7ce0ac9a5ee05d2b95/conversations -> HTTP 403 (next candidate)
[2026-09-21 23:04:57] GET /api/agents/6aa26c7ce0ac9a5ee05d2b95/conversations/6aa26c825d5b4135ae6b48b5/messages -> HTTP 403 (next candidate)
[2026-09-21 23:04:57] GET /api/agents/6aa26c7ce0ac9a5ee05d2b95/conversations/6aa26c825d5b4135ae6b48b5 -> HTTP 403 (next candidate)
[2026-09-21 23:04:57] GET /api/agents/6aa26c7ce0ac9a5ee05d2b95/conversations -> HTTP 403 (next candidate)
[2026-09-21 23:05:07] GET /api/agents/6aa26c7ce0ac9a5ee05d2b95/conversations/6aa26c825d5b4135ae6b48b5/messages -> HTTP 403 (next candidate)
[2026-09-21 23:05:07] GET /api/agents/6aa26c7ce0ac9a5ee05d2b95/conversations/6aa26c825d5b4135ae6b48b5 -> HTTP 403 (next candidate)
[2026-09-21 23:05:07] GET /api/agents/6aa26c7ce0ac9a5ee05d2b95/conversations -> HTTP 403 (next candidate)
[2026-09-21 23:05:18] GET /api/agents/6aa26c7ce0ac9a5ee05d2b95/conversations/6aa26c825d5b4135ae6b48b5/messages -> HTTP 403 (next candidate)
[2026-09-21 23:05:18] GET /api/agents/6aa26c7ce0ac9a5ee05d2b95/conversations/6aa26c825d5b4135ae6b48b5 -> HTTP 403 (next candidate)
[2026-09-21 23:05:18] GET /api/agents/6aa26c7ce0ac9a5ee05d2b95/conversations -> HTTP 403 (next candidate)
[2026-09-21 23:05:28] GET /api/agents/6aa26c7ce0ac9a5ee05d2b95/conversations/6aa26c825d5b4135ae6b48b5/messages -> HTTP 403 (next candidate)
[2026-09-21 23:05:28] GET /api/agents/6aa26c7ce0ac9a5ee05d2b95/conversations/6aa26c825d5b4135ae6b48b5 -> HTTP 403 (next candidate)
[2026-09-21 23:05:28] GET /api/agents/6aa26c7ce0ac9a5ee05d2b95/conversations -> HTTP 403 (next candidate)
[2026-09-21 23:05:38] GET /api/agents/6aa26c7ce0ac9a5ee05d2b95/conversations/6aa26c825d5b4135ae6b48b5/messages -> HTTP 403 (next candidate)
[2026-09-21 23:05:38] GET /api/agents/6aa26c7ce0ac9a5ee05d2b95/conversations/6aa26c825d5b4135ae6b48b5 -> HTTP 403 (next candidate)
[2026-09-21 23:05:39] GET /api/agents/6aa26c7ce0ac9a5ee05d2b95/conversations -> HTTP 403 (next candidate)
[2026-09-21 23:05:49] GET /api/agents/6aa26c7ce0ac9a5ee05d2b95/conversations/6aa26c825d5b4135ae6b48b5/messages -> HTTP 403 (next candidate)
[2026-09-21 23:05:49] GET /api/agents/6aa26c7ce0ac9a5ee05d2b95/conversations/6aa26c825d5b4135ae6b48b5 -> HTTP 403 (next candidate)
[2026-09-21 23:05:49] GET /api/agents/6aa26c7ce0ac9a5ee05d2b95/conversations -> HTTP 403 (next candidate)
[2026-09-21 23:05:59] GET /api/agents/6aa26c7ce0ac9a5ee05d2b95/conversations/6aa26c825d5b4135ae6b48b5/messages -> HTTP 403 (next candidate)
[2026-09-21 23:05:59] GET /api/agents/6aa26c7ce0ac9a5ee05d2b95/conversations/6aa26c825d5b4135ae6b48b5 -> HTTP 403 (next candidate)
[2026-09-21 23:06:00] GET /api/agents/6aa26c7ce0ac9a5ee05d2b95/conversations -> HTTP 403 (next candidate)
[2026-09-21 23:06:10] GET /api/agents/6aa26c7ce0ac9a5ee05d2b95/conversations/6aa26c825d5b4135ae6b48b5/messages -> HTTP 403 (next candidate)
[2026-09-21 23:06:10] GET /api/agents/6aa26c7ce0ac9a5ee05d2b95/conversations/6aa26c825d5b4135ae6b48b5 -> HTTP 403 (next candidate)
[2026-09-21 23:06:10] GET /api/agents/6aa26c7ce0ac9a5ee05d2b95/conversations -> HTTP 403 (next candidate)
[2026-09-21 23:06:20] GET /api/agents/6aa26c7ce0ac9a5ee05d2b95/conversations/6aa26c825d5b4135ae6b48b5/messages -> HTTP 403 (next candidate)
[2026-09-21 23:06:20] GET /api/agents/6aa26c7ce0ac9a5ee05d2b95/conversations/6aa26c825d5b4135ae6b48b5 -> HTTP 403 (next candidate)
[2026-09-21 23:06:20] GET /api/agents/6aa26c7ce0ac9a5ee05d2b95/conversations -> HTTP 403 (next candidate)
[2026-09-21 23:06:31] GET /api/agents/6aa26c7ce0ac9a5ee05d2b95/conversations/6aa26c825d5b4135ae6b48b5/messages -> HTTP 403 (next candidate)
[2026-09-21 23:06:31] GET /api/agents/6aa26c7ce0ac9a5ee05d2b95/conversations/6aa26c825d5b4135ae6b48b5 -> HTTP 403 (next candidate)
[2026-09-21 23:06:31] GET /api/agents/6aa26c7ce0ac9a5ee05d2b95/conversations -> HTTP 403 (next candidate)
[2026-09-21 23:06:41] GET /api/agents/6aa26c7ce0ac9a5ee05d2b95/conversations/6aa26c825d5b4135ae6b48b5/messages -> HTTP 403 (next candidate)
[2026-09-21 23:06:41] GET /api/agents/6aa26c7ce0ac9a5ee05d2b95/conversations/6aa26c825d5b4135ae6b48b5 -> HTTP 403 (next candidate)
[2026-09-21 23:06:41] GET /api/agents/6aa26c7ce0ac9a5ee05d2b95/conversations -> HTTP 403 (next candidate)
[2026-09-21 23:06:51] GET /api/agents/6aa26c7ce0ac9a5ee05d2b95/conversations/6aa26c825d5b4135ae6b48b5/messages -> HTTP 403 (next candidate)
[2026-09-21 23:06:51] GET /api/agents/6aa26c7ce0ac9a5ee05d2b95/conversations/6aa26c825d5b4135ae6b48b5 -> HTTP 403 (next candidate)
[2026-09-21 23:06:52] GET /api/agents/6aa26c7ce0ac9a5ee05d2b95/conversations -> HTTP 403 (next candidate)
[2026-09-21 23:07:02] GET /api/agents/6aa26c7ce0ac9a5ee05d2b95/conversations/6aa26c825d5b4135ae6b48b5/messages -> HTTP 403 (next candidate)
[2026-09-21 23:07:02] GET /api/agents/6aa26c7ce0ac9a5ee05d2b95/conversations/6aa26c825d5b4135ae6b48b5 -> HTTP 403 (next candidate)
[2026-09-21 23:07:02] GET /api/agents/6aa26c7ce0ac9a5ee05d2b95/conversations -> HTTP 403 (next candidate)
[2026-09-21 23:07:12] GET /api/agents/6aa26c7ce0ac9a5ee05d2b95/conversations/6aa26c825d5b4135ae6b48b5/messages -> HTTP 403 (next candidate)
[2026-09-21 23:07:12] GET /api/agents/6aa26c7ce0ac9a5ee05d2b95/conversations/6aa26c825d5b4135ae6b48b5 -> HTTP 403 (next candidate)
[2026-09-21 23:07:12] GET /api/agents/6aa26c7ce0ac9a5ee05d2b95/conversations -> HTTP 403 (next candidate)
[2026-09-21 23:07:22] GET /api/agents/6aa26c7ce0ac9a5ee05d2b95/conversations/6aa26c825d5b4135ae6b48b5/messages -> HTTP 403 (next candidate)
[2026-09-21 23:07:23] GET /api/agents/6aa26c7ce0ac9a5ee05d2b95/conversations/6aa26c825d5b4135ae6b48b5 -> HTTP 403 (next candidate)
[2026-09-21 23:07:23] GET /api/agents/6aa26c7ce0ac9a5ee05d2b95/conversations -> HTTP 403 (next candidate)
[2026-09-21 23:07:33] GET /api/agents/6aa26c7ce0ac9a5ee05d2b95/conversations/6aa26c825d5b4135ae6b48b5/messages -> HTTP 403 (next candidate)
[2026-09-21 23:07:33] GET /api/agents/6aa26c7ce0ac9a5ee05d2b95/conversations/6aa26c825d5b4135ae6b48b5 -> HTTP 403 (next candidate)
[2026-09-21 23:07:33] GET /api/agents/6aa26c7ce0ac9a5ee05d2b95/conversations -> HTTP 403 (next candidate)
[2026-09-21 23:07:43] GET /api/agents/6aa26c7ce0ac9a5ee05d2b95/conversations/6aa26c825d5b4135ae6b48b5/messages -> HTTP 403 (next candidate)
[2026-09-21 23:07:44] GET /api/agents/6aa26c7ce0ac9a5ee05d2b95/conversations/6aa26c825d5b4135ae6b48b5 -> HTTP 403 (next candidate)
[2026-09-21 23:07:44] GET /api/agents/6aa26c7ce0ac9a5ee05d2b95/conversations -> HTTP 403 (next candidate)
[2026-09-21 23:07:54] GET /api/agents/6aa26c7ce0ac9a5ee05d2b95/conversations/6aa26c825d5b4135ae6b48b5/messages -> HTTP 403 (next candidate)
[2026-09-21 23:07:54] GET /api/agents/6aa26c7ce0ac9a5ee05d2b95/conversations/6aa26c825d5b4135ae6b48b5 -> HTTP 403 (next candidate)
[2026-09-21 23:07:54] GET /api/agents/6aa26c7ce0ac9a5ee05d2b95/conversations -> HTTP 403 (next candidate)
[2026-09-21 23:08:04] GET /api/agents/6aa26c7ce0ac9a5ee05d2b95/conversations/6aa26c825d5b4135ae6b48b5/messages -> HTTP 403 (next candidate)
[2026-09-21 23:08:04] GET /api/agents/6aa26c7ce0ac9a5ee05d2b95/conversations/6aa26c825d5b4135ae6b48b5 -> HTTP 403 (next candidate)
[2026-09-21 23:08:04] GET /api/agents/6aa26c7ce0ac9a5ee05d2b95/conversations -> HTTP 403 (next candidate)
[2026-09-21 23:08:15] GET /api/agents/6aa26c7ce0ac9a5ee05d2b95/conversations/6aa26c825d5b4135ae6b48b5/messages -> HTTP 403 (next candidate)
[2026-09-21 23:08:15] GET /api/agents/6aa26c7ce0ac9a5ee05d2b95/conversations/6aa26c825d5b4135ae6b48b5 -> HTTP 403 (next candidate)
[2026-09-21 23:08:15] GET /api/agents/6aa26c7ce0ac9a5ee05d2b95/conversations -> HTTP 403 (next candidate)
[2026-09-21 23:08:25] GET /api/agents/6aa26c7ce0ac9a5ee05d2b95/conversations/6aa26c825d5b4135ae6b48b5/messages -> HTTP 403 (next candidate)
[2026-09-21 23:08:25] GET /api/agents/6aa26c7ce0ac9a5ee05d2b95/conversations/6aa26c825d5b4135ae6b48b5 -> HTTP 403 (next candidate)
[2026-09-21 23:08:25] GET /api/agents/6aa26c7ce0ac9a5ee05d2b95/conversations -> HTTP 403 (next candidate)
[2026-09-21 23:08:35] GET /api/agents/6aa26c7ce0ac9a5ee05d2b95/conversations/6aa26c825d5b4135ae6b48b5/messages -> HTTP 403 (next candidate)
[2026-09-21 23:08:35] GET /api/agents/6aa26c7ce0ac9a5ee05d2b95/conversations/6aa26c825d5b4135ae6b48b5 -> HTTP 403 (next candidate)
[2026-09-21 23:08:35] GET /api/agents/6aa26c7ce0ac9a5ee05d2b95/conversations -> HTTP 403 (next candidate)
[2026-09-21 23:08:46] GET /api/agents/6aa26c7ce0ac9a5ee05d2b95/conversations/6aa26c825d5b4135ae6b48b5/messages -> HTTP 403 (next candidate)
[2026-09-21 23:08:46] GET /api/agents/6aa26c7ce0ac9a5ee05d2b95/conversations/6aa26c825d5b4135ae6b48b5 -> HTTP 403 (next candidate)
[2026-09-21 23:08:46] GET /api/agents/6aa26c7ce0ac9a5ee05d2b95/conversations -> HTTP 403 (next candidate)
[2026-09-21 23:08:56] GET /api/agents/6aa26c7ce0ac9a5ee05d2b95/conversations/6aa26c825d5b4135ae6b48b5/messages -> HTTP 403 (next candidate)
[2026-09-21 23:08:56] GET /api/agents/6aa26c7ce0ac9a5ee05d2b95/conversations/6aa26c825d5b4135ae6b48b5 -> HTTP 403 (next candidate)
[2026-09-21 23:08:56] GET /api/agents/6aa26c7ce0ac9a5ee05d2b95/conversations -> HTTP 403 (next candidate)
[2026-09-21 23:09:06] GET /api/agents/6aa26c7ce0ac9a5ee05d2b95/conversations/6aa26c825d5b4135ae6b48b5/messages -> HTTP 403 (next candidate)
[2026-09-21 23:09:07] GET /api/agents/6aa26c7ce0ac9a5ee05d2b95/conversations/6aa26c825d5b4135ae6b48b5 -> HTTP 403 (next candidate)
[2026-09-21 23:09:07] GET /api/agents/6aa26c7ce0ac9a5ee05d2b95/conversations -> HTTP 403 (next candidate)
[2026-09-21 23:09:17] GET /api/agents/6aa26c7ce0ac9a5ee05d2b95/conversations/6aa26c825d5b4135ae6b48b5/messages -> HTTP 403 (next candidate)
[2026-09-21 23:09:17] GET /api/agents/6aa26c7ce0ac9a5ee05d2b95/conversations/6aa26c825d5b4135ae6b48b5 -> HTTP 403 (next candidate)
[2026-09-21 23:09:17] GET /api/agents/6aa26c7ce0ac9a5ee05d2b95/conversations -> HTTP 403 (next candidate)
[2026-09-21 23:09:27] GET /api/agents/6aa26c7ce0ac9a5ee05d2b95/conversations/6aa26c825d5b4135ae6b48b5/messages -> HTTP 403 (next candidate)
[2026-09-21 23:09:27] GET /api/agents/6aa26c7ce0ac9a5ee05d2b95/conversations/6aa26c825d5b4135ae6b48b5 -> HTTP 403 (next candidate)
[2026-09-21 23:09:27] GET /api/agents/6aa26c7ce0ac9a5ee05d2b95/conversations -> HTTP 403 (next candidate)
[2026-09-21 23:09:37] GET /api/agents/6aa26c7ce0ac9a5ee05d2b95/conversations/6aa26c825d5b4135ae6b48b5/messages -> HTTP 403 (next candidate)
[2026-09-21 23:09:38] GET /api/agents/6aa26c7ce0ac9a5ee05d2b95/conversations/6aa26c825d5b4135ae6b48b5 -> HTTP 403 (next candidate)
[2026-09-21 23:09:38] GET /api/agents/6aa26c7ce0ac9a5ee05d2b95/conversations -> HTTP 403 (next candidate)
[2026-09-21 23:09:48] GET /api/agents/6aa26c7ce0ac9a5ee05d2b95/conversations/6aa26c825d5b4135ae6b48b5/messages -> HTTP 403 (next candidate)
[2026-09-21 23:09:48] GET /api/agents/6aa26c7ce0ac9a5ee05d2b95/conversations/6aa26c825d5b4135ae6b48b5 -> HTTP 403 (next candidate)
[2026-09-21 23:09:48] GET /api/agents/6aa26c7ce0ac9a5ee05d2b95/conversations -> HTTP 403 (next candidate)
[2026-09-21 23:09:58] GET /api/agents/6aa26c7ce0ac9a5ee05d2b95/conversations/6aa26c825d5b4135ae6b48b5/messages -> HTTP 403 (next candidate)
[2026-09-21 23:09:58] GET /api/agents/6aa26c7ce0ac9a5ee05d2b95/conversations/6aa26c825d5b4135ae6b48b5 -> HTTP 403 (next candidate)
[2026-09-21 23:09:58] GET /api/agents/6aa26c7ce0ac9a5ee05d2b95/conversations -> HTTP 403 (next candidate)
[2026-09-21 23:10:09] GET /api/agents/6aa26c7ce0ac9a5ee05d2b95/conversations/6aa26c825d5b4135ae6b48b5/messages -> HTTP 403 (next candidate)
[2026-09-21 23:10:09] GET /api/agents/6aa26c7ce0ac9a5ee05d2b95/conversations/6aa26c825d5b4135ae6b48b5 -> HTTP 403 (next candidate)
[2026-09-21 23:10:09] GET /api/agents/6aa26c7ce0ac9a5ee05d2b95/conversations -> HTTP 403 (next candidate)
[2026-09-21 23:10:19] GET /api/agents/6aa26c7ce0ac9a5ee05d2b95/conversations/6aa26c825d5b4135ae6b48b5/messages -> HTTP 403 (next candidate)
[2026-09-21 23:10:19] GET /api/agents/6aa26c7ce0ac9a5ee05d2b95/conversations/6aa26c825d5b4135ae6b48b5 -> HTTP 403 (next candidate)
[2026-09-21 23:10:19] GET /api/agents/6aa26c7ce0ac9a5ee05d2b95/conversations -> HTTP 403 (next candidate)
[2026-09-21 23:10:29] GET /api/agents/6aa26c7ce0ac9a5ee05d2b95/conversations/6aa26c825d5b4135ae6b48b5/messages -> HTTP 403 (next candidate)
[2026-09-21 23:10:29] GET /api/agents/6aa26c7ce0ac9a5ee05d2b95/conversations/6aa26c825d5b4135ae6b48b5 -> HTTP 403 (next candidate)
[2026-09-21 23:10:29] GET /api/agents/6aa26c7ce0ac9a5ee05d2b95/conversations -> HTTP 403 (next candidate)
[2026-09-21 23:10:40] GET /api/agents/6aa26c7ce0ac9a5ee05d2b95/conversations/6aa26c825d5b4135ae6b48b5/messages -> HTTP 403 (next candidate)
[2026-09-21 23:10:40] GET /api/agents/6aa26c7ce0ac9a5ee05d2b95/conversations/6aa26c825d5b4135ae6b48b5 -> HTTP 403 (next candidate)
[2026-09-21 23:10:40] GET /api/agents/6aa26c7ce0ac9a5ee05d2b95/conversations -> HTTP 403 (next candidate)
[2026-09-21 23:10:50] GET /api/agents/6aa26c7ce0ac9a5ee05d2b95/conversations/6aa26c825d5b4135ae6b48b5/messages -> HTTP 403 (next candidate)
[2026-09-21 23:10:50] GET /api/agents/6aa26c7ce0ac9a5ee05d2b95/conversations/6aa26c825d5b4135ae6b48b5 -> HTTP 403 (next candidate)
[2026-09-21 23:10:50] GET /api/agents/6aa26c7ce0ac9a5ee05d2b95/conversations -> HTTP 403 (next candidate)
[2026-09-21 23:11:00] GET /api/agents/6aa26c7ce0ac9a5ee05d2b95/conversations/6aa26c825d5b4135ae6b48b5/messages -> HTTP 403 (next candidate)
[2026-09-21 23:11:00] GET /api/agents/6aa26c7ce0ac9a5ee05d2b95/conversations/6aa26c825d5b4135ae6b48b5 -> HTTP 403 (next candidate)
[2026-09-21 23:11:00] GET /api/agents/6aa26c7ce0ac9a5ee05d2b95/conversations -> HTTP 403 (next candidate)
[2026-09-21 23:11:11] GET /api/agents/6aa26c7ce0ac9a5ee05d2b95/conversations/6aa26c825d5b4135ae6b48b5/messages -> HTTP 403 (next candidate)
[2026-09-21 23:11:11] GET /api/agents/6aa26c7ce0ac9a5ee05d2b95/conversations/6aa26c825d5b4135ae6b48b5 -> HTTP 403 (next candidate)
[2026-09-21 23:11:11] GET /api/agents/6aa26c7ce0ac9a5ee05d2b95/conversations -> HTTP 403 (next candidate)
[2026-09-21 23:11:21] GET /api/agents/6aa26c7ce0ac9a5ee05d2b95/conversations/6aa26c825d5b4135ae6b48b5/messages -> HTTP 403 (next candidate)
[2026-09-21 23:11:21] GET /api/agents/6aa26c7ce0ac9a5ee05d2b95/conversations/6aa26c825d5b4135ae6b48b5 -> HTTP 403 (next candidate)
[2026-09-21 23:11:21] GET /api/agents/6aa26c7ce0ac9a5ee05d2b95/conversations -> HTTP 403 (next candidate)
[2026-09-21 23:11:31] GET /api/agents/6aa26c7ce0ac9a5ee05d2b95/conversations/6aa26c825d5b4135ae6b48b5/messages -> HTTP 403 (next candidate)
[2026-09-21 23:11:31] GET /api/agents/6aa26c7ce0ac9a5ee05d2b95/conversations/6aa26c825d5b4135ae6b48b5 -> HTTP 403 (next candidate)
[2026-09-21 23:11:32] GET /api/agents/6aa26c7ce0ac9a5ee05d2b95/conversations -> HTTP 403 (next candidate)
[2026-09-21 23:11:42] GET /api/agents/6aa26c7ce0ac9a5ee05d2b95/conversations/6aa26c825d5b4135ae6b48b5/messages -> HTTP 403 (next candidate)
[2026-09-21 23:11:42] GET /api/agents/6aa26c7ce0ac9a5ee05d2b95/conversations/6aa26c825d5b4135ae6b48b5 -> HTTP 403 (next candidate)
[2026-09-21 23:11:42] GET /api/agents/6aa26c7ce0ac9a5ee05d2b95/conversations -> HTTP 403 (next candidate)
[2026-09-21 23:11:52] GET /api/agents/6aa26c7ce0ac9a5ee05d2b95/conversations/6aa26c825d5b4135ae6b48b5/messages -> HTTP 403 (next candidate)
[2026-09-21 23:11:52] GET /api/agents/6aa26c7ce0ac9a5ee05d2b95/conversations/6aa26c825d5b4135ae6b48b5 -> HTTP 403 (next candidate)
[2026-09-21 23:11:52] GET /api/agents/6aa26c7ce0ac9a5ee05d2b95/conversations -> HTTP 403 (next candidate)
[2026-09-21 23:12:02] GET /api/agents/6aa26c7ce0ac9a5ee05d2b95/conversations/6aa26c825d5b4135ae6b48b5/messages -> HTTP 403 (next candidate)
[2026-09-21 23:12:02] GET /api/agents/6aa26c7ce0ac9a5ee05d2b95/conversations/6aa26c825d5b4135ae6b48b5 -> HTTP 403 (next candidate)
[2026-09-21 23:12:03] GET /api/agents/6aa26c7ce0ac9a5ee05d2b95/conversations -> HTTP 403 (next candidate)
[2026-09-21 23:12:13] GET /api/agents/6aa26c7ce0ac9a5ee05d2b95/conversations/6aa26c825d5b4135ae6b48b5/messages -> HTTP 403 (next candidate)
[2026-09-21 23:12:13] GET /api/agents/6aa26c7ce0ac9a5ee05d2b95/conversations/6aa26c825d5b4135ae6b48b5 -> HTTP 403 (next candidate)
[2026-09-21 23:12:13] GET /api/agents/6aa26c7ce0ac9a5ee05d2b95/conversations -> HTTP 403 (next candidate)
[2026-09-21 23:12:23] GET /api/agents/6aa26c7ce0ac9a5ee05d2b95/conversations/6aa26c825d5b4135ae6b48b5/messages -> HTTP 403 (next candidate)
[2026-09-21 23:12:23] GET /api/agents/6aa26c7ce0ac9a5ee05d2b95/conversations/6aa26c825d5b4135ae6b48b5 -> HTTP 403 (next candidate)
[2026-09-21 23:12:23] GET /api/agents/6aa26c7ce0ac9a5ee05d2b95/conversations -> HTTP 403 (next candidate)
[2026-09-21 23:12:34] GET /api/agents/6aa26c7ce0ac9a5ee05d2b95/conversations/6aa26c825d5b4135ae6b48b5/messages -> HTTP 403 (next candidate)
[2026-09-21 23:12:34] GET /api/agents/6aa26c7ce0ac9a5ee05d2b95/conversations/6aa26c825d5b4135ae6b48b5 -> HTTP 403 (next candidate)
[2026-09-21 23:12:34] GET /api/agents/6aa26c7ce0ac9a5ee05d2b95/conversations -> HTTP 403 (next candidate)
[2026-09-21 23:12:44] GET /api/agents/6aa26c7ce0ac9a5ee05d2b95/conversations/6aa26c825d5b4135ae6b48b5/messages -> HTTP 403 (next candidate)
[2026-09-21 23:12:44] GET /api/agents/6aa26c7ce0ac9a5ee05d2b95/conversations/6aa26c825d5b4135ae6b48b5 -> HTTP 403 (next candidate)
[2026-09-21 23:12:44] GET /api/agents/6aa26c7ce0ac9a5ee05d2b95/conversations -> HTTP 403 (next candidate)
[2026-09-21 23:12:54] GET /api/agents/6aa26c7ce0ac9a5ee05d2b95/conversations/6aa26c825d5b4135ae6b48b5/messages -> HTTP 403 (next candidate)
[2026-09-21 23:12:54] GET /api/agents/6aa26c7ce0ac9a5ee05d2b95/conversations/6aa26c825d5b4135ae6b48b5 -> HTTP 403 (next candidate)
[2026-09-21 23:12:55] GET /api/agents/6aa26c7ce0ac9a5ee05d2b95/conversations -> HTTP 403 (next candidate)
[2026-09-21 23:13:05] GET /api/agents/6aa26c7ce0ac9a5ee05d2b95/conversations/6aa26c825d5b4135ae6b48b5/messages -> HTTP 403 (next candidate)
[2026-09-21 23:13:05] GET /api/agents/6aa26c7ce0ac9a5ee05d2b95/conversations/6aa26c825d5b4135ae6b48b5 -> HTTP 403 (next candidate)
[2026-09-21 23:13:05] GET /api/agents/6aa26c7ce0ac9a5ee05d2b95/conversations -> HTTP 403 (next candidate)
[2026-09-21 23:13:15] GET /api/agents/6aa26c7ce0ac9a5ee05d2b95/conversations/6aa26c825d5b4135ae6b48b5/messages -> HTTP 403 (next candidate)
[2026-09-21 23:13:15] GET /api/agents/6aa26c7ce0ac9a5ee05d2b95/conversations/6aa26c825d5b4135ae6b48b5 -> HTTP 403 (next candidate)
[2026-09-21 23:13:15] GET /api/agents/6aa26c7ce0ac9a5ee05d2b95/conversations -> HTTP 403 (next candidate)
[2026-09-21 23:13:26] GET /api/agents/6aa26c7ce0ac9a5ee05d2b95/conversations/6aa26c825d5b4135ae6b48b5/messages -> HTTP 403 (next candidate)
[2026-09-21 23:13:26] GET /api/agents/6aa26c7ce0ac9a5ee05d2b95/conversations/6aa26c825d5b4135ae6b48b5 -> HTTP 403 (next candidate)
[2026-09-21 23:13:26] GET /api/agents/6aa26c7ce0ac9a5ee05d2b95/conversations -> HTTP 403 (next candidate)
[2026-09-21 23:13:36] GET /api/agents/6aa26c7ce0ac9a5ee05d2b95/conversations/6aa26c825d5b4135ae6b48b5/messages -> HTTP 403 (next candidate)
[2026-09-21 23:13:36] GET /api/agents/6aa26c7ce0ac9a5ee05d2b95/conversations/6aa26c825d5b4135ae6b48b5 -> HTTP 403 (next candidate)
[2026-09-21 23:13:36] GET /api/agents/6aa26c7ce0ac9a5ee05d2b95/conversations -> HTTP 403 (next candidate)
[2026-09-21 23:13:46] GET /api/agents/6aa26c7ce0ac9a5ee05d2b95/conversations/6aa26c825d5b4135ae6b48b5/messages -> HTTP 403 (next candidate)
[2026-09-21 23:13:46] GET /api/agents/6aa26c7ce0ac9a5ee05d2b95/conversations/6aa26c825d5b4135ae6b48b5 -> HTTP 403 (next candidate)
[2026-09-21 23:13:47] GET /api/agents/6aa26c7ce0ac9a5ee05d2b95/conversations -> HTTP 403 (next candidate)
[2026-09-21 23:13:57] GET /api/agents/6aa26c7ce0ac9a5ee05d2b95/conversations/6aa26c825d5b4135ae6b48b5/messages -> HTTP 403 (next candidate)
[2026-09-21 23:13:57] GET /api/agents/6aa26c7ce0ac9a5ee05d2b95/conversations/6aa26c825d5b4135ae6b48b5 -> HTTP 403 (next candidate)
[2026-09-21 23:13:57] GET /api/agents/6aa26c7ce0ac9a5ee05d2b95/conversations -> HTTP 403 (next candidate)
[2026-09-21 23:14:07] GET /api/agents/6aa26c7ce0ac9a5ee05d2b95/conversations/6aa26c825d5b4135ae6b48b5/messages -> HTTP 403 (next candidate)
[2026-09-21 23:14:07] GET /api/agents/6aa26c7ce0ac9a5ee05d2b95/conversations/6aa26c825d5b4135ae6b48b5 -> HTTP 403 (next candidate)
[2026-09-21 23:14:07] GET /api/agents/6aa26c7ce0ac9a5ee05d2b95/conversations -> HTTP 403 (next candidate)
[2026-09-21 23:14:17] GET /api/agents/6aa26c7ce0ac9a5ee05d2b95/conversations/6aa26c825d5b4135ae6b48b5/messages -> HTTP 403 (next candidate)
[2026-09-21 23:14:18] GET /api/agents/6aa26c7ce0ac9a5ee05d2b95/conversations/6aa26c825d5b4135ae6b48b5 -> HTTP 403 (next candidate)
[2026-09-21 23:14:18] GET /api/agents/6aa26c7ce0ac9a5ee05d2b95/conversations -> HTTP 403 (next candidate)
[2026-09-21 23:14:28] GET /api/agents/6aa26c7ce0ac9a5ee05d2b95/conversations/6aa26c825d5b4135ae6b48b5/messages -> HTTP 403 (next candidate)
[2026-09-21 23:14:28] GET /api/agents/6aa26c7ce0ac9a5ee05d2b95/conversations/6aa26c825d5b4135ae6b48b5 -> HTTP 403 (next candidate)
[2026-09-21 23:14:28] GET /api/agents/6aa26c7ce0ac9a5ee05d2b95/conversations -> HTTP 403 (next candidate)
[2026-09-21 23:14:39] GET /api/agents/6aa26c7ce0ac9a5ee05d2b95/conversations/6aa26c825d5b4135ae6b48b5/messages -> HTTP 403 (next candidate)
[2026-09-21 23:14:39] GET /api/agents/6aa26c7ce0ac9a5ee05d2b95/conversations/6aa26c825d5b4135ae6b48b5 -> HTTP 403 (next candidate)
[2026-09-21 23:14:39] GET /api/agents/6aa26c7ce0ac9a5ee05d2b95/conversations -> HTTP 403 (next candidate)
[2026-09-21 23:14:49] GET /api/agents/6aa26c7ce0ac9a5ee05d2b95/conversations/6aa26c825d5b4135ae6b48b5/messages -> HTTP 403 (next candidate)
[2026-09-21 23:14:49] GET /api/agents/6aa26c7ce0ac9a5ee05d2b95/conversations/6aa26c825d5b4135ae6b48b5 -> HTTP 403 (next candidate)
[2026-09-21 23:14:49] GET /api/agents/6aa26c7ce0ac9a5ee05d2b95/conversations -> HTTP 403 (next candidate)
[2026-09-21 23:14:59] GET /api/agents/6aa26c7ce0ac9a5ee05d2b95/conversations/6aa26c825d5b4135ae6b48b5/messages -> HTTP 403 (next candidate)
[2026-09-21 23:14:59] GET /api/agents/6aa26c7ce0ac9a5ee05d2b95/conversations/6aa26c825d5b4135ae6b48b5 -> HTTP 403 (next candidate)
[2026-09-21 23:15:00] GET /api/agents/6aa26c7ce0ac9a5ee05d2b95/conversations -> HTTP 403 (next candidate)
[2026-09-21 23:15:10] GET /api/agents/6aa26c7ce0ac9a5ee05d2b95/conversations/6aa26c825d5b4135ae6b48b5/messages -> HTTP 403 (next candidate)
[2026-09-21 23:15:10] GET /api/agents/6aa26c7ce0ac9a5ee05d2b95/conversations/6aa26c825d5b4135ae6b48b5 -> HTTP 403 (next candidate)
[2026-09-21 23:15:10] GET /api/agents/6aa26c7ce0ac9a5ee05d2b95/conversations -> HTTP 403 (next candidate)
[2026-09-21 23:15:20] GET /api/agents/6aa26c7ce0ac9a5ee05d2b95/conversations/6aa26c825d5b4135ae6b48b5/messages -> HTTP 403 (next candidate)
[2026-09-21 23:15:20] GET /api/agents/6aa26c7ce0ac9a5ee05d2b95/conversations/6aa26c825d5b4135ae6b48b5 -> HTTP 403 (next candidate)
[2026-09-21 23:15:20] GET /api/agents/6aa26c7ce0ac9a5ee05d2b95/conversations -> HTTP 403 (next candidate)
[2026-09-21 23:15:30] GET /api/agents/6aa26c7ce0ac9a5ee05d2b95/conversations/6aa26c825d5b4135ae6b48b5/messages -> HTTP 403 (next candidate)
[2026-09-21 23:15:31] GET /api/agents/6aa26c7ce0ac9a5ee05d2b95/conversations/6aa26c825d5b4135ae6b48b5 -> HTTP 403 (next candidate)
[2026-09-21 23:15:31] GET /api/agents/6aa26c7ce0ac9a5ee05d2b95/conversations -> HTTP 403 (next candidate)
[2026-09-21 23:15:41] GET /api/agents/6aa26c7ce0ac9a5ee05d2b95/conversations/6aa26c825d5b4135ae6b48b5/messages -> HTTP 403 (next candidate)
[2026-09-21 23:15:41] GET /api/agents/6aa26c7ce0ac9a5ee05d2b95/conversations/6aa26c825d5b4135ae6b48b5 -> HTTP 403 (next candidate)
[2026-09-21 23:15:41] GET /api/agents/6aa26c7ce0ac9a5ee05d2b95/conversations -> HTTP 403 (next candidate)
[2026-09-21 23:15:51] GET /api/agents/6aa26c7ce0ac9a5ee05d2b95/conversations/6aa26c825d5b4135ae6b48b5/messages -> HTTP 403 (next candidate)
[2026-09-21 23:15:51] GET /api/agents/6aa26c7ce0ac9a5ee05d2b95/conversations/6aa26c825d5b4135ae6b48b5 -> HTTP 403 (next candidate)
[2026-09-21 23:15:51] GET /api/agents/6aa26c7ce0ac9a5ee05d2b95/conversations -> HTTP 403 (next candidate)
[2026-09-21 23:16:02] GET /api/agents/6aa26c7ce0ac9a5ee05d2b95/conversations/6aa26c825d5b4135ae6b48b5/messages -> HTTP 403 (next candidate)
[2026-09-21 23:16:02] GET /api/agents/6aa26c7ce0ac9a5ee05d2b95/conversations/6aa26c825d5b4135ae6b48b5 -> HTTP 403 (next candidate)
[2026-09-21 23:16:02] GET /api/agents/6aa26c7ce0ac9a5ee05d2b95/conversations -> HTTP 403 (next candidate)
[2026-09-21 23:16:12] GET /api/agents/6aa26c7ce0ac9a5ee05d2b95/conversations/6aa26c825d5b4135ae6b48b5/messages -> HTTP 403 (next candidate)
[2026-09-21 23:16:12] GET /api/agents/6aa26c7ce0ac9a5ee05d2b95/conversations/6aa26c825d5b4135ae6b48b5 -> HTTP 403 (next candidate)
[2026-09-21 23:16:12] GET /api/agents/6aa26c7ce0ac9a5ee05d2b95/conversations -> HTTP 403 (next candidate)
[2026-09-21 23:16:22] GET /api/agents/6aa26c7ce0ac9a5ee05d2b95/conversations/6aa26c825d5b4135ae6b48b5/messages -> HTTP 403 (next candidate)
[2026-09-21 23:16:22] GET /api/agents/6aa26c7ce0ac9a5ee05d2b95/conversations/6aa26c825d5b4135ae6b48b5 -> HTTP 403 (next candidate)
[2026-09-21 23:16:22] GET /api/agents/6aa26c7ce0ac9a5ee05d2b95/conversations -> HTTP 403 (next candidate)
[2026-09-21 23:16:33] GET /api/agents/6aa26c7ce0ac9a5ee05d2b95/conversations/6aa26c825d5b4135ae6b48b5/messages -> HTTP 403 (next candidate)
[2026-09-21 23:16:33] GET /api/agents/6aa26c7ce0ac9a5ee05d2b95/conversations/6aa26c825d5b4135ae6b48b5 -> HTTP 403 (next candidate)
[2026-09-21 23:16:33] GET /api/agents/6aa26c7ce0ac9a5ee05d2b95/conversations -> HTTP 403 (next candidate)
[2026-09-21 23:16:43] GET /api/agents/6aa26c7ce0ac9a5ee05d2b95/conversations/6aa26c825d5b4135ae6b48b5/messages -> HTTP 403 (next candidate)
[2026-09-21 23:16:43] GET /api/agents/6aa26c7ce0ac9a5ee05d2b95/conversations/6aa26c825d5b4135ae6b48b5 -> HTTP 403 (next candidate)
[2026-09-21 23:16:43] GET /api/agents/6aa26c7ce0ac9a5ee05d2b95/conversations -> HTTP 403 (next candidate)
[2026-09-21 23:16:53] GET /api/agents/6aa26c7ce0ac9a5ee05d2b95/conversations/6aa26c825d5b4135ae6b48b5/messages -> HTTP 403 (next candidate)
[2026-09-21 23:16:54] GET /api/agents/6aa26c7ce0ac9a5ee05d2b95/conversations/6aa26c825d5b4135ae6b48b5 -> HTTP 403 (next candidate)
[2026-09-21 23:16:54] GET /api/agents/6aa26c7ce0ac9a5ee05d2b95/conversations -> HTTP 403 (next candidate)
[2026-09-21 23:17:04] GET /api/agents/6aa26c7ce0ac9a5ee05d2b95/conversations/6aa26c825d5b4135ae6b48b5/messages -> HTTP 403 (next candidate)
[2026-09-21 23:17:04] GET /api/agents/6aa26c7ce0ac9a5ee05d2b95/conversations/6aa26c825d5b4135ae6b48b5 -> HTTP 403 (next candidate)
[2026-09-21 23:17:04] GET /api/agents/6aa26c7ce0ac9a5ee05d2b95/conversations -> HTTP 403 (next candidate)
[2026-09-21 23:17:14] GET /api/agents/6aa26c7ce0ac9a5ee05d2b95/conversations/6aa26c825d5b4135ae6b48b5/messages -> HTTP 403 (next candidate)
[2026-09-21 23:17:14] GET /api/agents/6aa26c7ce0ac9a5ee05d2b95/conversations/6aa26c825d5b4135ae6b48b5 -> HTTP 403 (next candidate)
[2026-09-21 23:17:14] GET /api/agents/6aa26c7ce0ac9a5ee05d2b95/conversations -> HTTP 403 (next candidate)
[2026-09-21 23:17:25] GET /api/agents/6aa26c7ce0ac9a5ee05d2b95/conversations/6aa26c825d5b4135ae6b48b5/messages -> HTTP 403 (next candidate)
[2026-09-21 23:17:25] GET /api/agents/6aa26c7ce0ac9a5ee05d2b95/conversations/6aa26c825d5b4135ae6b48b5 -> HTTP 403 (next candidate)
[2026-09-21 23:17:25] GET /api/agents/6aa26c7ce0ac9a5ee05d2b95/conversations -> HTTP 403 (next candidate)
[2026-09-21 23:17:35] GET /api/agents/6aa26c7ce0ac9a5ee05d2b95/conversations/6aa26c825d5b4135ae6b48b5/messages -> HTTP 403 (next candidate)
[2026-09-21 23:17:35] GET /api/agents/6aa26c7ce0ac9a5ee05d2b95/conversations/6aa26c825d5b4135ae6b48b5 -> HTTP 403 (next candidate)
[2026-09-21 23:17:35] GET /api/agents/6aa26c7ce0ac9a5ee05d2b95/conversations -> HTTP 403 (next candidate)
[2026-09-21 23:17:45] GET /api/agents/6aa26c7ce0ac9a5ee05d2b95/conversations/6aa26c825d5b4135ae6b48b5/messages -> HTTP 403 (next candidate)
[2026-09-21 23:17:45] GET /api/agents/6aa26c7ce0ac9a5ee05d2b95/conversations/6aa26c825d5b4135ae6b48b5 -> HTTP 403 (next candidate)
[2026-09-21 23:17:46] GET /api/agents/6aa26c7ce0ac9a5ee05d2b95/conversations -> HTTP 403 (next candidate)
[2026-09-21 23:17:56] GET /api/agents/6aa26c7ce0ac9a5ee05d2b95/conversations/6aa26c825d5b4135ae6b48b5/messages -> HTTP 403 (next candidate)
[2026-09-21 23:17:56] GET /api/agents/6aa26c7ce0ac9a5ee05d2b95/conversations/6aa26c825d5b4135ae6b48b5 -> HTTP 403 (next candidate)
[2026-09-21 23:17:56] GET /api/agents/6aa26c7ce0ac9a5ee05d2b95/conversations -> HTTP 403 (next candidate)
[2026-09-21 23:18:06] GET /api/agents/6aa26c7ce0ac9a5ee05d2b95/conversations/6aa26c825d5b4135ae6b48b5/messages -> HTTP 403 (next candidate)
[2026-09-21 23:18:06] GET /api/agents/6aa26c7ce0ac9a5ee05d2b95/conversations/6aa26c825d5b4135ae6b48b5 -> HTTP 403 (next candidate)
[2026-09-21 23:18:06] GET /api/agents/6aa26c7ce0ac9a5ee05d2b95/conversations -> HTTP 403 (next candidate)
[2026-09-21 23:18:16] GET /api/agents/6aa26c7ce0ac9a5ee05d2b95/conversations/6aa26c825d5b4135ae6b48b5/messages -> HTTP 403 (next candidate)
[2026-09-21 23:18:17] GET /api/agents/6aa26c7ce0ac9a5ee05d2b95/conversations/6aa26c825d5b4135ae6b48b5 -> HTTP 403 (next candidate)
[2026-09-21 23:18:17] GET /api/agents/6aa26c7ce0ac9a5ee05d2b95/conversations -> HTTP 403 (next candidate)
[2026-09-21 23:18:27] GET /api/agents/6aa26c7ce0ac9a5ee05d2b95/conversations/6aa26c825d5b4135ae6b48b5/messages -> HTTP 403 (next candidate)
[2026-09-21 23:18:27] GET /api/agents/6aa26c7ce0ac9a5ee05d2b95/conversations/6aa26c825d5b4135ae6b48b5 -> HTTP 403 (next candidate)
[2026-09-21 23:18:27] GET /api/agents/6aa26c7ce0ac9a5ee05d2b95/conversations -> HTTP 403 (next candidate)
[2026-09-21 23:18:37] GET /api/agents/6aa26c7ce0ac9a5ee05d2b95/conversations/6aa26c825d5b4135ae6b48b5/messages -> HTTP 403 (next candidate)
[2026-09-21 23:18:37] GET /api/agents/6aa26c7ce0ac9a5ee05d2b95/conversations/6aa26c825d5b4135ae6b48b5 -> HTTP 403 (next candidate)
[2026-09-21 23:18:38] GET /api/agents/6aa26c7ce0ac9a5ee05d2b95/conversations -> HTTP 403 (next candidate)
[2026-09-21 23:18:48] GET /api/agents/6aa26c7ce0ac9a5ee05d2b95/conversations/6aa26c825d5b4135ae6b48b5/messages -> HTTP 403 (next candidate)
[2026-09-21 23:18:48] GET /api/agents/6aa26c7ce0ac9a5ee05d2b95/conversations/6aa26c825d5b4135ae6b48b5 -> HTTP 403 (next candidate)
[2026-09-21 23:18:48] GET /api/agents/6aa26c7ce0ac9a5ee05d2b95/conversations -> HTTP 403 (next candidate)
[2026-09-21 23:18:58] GET /api/agents/6aa26c7ce0ac9a5ee05d2b95/conversations/6aa26c825d5b4135ae6b48b5/messages -> HTTP 403 (next candidate)
[2026-09-21 23:18:58] GET /api/agents/6aa26c7ce0ac9a5ee05d2b95/conversations/6aa26c825d5b4135ae6b48b5 -> HTTP 403 (next candidate)
[2026-09-21 23:18:58] GET /api/agents/6aa26c7ce0ac9a5ee05d2b95/conversations -> HTTP 403 (next candidate)
[2026-09-21 23:19:08] GET /api/agents/6aa26c7ce0ac9a5ee05d2b95/conversations/6aa26c825d5b4135ae6b48b5/messages -> HTTP 403 (next candidate)
[2026-09-21 23:19:09] GET /api/agents/6aa26c7ce0ac9a5ee05d2b95/conversations/6aa26c825d5b4135ae6b48b5 -> HTTP 403 (next candidate)
[2026-09-21 23:19:09] GET /api/agents/6aa26c7ce0ac9a5ee05d2b95/conversations -> HTTP 403 (next candidate)
[2026-09-21 23:19:19] GET /api/agents/6aa26c7ce0ac9a5ee05d2b95/conversations/6aa26c825d5b4135ae6b48b5/messages -> HTTP 403 (next candidate)
[2026-09-21 23:19:19] GET /api/agents/6aa26c7ce0ac9a5ee05d2b95/conversations/6aa26c825d5b4135ae6b48b5 -> HTTP 403 (next candidate)
[2026-09-21 23:19:19] GET /api/agents/6aa26c7ce0ac9a5ee05d2b95/conversations -> HTTP 403 (next candidate)
[2026-09-21 23:19:29] GET /api/agents/6aa26c7ce0ac9a5ee05d2b95/conversations/6aa26c825d5b4135ae6b48b5/messages -> HTTP 403 (next candidate)
[2026-09-21 23:19:29] GET /api/agents/6aa26c7ce0ac9a5ee05d2b95/conversations/6aa26c825d5b4135ae6b48b5 -> HTTP 403 (next candidate)
[2026-09-21 23:19:29] GET /api/agents/6aa26c7ce0ac9a5ee05d2b95/conversations -> HTTP 403 (next candidate)
[2026-09-21 23:19:39] GET /api/agents/6aa26c7ce0ac9a5ee05d2b95/conversations/6aa26c825d5b4135ae6b48b5/messages -> HTTP 403 (next candidate)
[2026-09-21 23:19:40] GET /api/agents/6aa26c7ce0ac9a5ee05d2b95/conversations/6aa26c825d5b4135ae6b48b5 -> HTTP 403 (next candidate)
[2026-09-21 23:19:40] GET /api/agents/6aa26c7ce0ac9a5ee05d2b95/conversations -> HTTP 403 (next candidate)
[2026-09-21 23:19:50] GET /api/agents/6aa26c7ce0ac9a5ee05d2b95/conversations/6aa26c825d5b4135ae6b48b5/messages -> HTTP 403 (next candidate)
[2026-09-21 23:19:50] GET /api/agents/6aa26c7ce0ac9a5ee05d2b95/conversations/6aa26c825d5b4135ae6b48b5 -> HTTP 403 (next candidate)
[2026-09-21 23:19:50] GET /api/agents/6aa26c7ce0ac9a5ee05d2b95/conversations -> HTTP 403 (next candidate)
[2026-09-21 23:20:00] GET /api/agents/6aa26c7ce0ac9a5ee05d2b95/conversations/6aa26c825d5b4135ae6b48b5/messages -> HTTP 403 (next candidate)
[2026-09-21 23:20:00] GET /api/agents/6aa26c7ce0ac9a5ee05d2b95/conversations/6aa26c825d5b4135ae6b48b5 -> HTTP 403 (next candidate)
[2026-09-21 23:20:00] GET /api/agents/6aa26c7ce0ac9a5ee05d2b95/conversations -> HTTP 403 (next candidate)
[2026-09-21 23:20:10] GET /api/agents/6aa26c7ce0ac9a5ee05d2b95/conversations/6aa26c825d5b4135ae6b48b5/messages -> HTTP 403 (next candidate)
[2026-09-21 23:20:11] GET /api/agents/6aa26c7ce0ac9a5ee05d2b95/conversations/6aa26c825d5b4135ae6b48b5 -> HTTP 403 (next candidate)
[2026-09-21 23:20:11] GET /api/agents/6aa26c7ce0ac9a5ee05d2b95/conversations -> HTTP 403 (next candidate)
[2026-09-21 23:20:21] GET /api/agents/6aa26c7ce0ac9a5ee05d2b95/conversations/6aa26c825d5b4135ae6b48b5/messages -> HTTP 403 (next candidate)
[2026-09-21 23:20:21] GET /api/agents/6aa26c7ce0ac9a5ee05d2b95/conversations/6aa26c825d5b4135ae6b48b5 -> HTTP 403 (next candidate)
[2026-09-21 23:20:21] GET /api/agents/6aa26c7ce0ac9a5ee05d2b95/conversations -> HTTP 403 (next candidate)
[2026-09-21 23:20:31] GET /api/agents/6aa26c7ce0ac9a5ee05d2b95/conversations/6aa26c825d5b4135ae6b48b5/messages -> HTTP 403 (next candidate)
[2026-09-21 23:20:31] GET /api/agents/6aa26c7ce0ac9a5ee05d2b95/conversations/6aa26c825d5b4135ae6b48b5 -> HTTP 403 (next candidate)
[2026-09-21 23:20:32] GET /api/agents/6aa26c7ce0ac9a5ee05d2b95/conversations -> HTTP 403 (next candidate)
[2026-09-21 23:20:42] GET /api/agents/6aa26c7ce0ac9a5ee05d2b95/conversations/6aa26c825d5b4135ae6b48b5/messages -> HTTP 403 (next candidate)
[2026-09-21 23:20:42] GET /api/agents/6aa26c7ce0ac9a5ee05d2b95/conversations/6aa26c825d5b4135ae6b48b5 -> HTTP 403 (next candidate)
[2026-09-21 23:20:42] GET /api/agents/6aa26c7ce0ac9a5ee05d2b95/conversations -> HTTP 403 (next candidate)
[2026-09-21 23:20:52] GET /api/agents/6aa26c7ce0ac9a5ee05d2b95/conversations/6aa26c825d5b4135ae6b48b5/messages -> HTTP 403 (next candidate)
[2026-09-21 23:20:52] GET /api/agents/6aa26c7ce0ac9a5ee05d2b95/conversations/6aa26c825d5b4135ae6b48b5 -> HTTP 403 (next candidate)
[2026-09-21 23:20:52] GET /api/agents/6aa26c7ce0ac9a5ee05d2b95/conversations -> HTTP 403 (next candidate)
[2026-09-21 23:21:03] GET /api/agents/6aa26c7ce0ac9a5ee05d2b95/conversations/6aa26c825d5b4135ae6b48b5/messages -> HTTP 403 (next candidate)
[2026-09-21 23:21:03] GET /api/agents/6aa26c7ce0ac9a5ee05d2b95/conversations/6aa26c825d5b4135ae6b48b5 -> HTTP 403 (next candidate)
[2026-09-21 23:21:03] GET /api/agents/6aa26c7ce0ac9a5ee05d2b95/conversations -> HTTP 403 (next candidate)
[2026-09-21 23:21:13] GET /api/agents/6aa26c7ce0ac9a5ee05d2b95/conversations/6aa26c825d5b4135ae6b48b5/messages -> HTTP 403 (next candidate)
[2026-09-21 23:21:13] GET /api/agents/6aa26c7ce0ac9a5ee05d2b95/conversations/6aa26c825d5b4135ae6b48b5 -> HTTP 403 (next candidate)
[2026-09-21 23:21:13] GET /api/agents/6aa26c7ce0ac9a5ee05d2b95/conversations -> HTTP 403 (next candidate)
[2026-09-21 23:21:23] GET /api/agents/6aa26c7ce0ac9a5ee05d2b95/conversations/6aa26c825d5b4135ae6b48b5/messages -> HTTP 403 (next candidate)
[2026-09-21 23:21:23] GET /api/agents/6aa26c7ce0ac9a5ee05d2b95/conversations/6aa26c825d5b4135ae6b48b5 -> HTTP 403 (next candidate)
[2026-09-21 23:21:24] GET /api/agents/6aa26c7ce0ac9a5ee05d2b95/conversations -> HTTP 403 (next candidate)
[2026-09-21 23:21:34] GET /api/agents/6aa26c7ce0ac9a5ee05d2b95/conversations/6aa26c825d5b4135ae6b48b5/messages -> HTTP 403 (next candidate)
[2026-09-21 23:21:34] GET /api/agents/6aa26c7ce0ac9a5ee05d2b95/conversations/6aa26c825d5b4135ae6b48b5 -> HTTP 403 (next candidate)
[2026-09-21 23:21:34] GET /api/agents/6aa26c7ce0ac9a5ee05d2b95/conversations -> HTTP 403 (next candidate)
[2026-09-21 23:21:44] GET /api/agents/6aa26c7ce0ac9a5ee05d2b95/conversations/6aa26c825d5b4135ae6b48b5/messages -> HTTP 403 (next candidate)
[2026-09-21 23:21:44] GET /api/agents/6aa26c7ce0ac9a5ee05d2b95/conversations/6aa26c825d5b4135ae6b48b5 -> HTTP 403 (next candidate)
[2026-09-21 23:21:44] GET /api/agents/6aa26c7ce0ac9a5ee05d2b95/conversations -> HTTP 403 (next candidate)
[2026-09-21 23:21:55] GET /api/agents/6aa26c7ce0ac9a5ee05d2b95/conversations/6aa26c825d5b4135ae6b48b5/messages -> HTTP 403 (next candidate)
[2026-09-21 23:21:55] GET /api/agents/6aa26c7ce0ac9a5ee05d2b95/conversations/6aa26c825d5b4135ae6b48b5 -> HTTP 403 (next candidate)
[2026-09-21 23:21:55] GET /api/agents/6aa26c7ce0ac9a5ee05d2b95/conversations -> HTTP 403 (next candidate)
[2026-09-21 23:22:05] GET /api/agents/6aa26c7ce0ac9a5ee05d2b95/conversations/6aa26c825d5b4135ae6b48b5/messages -> HTTP 403 (next candidate)
[2026-09-21 23:22:05] GET /api/agents/6aa26c7ce0ac9a5ee05d2b95/conversations/6aa26c825d5b4135ae6b48b5 -> HTTP 403 (next candidate)
[2026-09-21 23:22:05] GET /api/agents/6aa26c7ce0ac9a5ee05d2b95/conversations -> HTTP 403 (next candidate)
[2026-09-21 23:22:15] GET /api/agents/6aa26c7ce0ac9a5ee05d2b95/conversations/6aa26c825d5b4135ae6b48b5/messages -> HTTP 403 (next candidate)
[2026-09-21 23:22:15] GET /api/agents/6aa26c7ce0ac9a5ee05d2b95/conversations/6aa26c825d5b4135ae6b48b5 -> HTTP 403 (next candidate)
[2026-09-21 23:22:15] GET /api/agents/6aa26c7ce0ac9a5ee05d2b95/conversations -> HTTP 403 (next candidate)
[2026-09-21 23:22:26] GET /api/agents/6aa26c7ce0ac9a5ee05d2b95/conversations/6aa26c825d5b4135ae6b48b5/messages -> HTTP 403 (next candidate)
[2026-09-21 23:22:26] GET /api/agents/6aa26c7ce0ac9a5ee05d2b95/conversations/6aa26c825d5b4135ae6b48b5 -> HTTP 403 (next candidate)
[2026-09-21 23:22:26] GET /api/agents/6aa26c7ce0ac9a5ee05d2b95/conversations -> HTTP 403 (next candidate)
[2026-09-21 23:22:36] GET /api/agents/6aa26c7ce0ac9a5ee05d2b95/conversations/6aa26c825d5b4135ae6b48b5/messages -> HTTP 403 (next candidate)
[2026-09-21 23:22:36] GET /api/agents/6aa26c7ce0ac9a5ee05d2b95/conversations/6aa26c825d5b4135ae6b48b5 -> HTTP 403 (next candidate)
[2026-09-21 23:22:36] GET /api/agents/6aa26c7ce0ac9a5ee05d2b95/conversations -> HTTP 403 (next candidate)
[2026-09-21 23:22:46] GET /api/agents/6aa26c7ce0ac9a5ee05d2b95/conversations/6aa26c825d5b4135ae6b48b5/messages -> HTTP 403 (next candidate)
[2026-09-21 23:22:46] GET /api/agents/6aa26c7ce0ac9a5ee05d2b95/conversations/6aa26c825d5b4135ae6b48b5 -> HTTP 403 (next candidate)
[2026-09-21 23:22:47] GET /api/agents/6aa26c7ce0ac9a5ee05d2b95/conversations -> HTTP 403 (next candidate)
[2026-09-21 23:22:57] GET /api/agents/6aa26c7ce0ac9a5ee05d2b95/conversations/6aa26c825d5b4135ae6b48b5/messages -> HTTP 403 (next candidate)
[2026-09-21 23:22:57] GET /api/agents/6aa26c7ce0ac9a5ee05d2b95/conversations/6aa26c825d5b4135ae6b48b5 -> HTTP 403 (next candidate)
[2026-09-21 23:22:57] GET /api/agents/6aa26c7ce0ac9a5ee05d2b95/conversations -> HTTP 403 (next candidate)
[2026-09-21 23:23:07] GET /api/agents/6aa26c7ce0ac9a5ee05d2b95/conversations/6aa26c825d5b4135ae6b48b5/messages -> HTTP 403 (next candidate)
[2026-09-21 23:23:07] GET /api/agents/6aa26c7ce0ac9a5ee05d2b95/conversations/6aa26c825d5b4135ae6b48b5 -> HTTP 403 (next candidate)
[2026-09-21 23:23:07] GET /api/agents/6aa26c7ce0ac9a5ee05d2b95/conversations -> HTTP 403 (next candidate)
[2026-09-21 23:23:17] GET /api/agents/6aa26c7ce0ac9a5ee05d2b95/conversations/6aa26c825d5b4135ae6b48b5/messages -> HTTP 403 (next candidate)
[2026-09-21 23:23:17] GET /api/agents/6aa26c7ce0ac9a5ee05d2b95/conversations/6aa26c825d5b4135ae6b48b5 -> HTTP 403 (next candidate)
[2026-09-21 23:23:18] GET /api/agents/6aa26c7ce0ac9a5ee05d2b95/conversations -> HTTP 403 (next candidate)
[2026-09-21 23:23:28] GET /api/agents/6aa26c7ce0ac9a5ee05d2b95/conversations/6aa26c825d5b4135ae6b48b5/messages -> HTTP 403 (next candidate)
[2026-09-21 23:23:28] GET /api/agents/6aa26c7ce0ac9a5ee05d2b95/conversations/6aa26c825d5b4135ae6b48b5 -> HTTP 403 (next candidate)
[2026-09-21 23:23:28] GET /api/agents/6aa26c7ce0ac9a5ee05d2b95/conversations -> HTTP 403 (next candidate)
[2026-09-21 23:23:38] GET /api/agents/6aa26c7ce0ac9a5ee05d2b95/conversations/6aa26c825d5b4135ae6b48b5/messages -> HTTP 403 (next candidate)
[2026-09-21 23:23:38] GET /api/agents/6aa26c7ce0ac9a5ee05d2b95/conversations/6aa26c825d5b4135ae6b48b5 -> HTTP 403 (next candidate)
[2026-09-21 23:23:38] GET /api/agents/6aa26c7ce0ac9a5ee05d2b95/conversations -> HTTP 403 (next candidate)
[2026-09-21 23:23:49] GET /api/agents/6aa26c7ce0ac9a5ee05d2b95/conversations/6aa26c825d5b4135ae6b48b5/messages -> HTTP 403 (next candidate)
[2026-09-21 23:23:49] GET /api/agents/6aa26c7ce0ac9a5ee05d2b95/conversations/6aa26c825d5b4135ae6b48b5 -> HTTP 403 (next candidate)
[2026-09-21 23:23:49] GET /api/agents/6aa26c7ce0ac9a5ee05d2b95/conversations -> HTTP 403 (next candidate)
[2026-09-21 23:23:59] GET /api/agents/6aa26c7ce0ac9a5ee05d2b95/conversations/6aa26c825d5b4135ae6b48b5/messages -> HTTP 403 (next candidate)
[2026-09-21 23:23:59] GET /api/agents/6aa26c7ce0ac9a5ee05d2b95/conversations/6aa26c825d5b4135ae6b48b5 -> HTTP 403 (next candidate)
[2026-09-21 23:23:59] GET /api/agents/6aa26c7ce0ac9a5ee05d2b95/conversations -> HTTP 403 (next candidate)
[2026-09-21 23:24:09] GET /api/agents/6aa26c7ce0ac9a5ee05d2b95/conversations/6aa26c825d5b4135ae6b48b5/messages -> HTTP 403 (next candidate)
[2026-09-21 23:24:10] GET /api/agents/6aa26c7ce0ac9a5ee05d2b95/conversations/6aa26c825d5b4135ae6b48b5 -> HTTP 403 (next candidate)
[2026-09-21 23:24:10] GET /api/agents/6aa26c7ce0ac9a5ee05d2b95/conversations -> HTTP 403 (next candidate)
[2026-09-21 23:24:20] GET /api/agents/6aa26c7ce0ac9a5ee05d2b95/conversations/6aa26c825d5b4135ae6b48b5/messages -> HTTP 403 (next candidate)
[2026-09-21 23:24:20] GET /api/agents/6aa26c7ce0ac9a5ee05d2b95/conversations/6aa26c825d5b4135ae6b48b5 -> HTTP 403 (next candidate)
[2026-09-21 23:24:20] GET /api/agents/6aa26c7ce0ac9a5ee05d2b95/conversations -> HTTP 403 (next candidate)
[2026-09-21 23:24:30] GET /api/agents/6aa26c7ce0ac9a5ee05d2b95/conversations/6aa26c825d5b4135ae6b48b5/messages -> HTTP 403 (next candidate)
[2026-09-21 23:24:30] GET /api/agents/6aa26c7ce0ac9a5ee05d2b95/conversations/6aa26c825d5b4135ae6b48b5 -> HTTP 403 (next candidate)
[2026-09-21 23:24:30] GET /api/agents/6aa26c7ce0ac9a5ee05d2b95/conversations -> HTTP 403 (next candidate)
[2026-09-21 23:24:41] GET /api/agents/6aa26c7ce0ac9a5ee05d2b95/conversations/6aa26c825d5b4135ae6b48b5/messages -> HTTP 403 (next candidate)
[2026-09-21 23:24:41] GET /api/agents/6aa26c7ce0ac9a5ee05d2b95/conversations/6aa26c825d5b4135ae6b48b5 -> HTTP 403 (next candidate)
[2026-09-21 23:24:41] GET /api/agents/6aa26c7ce0ac9a5ee05d2b95/conversations -> HTTP 403 (next candidate)
[2026-09-21 23:24:51] GET /api/agents/6aa26c7ce0ac9a5ee05d2b95/conversations/6aa26c825d5b4135ae6b48b5/messages -> HTTP 403 (next candidate)
[2026-09-21 23:24:51] GET /api/agents/6aa26c7ce0ac9a5ee05d2b95/conversations/6aa26c825d5b4135ae6b48b5 -> HTTP 403 (next candidate)
[2026-09-21 23:24:51] GET /api/agents/6aa26c7ce0ac9a5ee05d2b95/conversations -> HTTP 403 (next candidate)
[2026-09-21 23:25:01] GET /api/agents/6aa26c7ce0ac9a5ee05d2b95/conversations/6aa26c825d5b4135ae6b48b5/messages -> HTTP 403 (next candidate)
[2026-09-21 23:25:02] GET /api/agents/6aa26c7ce0ac9a5ee05d2b95/conversations/6aa26c825d5b4135ae6b48b5 -> HTTP 403 (next candidate)
[2026-09-21 23:25:02] GET /api/agents/6aa26c7ce0ac9a5ee05d2b95/conversations -> HTTP 403 (next candidate)
[2026-09-21 23:25:12] GET /api/agents/6aa26c7ce0ac9a5ee05d2b95/conversations/6aa26c825d5b4135ae6b48b5/messages -> HTTP 403 (next candidate)
[2026-09-21 23:25:12] GET /api/agents/6aa26c7ce0ac9a5ee05d2b95/conversations/6aa26c825d5b4135ae6b48b5 -> HTTP 403 (next candidate)
[2026-09-21 23:25:12] GET /api/agents/6aa26c7ce0ac9a5ee05d2b95/conversations -> HTTP 403 (next candidate)
[2026-09-21 23:25:23] GET /api/agents/6aa26c7ce0ac9a5ee05d2b95/conversations/6aa26c825d5b4135ae6b48b5/messages -> HTTP 403 (next candidate)
[2026-09-21 23:25:23] GET /api/agents/6aa26c7ce0ac9a5ee05d2b95/conversations/6aa26c825d5b4135ae6b48b5 -> HTTP 403 (next candidate)
[2026-09-21 23:25:23] GET /api/agents/6aa26c7ce0ac9a5ee05d2b95/conversations -> HTTP 403 (next candidate)
[2026-09-21 23:25:33] GET /api/agents/6aa26c7ce0ac9a5ee05d2b95/conversations/6aa26c825d5b4135ae6b48b5/messages -> HTTP 403 (next candidate)
[2026-09-21 23:25:33] GET /api/agents/6aa26c7ce0ac9a5ee05d2b95/conversations/6aa26c825d5b4135ae6b48b5 -> HTTP 403 (next candidate)
[2026-09-21 23:25:34] GET /api/agents/6aa26c7ce0ac9a5ee05d2b95/conversations -> HTTP 403 (next candidate)
[2026-09-21 23:25:44] GET /api/agents/6aa26c7ce0ac9a5ee05d2b95/conversations/6aa26c825d5b4135ae6b48b5/messages -> HTTP 403 (next candidate)
[2026-09-21 23:25:44] GET /api/agents/6aa26c7ce0ac9a5ee05d2b95/conversations/6aa26c825d5b4135ae6b48b5 -> HTTP 403 (next candidate)
[2026-09-21 23:25:44] GET /api/agents/6aa26c7ce0ac9a5ee05d2b95/conversations -> HTTP 403 (next candidate)
[2026-09-21 23:25:54] GET /api/agents/6aa26c7ce0ac9a5ee05d2b95/conversations/6aa26c825d5b4135ae6b48b5/messages -> HTTP 403 (next candidate)
[2026-09-21 23:25:54] GET /api/agents/6aa26c7ce0ac9a5ee05d2b95/conversations/6aa26c825d5b4135ae6b48b5 -> HTTP 403 (next candidate)
[2026-09-21 23:25:54] GET /api/agents/6aa26c7ce0ac9a5ee05d2b95/conversations -> HTTP 403 (next candidate)
[2026-09-21 23:26:04] GET /api/agents/6aa26c7ce0ac9a5ee05d2b95/conversations/6aa26c825d5b4135ae6b48b5/messages -> HTTP 403 (next candidate)
[2026-09-21 23:26:05] GET /api/agents/6aa26c7ce0ac9a5ee05d2b95/conversations/6aa26c825d5b4135ae6b48b5 -> HTTP 403 (next candidate)
[2026-09-21 23:26:05] GET /api/agents/6aa26c7ce0ac9a5ee05d2b95/conversations -> HTTP 403 (next candidate)
[2026-09-21 23:26:15] GET /api/agents/6aa26c7ce0ac9a5ee05d2b95/conversations/6aa26c825d5b4135ae6b48b5/messages -> HTTP 403 (next candidate)
[2026-09-21 23:26:15] GET /api/agents/6aa26c7ce0ac9a5ee05d2b95/conversations/6aa26c825d5b4135ae6b48b5 -> HTTP 403 (next candidate)
[2026-09-21 23:26:15] GET /api/agents/6aa26c7ce0ac9a5ee05d2b95/conversations -> HTTP 403 (next candidate)
[2026-09-21 23:26:25] GET /api/agents/6aa26c7ce0ac9a5ee05d2b95/conversations/6aa26c825d5b4135ae6b48b5/messages -> HTTP 403 (next candidate)
[2026-09-21 23:26:25] GET /api/agents/6aa26c7ce0ac9a5ee05d2b95/conversations/6aa26c825d5b4135ae6b48b5 -> HTTP 403 (next candidate)
[2026-09-21 23:26:26] GET /api/agents/6aa26c7ce0ac9a5ee05d2b95/conversations -> HTTP 403 (next candidate)
[2026-09-21 23:26:36] GET /api/agents/6aa26c7ce0ac9a5ee05d2b95/conversations/6aa26c825d5b4135ae6b48b5/messages -> HTTP 403 (next candidate)
[2026-09-21 23:26:36] GET /api/agents/6aa26c7ce0ac9a5ee05d2b95/conversations/6aa26c825d5b4135ae6b48b5 -> HTTP 403 (next candidate)
[2026-09-21 23:26:36] GET /api/agents/6aa26c7ce0ac9a5ee05d2b95/conversations -> HTTP 403 (next candidate)
[2026-09-21 23:26:46] GET /api/agents/6aa26c7ce0ac9a5ee05d2b95/conversations/6aa26c825d5b4135ae6b48b5/messages -> HTTP 403 (next candidate)
[2026-09-21 23:26:46] GET /api/agents/6aa26c7ce0ac9a5ee05d2b95/conversations/6aa26c825d5b4135ae6b48b5 -> HTTP 403 (next candidate)
[2026-09-21 23:26:46] GET /api/agents/6aa26c7ce0ac9a5ee05d2b95/conversations -> HTTP 403 (next candidate)
[2026-09-21 23:26:57] GET /api/agents/6aa26c7ce0ac9a5ee05d2b95/conversations/6aa26c825d5b4135ae6b48b5/messages -> HTTP 403 (next candidate)
[2026-09-21 23:26:57] GET /api/agents/6aa26c7ce0ac9a5ee05d2b95/conversations/6aa26c825d5b4135ae6b48b5 -> HTTP 403 (next candidate)
[2026-09-21 23:26:57] GET /api/agents/6aa26c7ce0ac9a5ee05d2b95/conversations -> HTTP 403 (next candidate)
[2026-09-21 23:27:07] GET /api/agents/6aa26c7ce0ac9a5ee05d2b95/conversations/6aa26c825d5b4135ae6b48b5/messages -> HTTP 403 (next candidate)
[2026-09-21 23:27:07] GET /api/agents/6aa26c7ce0ac9a5ee05d2b95/conversations/6aa26c825d5b4135ae6b48b5 -> HTTP 403 (next candidate)
[2026-09-21 23:27:07] GET /api/agents/6aa26c7ce0ac9a5ee05d2b95/conversations -> HTTP 403 (next candidate)
[2026-09-21 23:27:17] GET /api/agents/6aa26c7ce0ac9a5ee05d2b95/conversations/6aa26c825d5b4135ae6b48b5/messages -> HTTP 403 (next candidate)
[2026-09-21 23:27:17] GET /api/agents/6aa26c7ce0ac9a5ee05d2b95/conversations/6aa26c825d5b4135ae6b48b5 -> HTTP 403 (next candidate)
[2026-09-21 23:27:17] GET /api/agents/6aa26c7ce0ac9a5ee05d2b95/conversations -> HTTP 403 (next candidate)
[2026-09-21 23:27:28] GET /api/agents/6aa26c7ce0ac9a5ee05d2b95/conversations/6aa26c825d5b4135ae6b48b5/messages -> HTTP 403 (next candidate)
[2026-09-21 23:27:28] GET /api/agents/6aa26c7ce0ac9a5ee05d2b95/conversations/6aa26c825d5b4135ae6b48b5 -> HTTP 403 (next candidate)
[2026-09-21 23:27:28] GET /api/agents/6aa26c7ce0ac9a5ee05d2b95/conversations -> HTTP 403 (next candidate)
[2026-09-21 23:27:38] GET /api/agents/6aa26c7ce0ac9a5ee05d2b95/conversations/6aa26c825d5b4135ae6b48b5/messages -> HTTP 403 (next candidate)
[2026-09-21 23:27:38] GET /api/agents/6aa26c7ce0ac9a5ee05d2b95/conversations/6aa26c825d5b4135ae6b48b5 -> HTTP 403 (next candidate)
[2026-09-21 23:27:38] GET /api/agents/6aa26c7ce0ac9a5ee05d2b95/conversations -> HTTP 403 (next candidate)
[2026-09-21 23:27:49] GET /api/agents/6aa26c7ce0ac9a5ee05d2b95/conversations/6aa26c825d5b4135ae6b48b5/messages -> HTTP 403 (next candidate)
[2026-09-21 23:27:49] GET /api/agents/6aa26c7ce0ac9a5ee05d2b95/conversations/6aa26c825d5b4135ae6b48b5 -> HTTP 403 (next candidate)
[2026-09-21 23:27:49] GET /api/agents/6aa26c7ce0ac9a5ee05d2b95/conversations -> HTTP 403 (next candidate)
[2026-09-21 23:27:59] GET /api/agents/6aa26c7ce0ac9a5ee05d2b95/conversations/6aa26c825d5b4135ae6b48b5/messages -> HTTP 403 (next candidate)
[2026-09-21 23:27:59] GET /api/agents/6aa26c7ce0ac9a5ee05d2b95/conversations/6aa26c825d5b4135ae6b48b5 -> HTTP 403 (next candidate)
[2026-09-21 23:27:59] GET /api/agents/6aa26c7ce0ac9a5ee05d2b95/conversations -> HTTP 403 (next candidate)
[2026-09-21 23:28:09] GET /api/agents/6aa26c7ce0ac9a5ee05d2b95/conversations/6aa26c825d5b4135ae6b48b5/messages -> HTTP 403 (next candidate)
[2026-09-21 23:28:09] GET /api/agents/6aa26c7ce0ac9a5ee05d2b95/conversations/6aa26c825d5b4135ae6b48b5 -> HTTP 403 (next candidate)
[2026-09-21 23:28:10] GET /api/agents/6aa26c7ce0ac9a5ee05d2b95/conversations -> HTTP 403 (next candidate)
[2026-09-21 23:28:20] GET /api/agents/6aa26c7ce0ac9a5ee05d2b95/conversations/6aa26c825d5b4135ae6b48b5/messages -> HTTP 403 (next candidate)
[2026-09-21 23:28:20] GET /api/agents/6aa26c7ce0ac9a5ee05d2b95/conversations/6aa26c825d5b4135ae6b48b5 -> HTTP 403 (next candidate)
[2026-09-21 23:28:20] GET /api/agents/6aa26c7ce0ac9a5ee05d2b95/conversations -> HTTP 403 (next candidate)
[2026-09-21 23:28:30] GET /api/agents/6aa26c7ce0ac9a5ee05d2b95/conversations/6aa26c825d5b4135ae6b48b5/messages -> HTTP 403 (next candidate)
[2026-09-21 23:28:30] GET /api/agents/6aa26c7ce0ac9a5ee05d2b95/conversations/6aa26c825d5b4135ae6b48b5 -> HTTP 403 (next candidate)
[2026-09-21 23:28:30] GET /api/agents/6aa26c7ce0ac9a5ee05d2b95/conversations -> HTTP 403 (next candidate)
[2026-09-21 23:28:40] GET /api/agents/6aa26c7ce0ac9a5ee05d2b95/conversations/6aa26c825d5b4135ae6b48b5/messages -> HTTP 403 (next candidate)
[2026-09-21 23:28:41] GET /api/agents/6aa26c7ce0ac9a5ee05d2b95/conversations/6aa26c825d5b4135ae6b48b5 -> HTTP 403 (next candidate)
[2026-09-21 23:28:41] GET /api/agents/6aa26c7ce0ac9a5ee05d2b95/conversations -> HTTP 403 (next candidate)
[2026-09-21 23:28:51] GET /api/agents/6aa26c7ce0ac9a5ee05d2b95/conversations/6aa26c825d5b4135ae6b48b5/messages -> HTTP 403 (next candidate)
[2026-09-21 23:28:51] GET /api/agents/6aa26c7ce0ac9a5ee05d2b95/conversations/6aa26c825d5b4135ae6b48b5 -> HTTP 403 (next candidate)
[2026-09-21 23:28:51] GET /api/agents/6aa26c7ce0ac9a5ee05d2b95/conversations -> HTTP 403 (next candidate)
[2026-09-21 23:29:01] GET /api/agents/6aa26c7ce0ac9a5ee05d2b95/conversations/6aa26c825d5b4135ae6b48b5/messages -> HTTP 403 (next candidate)
[2026-09-21 23:29:01] GET /api/agents/6aa26c7ce0ac9a5ee05d2b95/conversations/6aa26c825d5b4135ae6b48b5 -> HTTP 403 (next candidate)
[2026-09-21 23:29:01] GET /api/agents/6aa26c7ce0ac9a5ee05d2b95/conversations -> HTTP 403 (next candidate)
[2026-09-21 23:29:11] GET /api/agents/6aa26c7ce0ac9a5ee05d2b95/conversations/6aa26c825d5b4135ae6b48b5/messages -> HTTP 403 (next candidate)
[2026-09-21 23:29:12] GET /api/agents/6aa26c7ce0ac9a5ee05d2b95/conversations/6aa26c825d5b4135ae6b48b5 -> HTTP 403 (next candidate)
[2026-09-21 23:29:12] GET /api/agents/6aa26c7ce0ac9a5ee05d2b95/conversations -> HTTP 403 (next candidate)
[2026-09-21 23:29:22] GET /api/agents/6aa26c7ce0ac9a5ee05d2b95/conversations/6aa26c825d5b4135ae6b48b5/messages -> HTTP 403 (next candidate)
[2026-09-21 23:29:22] GET /api/agents/6aa26c7ce0ac9a5ee05d2b95/conversations/6aa26c825d5b4135ae6b48b5 -> HTTP 403 (next candidate)
[2026-09-21 23:29:22] GET /api/agents/6aa26c7ce0ac9a5ee05d2b95/conversations -> HTTP 403 (next candidate)
[2026-09-21 23:29:32] GET /api/agents/6aa26c7ce0ac9a5ee05d2b95/conversations/6aa26c825d5b4135ae6b48b5/messages -> HTTP 403 (next candidate)
[2026-09-21 23:29:32] GET /api/agents/6aa26c7ce0ac9a5ee05d2b95/conversations/6aa26c825d5b4135ae6b48b5 -> HTTP 403 (next candidate)
[2026-09-21 23:29:32] GET /api/agents/6aa26c7ce0ac9a5ee05d2b95/conversations -> HTTP 403 (next candidate)
[2026-09-21 23:29:42] GET /api/agents/6aa26c7ce0ac9a5ee05d2b95/conversations/6aa26c825d5b4135ae6b48b5/messages -> HTTP 403 (next candidate)
[2026-09-21 23:29:43] GET /api/agents/6aa26c7ce0ac9a5ee05d2b95/conversations/6aa26c825d5b4135ae6b48b5 -> HTTP 403 (next candidate)
[2026-09-21 23:29:43] GET /api/agents/6aa26c7ce0ac9a5ee05d2b95/conversations -> HTTP 403 (next candidate)
[2026-09-21 23:29:53] GET /api/agents/6aa26c7ce0ac9a5ee05d2b95/conversations/6aa26c825d5b4135ae6b48b5/messages -> HTTP 403 (next candidate)
[2026-09-21 23:29:53] GET /api/agents/6aa26c7ce0ac9a5ee05d2b95/conversations/6aa26c825d5b4135ae6b48b5 -> HTTP 403 (next candidate)
[2026-09-21 23:29:53] GET /api/agents/6aa26c7ce0ac9a5ee05d2b95/conversations -> HTTP 403 (next candidate)
[2026-09-21 23:30:03] GET /api/agents/6aa26c7ce0ac9a5ee05d2b95/conversations/6aa26c825d5b4135ae6b48b5/messages -> HTTP 403 (next candidate)
[2026-09-21 23:30:03] GET /api/agents/6aa26c7ce0ac9a5ee05d2b95/conversations/6aa26c825d5b4135ae6b48b5 -> HTTP 403 (next candidate)
[2026-09-21 23:30:04] GET /api/agents/6aa26c7ce0ac9a5ee05d2b95/conversations -> HTTP 403 (next candidate)
[2026-09-21 23:30:14] GET /api/agents/6aa26c7ce0ac9a5ee05d2b95/conversations/6aa26c825d5b4135ae6b48b5/messages -> HTTP 403 (next candidate)
[2026-09-21 23:30:14] GET /api/agents/6aa26c7ce0ac9a5ee05d2b95/conversations/6aa26c825d5b4135ae6b48b5 -> HTTP 403 (next candidate)
[2026-09-21 23:30:14] GET /api/agents/6aa26c7ce0ac9a5ee05d2b95/conversations -> HTTP 403 (next candidate)
[2026-09-21 23:30:24] GET /api/agents/6aa26c7ce0ac9a5ee05d2b95/conversations/6aa26c825d5b4135ae6b48b5/messages -> HTTP 403 (next candidate)
[2026-09-21 23:30:24] GET /api/agents/6aa26c7ce0ac9a5ee05d2b95/conversations/6aa26c825d5b4135ae6b48b5 -> HTTP 403 (next candidate)
[2026-09-21 23:30:24] GET /api/agents/6aa26c7ce0ac9a5ee05d2b95/conversations -> HTTP 403 (next candidate)
[2026-09-21 23:30:34] GET /api/agents/6aa26c7ce0ac9a5ee05d2b95/conversations/6aa26c825d5b4135ae6b48b5/messages -> HTTP 403 (next candidate)
[2026-09-21 23:30:34] GET /api/agents/6aa26c7ce0ac9a5ee05d2b95/conversations/6aa26c825d5b4135ae6b48b5 -> HTTP 403 (next candidate)
[2026-09-21 23:30:35] GET /api/agents/6aa26c7ce0ac9a5ee05d2b95/conversations -> HTTP 403 (next candidate)
[2026-09-21 23:30:45] GET /api/agents/6aa26c7ce0ac9a5ee05d2b95/conversations/6aa26c825d5b4135ae6b48b5/messages -> HTTP 403 (next candidate)
[2026-09-21 23:30:45] GET /api/agents/6aa26c7ce0ac9a5ee05d2b95/conversations/6aa26c825d5b4135ae6b48b5 -> HTTP 403 (next candidate)
[2026-09-21 23:30:45] GET /api/agents/6aa26c7ce0ac9a5ee05d2b95/conversations -> HTTP 403 (next candidate)
[2026-09-21 23:30:55] GET /api/agents/6aa26c7ce0ac9a5ee05d2b95/conversations/6aa26c825d5b4135ae6b48b5/messages -> HTTP 403 (next candidate)
[2026-09-21 23:30:55] GET /api/agents/6aa26c7ce0ac9a5ee05d2b95/conversations/6aa26c825d5b4135ae6b48b5 -> HTTP 403 (next candidate)
[2026-09-21 23:30:55] GET /api/agents/6aa26c7ce0ac9a5ee05d2b95/conversations -> HTTP 403 (next candidate)
[2026-09-21 23:31:06] GET /api/agents/6aa26c7ce0ac9a5ee05d2b95/conversations/6aa26c825d5b4135ae6b48b5/messages -> HTTP 403 (next candidate)
[2026-09-21 23:31:06] GET /api/agents/6aa26c7ce0ac9a5ee05d2b95/conversations/6aa26c825d5b4135ae6b48b5 -> HTTP 403 (next candidate)
[2026-09-21 23:31:06] GET /api/agents/6aa26c7ce0ac9a5ee05d2b95/conversations -> HTTP 403 (next candidate)
[2026-09-21 23:31:16] GET /api/agents/6aa26c7ce0ac9a5ee05d2b95/conversations/6aa26c825d5b4135ae6b48b5/messages -> HTTP 403 (next candidate)
[2026-09-21 23:31:16] GET /api/agents/6aa26c7ce0ac9a5ee05d2b95/conversations/6aa26c825d5b4135ae6b48b5 -> HTTP 403 (next candidate)
[2026-09-21 23:31:16] GET /api/agents/6aa26c7ce0ac9a5ee05d2b95/conversations -> HTTP 403 (next candidate)
[2026-09-21 23:31:26] GET /api/agents/6aa26c7ce0ac9a5ee05d2b95/conversations/6aa26c825d5b4135ae6b48b5/messages -> HTTP 403 (next candidate)
[2026-09-21 23:31:26] GET /api/agents/6aa26c7ce0ac9a5ee05d2b95/conversations/6aa26c825d5b4135ae6b48b5 -> HTTP 403 (next candidate)
[2026-09-21 23:31:26] GET /api/agents/6aa26c7ce0ac9a5ee05d2b95/conversations -> HTTP 403 (next candidate)
[2026-09-21 23:31:37] GET /api/agents/6aa26c7ce0ac9a5ee05d2b95/conversations/6aa26c825d5b4135ae6b48b5/messages -> HTTP 403 (next candidate)
[2026-09-21 23:31:37] GET /api/agents/6aa26c7ce0ac9a5ee05d2b95/conversations/6aa26c825d5b4135ae6b48b5 -> HTTP 403 (next candidate)
[2026-09-21 23:31:37] GET /api/agents/6aa26c7ce0ac9a5ee05d2b95/conversations -> HTTP 403 (next candidate)
[2026-09-21 23:31:47] GET /api/agents/6aa26c7ce0ac9a5ee05d2b95/conversations/6aa26c825d5b4135ae6b48b5/messages -> HTTP 403 (next candidate)
[2026-09-21 23:31:47] GET /api/agents/6aa26c7ce0ac9a5ee05d2b95/conversations/6aa26c825d5b4135ae6b48b5 -> HTTP 403 (next candidate)
[2026-09-21 23:31:47] GET /api/agents/6aa26c7ce0ac9a5ee05d2b95/conversations -> HTTP 403 (next candidate)
[2026-09-21 23:31:57] GET /api/agents/6aa26c7ce0ac9a5ee05d2b95/conversations/6aa26c825d5b4135ae6b48b5/messages -> HTTP 403 (next candidate)
[2026-09-21 23:31:57] GET /api/agents/6aa26c7ce0ac9a5ee05d2b95/conversations/6aa26c825d5b4135ae6b48b5 -> HTTP 403 (next candidate)
[2026-09-21 23:31:58] GET /api/agents/6aa26c7ce0ac9a5ee05d2b95/conversations -> HTTP 403 (next candidate)
[2026-09-21 23:32:08] GET /api/agents/6aa26c7ce0ac9a5ee05d2b95/conversations/6aa26c825d5b4135ae6b48b5/messages -> HTTP 403 (next candidate)
[2026-09-21 23:32:08] GET /api/agents/6aa26c7ce0ac9a5ee05d2b95/conversations/6aa26c825d5b4135ae6b48b5 -> HTTP 403 (next candidate)
[2026-09-21 23:32:08] GET /api/agents/6aa26c7ce0ac9a5ee05d2b95/conversations -> HTTP 403 (next candidate)
[2026-09-21 23:32:18] GET /api/agents/6aa26c7ce0ac9a5ee05d2b95/conversations/6aa26c825d5b4135ae6b48b5/messages -> HTTP 403 (next candidate)
[2026-09-21 23:32:19] GET /api/agents/6aa26c7ce0ac9a5ee05d2b95/conversations/6aa26c825d5b4135ae6b48b5 -> HTTP 403 (next candidate)
[2026-09-21 23:32:19] GET /api/agents/6aa26c7ce0ac9a5ee05d2b95/conversations -> HTTP 403 (next candidate)
[2026-09-21 23:32:29] GET /api/agents/6aa26c7ce0ac9a5ee05d2b95/conversations/6aa26c825d5b4135ae6b48b5/messages -> HTTP 403 (next candidate)
[2026-09-21 23:32:29] GET /api/agents/6aa26c7ce0ac9a5ee05d2b95/conversations/6aa26c825d5b4135ae6b48b5 -> HTTP 403 (next candidate)
[2026-09-21 23:32:29] GET /api/agents/6aa26c7ce0ac9a5ee05d2b95/conversations -> HTTP 403 (next candidate)
[2026-09-21 23:32:39] GET /api/agents/6aa26c7ce0ac9a5ee05d2b95/conversations/6aa26c825d5b4135ae6b48b5/messages -> HTTP 403 (next candidate)
[2026-09-21 23:32:39] GET /api/agents/6aa26c7ce0ac9a5ee05d2b95/conversations/6aa26c825d5b4135ae6b48b5 -> HTTP 403 (next candidate)
[2026-09-21 23:32:39] GET /api/agents/6aa26c7ce0ac9a5ee05d2b95/conversations -> HTTP 403 (next candidate)
[2026-09-21 23:32:50] GET /api/agents/6aa26c7ce0ac9a5ee05d2b95/conversations/6aa26c825d5b4135ae6b48b5/messages -> HTTP 403 (next candidate)
[2026-09-21 23:32:50] GET /api/agents/6aa26c7ce0ac9a5ee05d2b95/conversations/6aa26c825d5b4135ae6b48b5 -> HTTP 403 (next candidate)
[2026-09-21 23:32:50] GET /api/agents/6aa26c7ce0ac9a5ee05d2b95/conversations -> HTTP 403 (next candidate)
[2026-09-21 23:33:00] GET /api/agents/6aa26c7ce0ac9a5ee05d2b95/conversations/6aa26c825d5b4135ae6b48b5/messages -> HTTP 403 (next candidate)
[2026-09-21 23:33:00] GET /api/agents/6aa26c7ce0ac9a5ee05d2b95/conversations/6aa26c825d5b4135ae6b48b5 -> HTTP 403 (next candidate)
[2026-09-21 23:33:00] GET /api/agents/6aa26c7ce0ac9a5ee05d2b95/conversations -> HTTP 403 (next candidate)
[2026-09-21 23:33:10] GET /api/agents/6aa26c7ce0ac9a5ee05d2b95/conversations/6aa26c825d5b4135ae6b48b5/messages -> HTTP 403 (next candidate)
[2026-09-21 23:33:10] GET /api/agents/6aa26c7ce0ac9a5ee05d2b95/conversations/6aa26c825d5b4135ae6b48b5 -> HTTP 403 (next candidate)
[2026-09-21 23:33:10] GET /api/agents/6aa26c7ce0ac9a5ee05d2b95/conversations -> HTTP 403 (next candidate)
[2026-09-21 23:33:21] GET /api/agents/6aa26c7ce0ac9a5ee05d2b95/conversations/6aa26c825d5b4135ae6b48b5/messages -> HTTP 403 (next candidate)
[2026-09-21 23:33:21] GET /api/agents/6aa26c7ce0ac9a5ee05d2b95/conversations/6aa26c825d5b4135ae6b48b5 -> HTTP 403 (next candidate)
[2026-09-21 23:33:21] GET /api/agents/6aa26c7ce0ac9a5ee05d2b95/conversations -> HTTP 403 (next candidate)
[2026-09-21 23:33:31] GET /api/agents/6aa26c7ce0ac9a5ee05d2b95/conversations/6aa26c825d5b4135ae6b48b5/messages -> HTTP 403 (next candidate)
[2026-09-21 23:33:31] GET /api/agents/6aa26c7ce0ac9a5ee05d2b95/conversations/6aa26c825d5b4135ae6b48b5 -> HTTP 403 (next candidate)
[2026-09-21 23:33:32] GET /api/agents/6aa26c7ce0ac9a5ee05d2b95/conversations -> HTTP 403 (next candidate)
[2026-09-21 23:33:42] GET /api/agents/6aa26c7ce0ac9a5ee05d2b95/conversations/6aa26c825d5b4135ae6b48b5/messages -> HTTP 403 (next candidate)
[2026-09-21 23:33:42] GET /api/agents/6aa26c7ce0ac9a5ee05d2b95/conversations/6aa26c825d5b4135ae6b48b5 -> HTTP 403 (next candidate)
[2026-09-21 23:33:42] GET /api/agents/6aa26c7ce0ac9a5ee05d2b95/conversations -> HTTP 403 (next candidate)
[2026-09-21 23:33:52] GET /api/agents/6aa26c7ce0ac9a5ee05d2b95/conversations/6aa26c825d5b4135ae6b48b5/messages -> HTTP 403 (next candidate)
[2026-09-21 23:33:52] GET /api/agents/6aa26c7ce0ac9a5ee05d2b95/conversations/6aa26c825d5b4135ae6b48b5 -> HTTP 403 (next candidate)
[2026-09-21 23:33:52] GET /api/agents/6aa26c7ce0ac9a5ee05d2b95/conversations -> HTTP 403 (next candidate)
[2026-09-21 23:34:02] GET /api/agents/6aa26c7ce0ac9a5ee05d2b95/conversations/6aa26c825d5b4135ae6b48b5/messages -> HTTP 403 (next candidate)
[2026-09-21 23:34:03] GET /api/agents/6aa26c7ce0ac9a5ee05d2b95/conversations/6aa26c825d5b4135ae6b48b5 -> HTTP 403 (next candidate)
[2026-09-21 23:34:03] GET /api/agents/6aa26c7ce0ac9a5ee05d2b95/conversations -> HTTP 403 (next candidate)
[2026-09-21 23:34:13] GET /api/agents/6aa26c7ce0ac9a5ee05d2b95/conversations/6aa26c825d5b4135ae6b48b5/messages -> HTTP 403 (next candidate)
[2026-09-21 23:34:13] GET /api/agents/6aa26c7ce0ac9a5ee05d2b95/conversations/6aa26c825d5b4135ae6b48b5 -> HTTP 403 (next candidate)
[2026-09-21 23:34:13] GET /api/agents/6aa26c7ce0ac9a5ee05d2b95/conversations -> HTTP 403 (next candidate)
[2026-09-21 23:34:23] GET /api/agents/6aa26c7ce0ac9a5ee05d2b95/conversations/6aa26c825d5b4135ae6b48b5/messages -> HTTP 403 (next candidate)
[2026-09-21 23:34:23] GET /api/agents/6aa26c7ce0ac9a5ee05d2b95/conversations/6aa26c825d5b4135ae6b48b5 -> HTTP 403 (next candidate)
[2026-09-21 23:34:23] GET /api/agents/6aa26c7ce0ac9a5ee05d2b95/conversations -> HTTP 403 (next candidate)
[2026-09-21 23:34:34] GET /api/agents/6aa26c7ce0ac9a5ee05d2b95/conversations/6aa26c825d5b4135ae6b48b5/messages -> HTTP 403 (next candidate)
[2026-09-21 23:34:34] GET /api/agents/6aa26c7ce0ac9a5ee05d2b95/conversations/6aa26c825d5b4135ae6b48b5 -> HTTP 403 (next candidate)
[2026-09-21 23:34:34] GET /api/agents/6aa26c7ce0ac9a5ee05d2b95/conversations -> HTTP 403 (next candidate)
[2026-09-21 23:34:44] GET /api/agents/6aa26c7ce0ac9a5ee05d2b95/conversations/6aa26c825d5b4135ae6b48b5/messages -> HTTP 403 (next candidate)
[2026-09-21 23:34:44] GET /api/agents/6aa26c7ce0ac9a5ee05d2b95/conversations/6aa26c825d5b4135ae6b48b5 -> HTTP 403 (next candidate)
[2026-09-21 23:34:44] GET /api/agents/6aa26c7ce0ac9a5ee05d2b95/conversations -> HTTP 403 (next candidate)
[2026-09-21 23:34:55] GET /api/agents/6aa26c7ce0ac9a5ee05d2b95/conversations/6aa26c825d5b4135ae6b48b5/messages -> HTTP 403 (next candidate)
[2026-09-21 23:34:55] GET /api/agents/6aa26c7ce0ac9a5ee05d2b95/conversations/6aa26c825d5b4135ae6b48b5 -> HTTP 403 (next candidate)
[2026-09-21 23:34:55] GET /api/agents/6aa26c7ce0ac9a5ee05d2b95/conversations -> HTTP 403 (next candidate)
[2026-09-21 23:35:05] GET /api/agents/6aa26c7ce0ac9a5ee05d2b95/conversations/6aa26c825d5b4135ae6b48b5/messages -> HTTP 403 (next candidate)
[2026-09-21 23:35:05] GET /api/agents/6aa26c7ce0ac9a5ee05d2b95/conversations/6aa26c825d5b4135ae6b48b5 -> HTTP 403 (next candidate)
[2026-09-21 23:35:05] GET /api/agents/6aa26c7ce0ac9a5ee05d2b95/conversations -> HTTP 403 (next candidate)
[2026-09-21 23:35:15] GET /api/agents/6aa26c7ce0ac9a5ee05d2b95/conversations/6aa26c825d5b4135ae6b48b5/messages -> HTTP 403 (next candidate)
[2026-09-21 23:35:15] GET /api/agents/6aa26c7ce0ac9a5ee05d2b95/conversations/6aa26c825d5b4135ae6b48b5 -> HTTP 403 (next candidate)
[2026-09-21 23:35:16] GET /api/agents/6aa26c7ce0ac9a5ee05d2b95/conversations -> HTTP 403 (next candidate)
[2026-09-21 23:35:26] GET /api/agents/6aa26c7ce0ac9a5ee05d2b95/conversations/6aa26c825d5b4135ae6b48b5/messages -> HTTP 403 (next candidate)
[2026-09-21 23:35:26] GET /api/agents/6aa26c7ce0ac9a5ee05d2b95/conversations/6aa26c825d5b4135ae6b48b5 -> HTTP 403 (next candidate)
[2026-09-21 23:35:26] GET /api/agents/6aa26c7ce0ac9a5ee05d2b95/conversations -> HTTP 403 (next candidate)
[2026-09-21 23:35:36] GET /api/agents/6aa26c7ce0ac9a5ee05d2b95/conversations/6aa26c825d5b4135ae6b48b5/messages -> HTTP 403 (next candidate)
[2026-09-21 23:35:36] GET /api/agents/6aa26c7ce0ac9a5ee05d2b95/conversations/6aa26c825d5b4135ae6b48b5 -> HTTP 403 (next candidate)
[2026-09-21 23:35:36] GET /api/agents/6aa26c7ce0ac9a5ee05d2b95/conversations -> HTTP 403 (next candidate)
[2026-09-21 23:35:46] GET /api/agents/6aa26c7ce0ac9a5ee05d2b95/conversations/6aa26c825d5b4135ae6b48b5/messages -> HTTP 403 (next candidate)
[2026-09-21 23:35:47] GET /api/agents/6aa26c7ce0ac9a5ee05d2b95/conversations/6aa26c825d5b4135ae6b48b5 -> HTTP 403 (next candidate)
[2026-09-21 23:35:47] GET /api/agents/6aa26c7ce0ac9a5ee05d2b95/conversations -> HTTP 403 (next candidate)
[2026-09-21 23:35:57] GET /api/agents/6aa26c7ce0ac9a5ee05d2b95/conversations/6aa26c825d5b4135ae6b48b5/messages -> HTTP 403 (next candidate)
[2026-09-21 23:35:57] GET /api/agents/6aa26c7ce0ac9a5ee05d2b95/conversations/6aa26c825d5b4135ae6b48b5 -> HTTP 403 (next candidate)
[2026-09-21 23:35:57] GET /api/agents/6aa26c7ce0ac9a5ee05d2b95/conversations -> HTTP 403 (next candidate)
[2026-09-21 23:36:07] GET /api/agents/6aa26c7ce0ac9a5ee05d2b95/conversations/6aa26c825d5b4135ae6b48b5/messages -> HTTP 403 (next candidate)
[2026-09-21 23:36:08] GET /api/agents/6aa26c7ce0ac9a5ee05d2b95/conversations/6aa26c825d5b4135ae6b48b5 -> HTTP 403 (next candidate)
[2026-09-21 23:36:08] GET /api/agents/6aa26c7ce0ac9a5ee05d2b95/conversations -> HTTP 403 (next candidate)
[2026-09-21 23:36:18] GET /api/agents/6aa26c7ce0ac9a5ee05d2b95/conversations/6aa26c825d5b4135ae6b48b5/messages -> HTTP 403 (next candidate)
[2026-09-21 23:36:18] GET /api/agents/6aa26c7ce0ac9a5ee05d2b95/conversations/6aa26c825d5b4135ae6b48b5 -> HTTP 403 (next candidate)
[2026-09-21 23:36:18] GET /api/agents/6aa26c7ce0ac9a5ee05d2b95/conversations -> HTTP 403 (next candidate)
[2026-09-21 23:36:28] GET /api/agents/6aa26c7ce0ac9a5ee05d2b95/conversations/6aa26c825d5b4135ae6b48b5/messages -> HTTP 403 (next candidate)
[2026-09-21 23:36:28] GET /api/agents/6aa26c7ce0ac9a5ee05d2b95/conversations/6aa26c825d5b4135ae6b48b5 -> HTTP 403 (next candidate)
[2026-09-21 23:36:29] GET /api/agents/6aa26c7ce0ac9a5ee05d2b95/conversations -> HTTP 403 (next candidate)
[2026-09-21 23:36:39] GET /api/agents/6aa26c7ce0ac9a5ee05d2b95/conversations/6aa26c825d5b4135ae6b48b5/messages -> HTTP 403 (next candidate)
[2026-09-21 23:36:39] GET /api/agents/6aa26c7ce0ac9a5ee05d2b95/conversations/6aa26c825d5b4135ae6b48b5 -> HTTP 403 (next candidate)
[2026-09-21 23:36:39] GET /api/agents/6aa26c7ce0ac9a5ee05d2b95/conversations -> HTTP 403 (next candidate)
[2026-09-21 23:36:49] GET /api/agents/6aa26c7ce0ac9a5ee05d2b95/conversations/6aa26c825d5b4135ae6b48b5/messages -> HTTP 403 (next candidate)
[2026-09-21 23:36:49] GET /api/agents/6aa26c7ce0ac9a5ee05d2b95/conversations/6aa26c825d5b4135ae6b48b5 -> HTTP 403 (next candidate)
[2026-09-21 23:36:49] GET /api/agents/6aa26c7ce0ac9a5ee05d2b95/conversations -> HTTP 403 (next candidate)
[2026-09-21 23:37:00] GET /api/agents/6aa26c7ce0ac9a5ee05d2b95/conversations/6aa26c825d5b4135ae6b48b5/messages -> HTTP 403 (next candidate)
[2026-09-21 23:37:00] GET /api/agents/6aa26c7ce0ac9a5ee05d2b95/conversations/6aa26c825d5b4135ae6b48b5 -> HTTP 403 (next candidate)
[2026-09-21 23:37:00] GET /api/agents/6aa26c7ce0ac9a5ee05d2b95/conversations -> HTTP 403 (next candidate)
[2026-09-21 23:37:10] GET /api/agents/6aa26c7ce0ac9a5ee05d2b95/conversations/6aa26c825d5b4135ae6b48b5/messages -> HTTP 403 (next candidate)
[2026-09-21 23:37:10] GET /api/agents/6aa26c7ce0ac9a5ee05d2b95/conversations/6aa26c825d5b4135ae6b48b5 -> HTTP 403 (next candidate)
[2026-09-21 23:37:10] GET /api/agents/6aa26c7ce0ac9a5ee05d2b95/conversations -> HTTP 403 (next candidate)
[2026-09-21 23:37:20] GET /api/agents/6aa26c7ce0ac9a5ee05d2b95/conversations/6aa26c825d5b4135ae6b48b5/messages -> HTTP 403 (next candidate)
[2026-09-21 23:37:20] GET /api/agents/6aa26c7ce0ac9a5ee05d2b95/conversations/6aa26c825d5b4135ae6b48b5 -> HTTP 403 (next candidate)
[2026-09-21 23:37:21] GET /api/agents/6aa26c7ce0ac9a5ee05d2b95/conversations -> HTTP 403 (next candidate)
[2026-09-21 23:37:31] GET /api/agents/6aa26c7ce0ac9a5ee05d2b95/conversations/6aa26c825d5b4135ae6b48b5/messages -> HTTP 403 (next candidate)
[2026-09-21 23:37:31] GET /api/agents/6aa26c7ce0ac9a5ee05d2b95/conversations/6aa26c825d5b4135ae6b48b5 -> HTTP 403 (next candidate)
[2026-09-21 23:37:31] GET /api/agents/6aa26c7ce0ac9a5ee05d2b95/conversations -> HTTP 403 (next candidate)
[2026-09-21 23:37:41] GET /api/agents/6aa26c7ce0ac9a5ee05d2b95/conversations/6aa26c825d5b4135ae6b48b5/messages -> HTTP 403 (next candidate)
[2026-09-21 23:37:41] GET /api/agents/6aa26c7ce0ac9a5ee05d2b95/conversations/6aa26c825d5b4135ae6b48b5 -> HTTP 403 (next candidate)
[2026-09-21 23:37:41] GET /api/agents/6aa26c7ce0ac9a5ee05d2b95/conversations -> HTTP 403 (next candidate)
[2026-09-21 23:37:51] GET /api/agents/6aa26c7ce0ac9a5ee05d2b95/conversations/6aa26c825d5b4135ae6b48b5/messages -> HTTP 403 (next candidate)
[2026-09-21 23:37:51] GET /api/agents/6aa26c7ce0ac9a5ee05d2b95/conversations/6aa26c825d5b4135ae6b48b5 -> HTTP 403 (next candidate)
[2026-09-21 23:37:51] GET /api/agents/6aa26c7ce0ac9a5ee05d2b95/conversations -> HTTP 403 (next candidate)
[2026-09-21 23:38:02] GET /api/agents/6aa26c7ce0ac9a5ee05d2b95/conversations/6aa26c825d5b4135ae6b48b5/messages -> HTTP 403 (next candidate)
[2026-09-21 23:38:02] GET /api/agents/6aa26c7ce0ac9a5ee05d2b95/conversations/6aa26c825d5b4135ae6b48b5 -> HTTP 403 (next candidate)
[2026-09-21 23:38:02] GET /api/agents/6aa26c7ce0ac9a5ee05d2b95/conversations -> HTTP 403 (next candidate)
[2026-09-21 23:38:12] GET /api/agents/6aa26c7ce0ac9a5ee05d2b95/conversations/6aa26c825d5b4135ae6b48b5/messages -> HTTP 403 (next candidate)
[2026-09-21 23:38:12] GET /api/agents/6aa26c7ce0ac9a5ee05d2b95/conversations/6aa26c825d5b4135ae6b48b5 -> HTTP 403 (next candidate)
[2026-09-21 23:38:12] GET /api/agents/6aa26c7ce0ac9a5ee05d2b95/conversations -> HTTP 403 (next candidate)
[2026-09-21 23:38:22] GET /api/agents/6aa26c7ce0ac9a5ee05d2b95/conversations/6aa26c825d5b4135ae6b48b5/messages -> HTTP 403 (next candidate)
[2026-09-21 23:38:22] GET /api/agents/6aa26c7ce0ac9a5ee05d2b95/conversations/6aa26c825d5b4135ae6b48b5 -> HTTP 403 (next candidate)
[2026-09-21 23:38:22] GET /api/agents/6aa26c7ce0ac9a5ee05d2b95/conversations -> HTTP 403 (next candidate)
[2026-09-21 23:38:33] GET /api/agents/6aa26c7ce0ac9a5ee05d2b95/conversations/6aa26c825d5b4135ae6b48b5/messages -> HTTP 403 (next candidate)
[2026-09-21 23:38:33] GET /api/agents/6aa26c7ce0ac9a5ee05d2b95/conversations/6aa26c825d5b4135ae6b48b5 -> HTTP 403 (next candidate)
[2026-09-21 23:38:33] GET /api/agents/6aa26c7ce0ac9a5ee05d2b95/conversations -> HTTP 403 (next candidate)
[2026-09-21 23:38:43] GET /api/agents/6aa26c7ce0ac9a5ee05d2b95/conversations/6aa26c825d5b4135ae6b48b5/messages -> HTTP 403 (next candidate)
[2026-09-21 23:38:43] GET /api/agents/6aa26c7ce0ac9a5ee05d2b95/conversations/6aa26c825d5b4135ae6b48b5 -> HTTP 403 (next candidate)
[2026-09-21 23:38:43] GET /api/agents/6aa26c7ce0ac9a5ee05d2b95/conversations -> HTTP 403 (next candidate)
[2026-09-21 23:38:54] GET /api/agents/6aa26c7ce0ac9a5ee05d2b95/conversations/6aa26c825d5b4135ae6b48b5/messages -> HTTP 403 (next candidate)
[2026-09-21 23:38:54] GET /api/agents/6aa26c7ce0ac9a5ee05d2b95/conversations/6aa26c825d5b4135ae6b48b5 -> HTTP 403 (next candidate)
[2026-09-21 23:38:54] GET /api/agents/6aa26c7ce0ac9a5ee05d2b95/conversations -> HTTP 403 (next candidate)
[2026-09-21 23:39:04] GET /api/agents/6aa26c7ce0ac9a5ee05d2b95/conversations/6aa26c825d5b4135ae6b48b5/messages -> HTTP 403 (next candidate)
[2026-09-21 23:39:04] GET /api/agents/6aa26c7ce0ac9a5ee05d2b95/conversations/6aa26c825d5b4135ae6b48b5 -> HTTP 403 (next candidate)
[2026-09-21 23:39:04] GET /api/agents/6aa26c7ce0ac9a5ee05d2b95/conversations -> HTTP 403 (next candidate)
[2026-09-21 23:39:14] GET /api/agents/6aa26c7ce0ac9a5ee05d2b95/conversations/6aa26c825d5b4135ae6b48b5/messages -> HTTP 403 (next candidate)
[2026-09-21 23:39:14] GET /api/agents/6aa26c7ce0ac9a5ee05d2b95/conversations/6aa26c825d5b4135ae6b48b5 -> HTTP 403 (next candidate)
[2026-09-21 23:39:14] GET /api/agents/6aa26c7ce0ac9a5ee05d2b95/conversations -> HTTP 403 (next candidate)
[2026-09-21 23:39:25] GET /api/agents/6aa26c7ce0ac9a5ee05d2b95/conversations/6aa26c825d5b4135ae6b48b5/messages -> HTTP 403 (next candidate)
[2026-09-21 23:39:25] GET /api/agents/6aa26c7ce0ac9a5ee05d2b95/conversations/6aa26c825d5b4135ae6b48b5 -> HTTP 403 (next candidate)
[2026-09-21 23:39:25] GET /api/agents/6aa26c7ce0ac9a5ee05d2b95/conversations -> HTTP 403 (next candidate)
[2026-09-21 23:39:35] GET /api/agents/6aa26c7ce0ac9a5ee05d2b95/conversations/6aa26c825d5b4135ae6b48b5/messages -> HTTP 403 (next candidate)
[2026-09-21 23:39:35] GET /api/agents/6aa26c7ce0ac9a5ee05d2b95/conversations/6aa26c825d5b4135ae6b48b5 -> HTTP 403 (next candidate)
[2026-09-21 23:39:35] GET /api/agents/6aa26c7ce0ac9a5ee05d2b95/conversations -> HTTP 403 (next candidate)
[2026-09-21 23:39:45] GET /api/agents/6aa26c7ce0ac9a5ee05d2b95/conversations/6aa26c825d5b4135ae6b48b5/messages -> HTTP 403 (next candidate)
[2026-09-21 23:39:45] GET /api/agents/6aa26c7ce0ac9a5ee05d2b95/conversations/6aa26c825d5b4135ae6b48b5 -> HTTP 403 (next candidate)
[2026-09-21 23:39:45] GET /api/agents/6aa26c7ce0ac9a5ee05d2b95/conversations -> HTTP 403 (next candidate)
[2026-09-21 23:39:56] GET /api/agents/6aa26c7ce0ac9a5ee05d2b95/conversations/6aa26c825d5b4135ae6b48b5/messages -> HTTP 403 (next candidate)
[2026-09-21 23:39:56] GET /api/agents/6aa26c7ce0ac9a5ee05d2b95/conversations/6aa26c825d5b4135ae6b48b5 -> HTTP 403 (next candidate)
[2026-09-21 23:39:56] GET /api/agents/6aa26c7ce0ac9a5ee05d2b95/conversations -> HTTP 403 (next candidate)
[2026-09-21 23:40:06] GET /api/agents/6aa26c7ce0ac9a5ee05d2b95/conversations/6aa26c825d5b4135ae6b48b5/messages -> HTTP 403 (next candidate)
[2026-09-21 23:40:06] GET /api/agents/6aa26c7ce0ac9a5ee05d2b95/conversations/6aa26c825d5b4135ae6b48b5 -> HTTP 403 (next candidate)
[2026-09-21 23:40:07] GET /api/agents/6aa26c7ce0ac9a5ee05d2b95/conversations -> HTTP 403 (next candidate)
[2026-09-21 23:40:17] GET /api/agents/6aa26c7ce0ac9a5ee05d2b95/conversations/6aa26c825d5b4135ae6b48b5/messages -> HTTP 403 (next candidate)
[2026-09-21 23:40:17] GET /api/agents/6aa26c7ce0ac9a5ee05d2b95/conversations/6aa26c825d5b4135ae6b48b5 -> HTTP 403 (next candidate)
[2026-09-21 23:40:17] GET /api/agents/6aa26c7ce0ac9a5ee05d2b95/conversations -> HTTP 403 (next candidate)
[2026-09-21 23:40:27] GET /api/agents/6aa26c7ce0ac9a5ee05d2b95/conversations/6aa26c825d5b4135ae6b48b5/messages -> HTTP 403 (next candidate)
[2026-09-21 23:40:27] GET /api/agents/6aa26c7ce0ac9a5ee05d2b95/conversations/6aa26c825d5b4135ae6b48b5 -> HTTP 403 (next candidate)
[2026-09-21 23:40:27] GET /api/agents/6aa26c7ce0ac9a5ee05d2b95/conversations -> HTTP 403 (next candidate)
[2026-09-21 23:40:37] GET /api/agents/6aa26c7ce0ac9a5ee05d2b95/conversations/6aa26c825d5b4135ae6b48b5/messages -> HTTP 403 (next candidate)
[2026-09-21 23:40:38] GET /api/agents/6aa26c7ce0ac9a5ee05d2b95/conversations/6aa26c825d5b4135ae6b48b5 -> HTTP 403 (next candidate)
[2026-09-21 23:40:38] GET /api/agents/6aa26c7ce0ac9a5ee05d2b95/conversations -> HTTP 403 (next candidate)
[2026-09-21 23:40:48] GET /api/agents/6aa26c7ce0ac9a5ee05d2b95/conversations/6aa26c825d5b4135ae6b48b5/messages -> HTTP 403 (next candidate)
[2026-09-21 23:40:48] GET /api/agents/6aa26c7ce0ac9a5ee05d2b95/conversations/6aa26c825d5b4135ae6b48b5 -> HTTP 403 (next candidate)
[2026-09-21 23:40:48] GET /api/agents/6aa26c7ce0ac9a5ee05d2b95/conversations -> HTTP 403 (next candidate)
[2026-09-21 23:40:58] GET /api/agents/6aa26c7ce0ac9a5ee05d2b95/conversations/6aa26c825d5b4135ae6b48b5/messages -> HTTP 403 (next candidate)
[2026-09-21 23:40:58] GET /api/agents/6aa26c7ce0ac9a5ee05d2b95/conversations/6aa26c825d5b4135ae6b48b5 -> HTTP 403 (next candidate)
[2026-09-21 23:40:58] GET /api/agents/6aa26c7ce0ac9a5ee05d2b95/conversations -> HTTP 403 (next candidate)
[2026-09-21 23:41:09] GET /api/agents/6aa26c7ce0ac9a5ee05d2b95/conversations/6aa26c825d5b4135ae6b48b5/messages -> HTTP 403 (next candidate)
[2026-09-21 23:41:09] GET /api/agents/6aa26c7ce0ac9a5ee05d2b95/conversations/6aa26c825d5b4135ae6b48b5 -> HTTP 403 (next candidate)
[2026-09-21 23:41:09] GET /api/agents/6aa26c7ce0ac9a5ee05d2b95/conversations -> HTTP 403 (next candidate)
[2026-09-21 23:41:19] GET /api/agents/6aa26c7ce0ac9a5ee05d2b95/conversations/6aa26c825d5b4135ae6b48b5/messages -> HTTP 403 (next candidate)
[2026-09-21 23:41:19] GET /api/agents/6aa26c7ce0ac9a5ee05d2b95/conversations/6aa26c825d5b4135ae6b48b5 -> HTTP 403 (next candidate)
[2026-09-21 23:41:19] GET /api/agents/6aa26c7ce0ac9a5ee05d2b95/conversations -> HTTP 403 (next candidate)
[2026-09-21 23:41:29] GET /api/agents/6aa26c7ce0ac9a5ee05d2b95/conversations/6aa26c825d5b4135ae6b48b5/messages -> HTTP 403 (next candidate)
[2026-09-21 23:41:29] GET /api/agents/6aa26c7ce0ac9a5ee05d2b95/conversations/6aa26c825d5b4135ae6b48b5 -> HTTP 403 (next candidate)
[2026-09-21 23:41:29] GET /api/agents/6aa26c7ce0ac9a5ee05d2b95/conversations -> HTTP 403 (next candidate)
[2026-09-21 23:41:40] GET /api/agents/6aa26c7ce0ac9a5ee05d2b95/conversations/6aa26c825d5b4135ae6b48b5/messages -> HTTP 403 (next candidate)
[2026-09-21 23:41:40] GET /api/agents/6aa26c7ce0ac9a5ee05d2b95/conversations/6aa26c825d5b4135ae6b48b5 -> HTTP 403 (next candidate)
[2026-09-21 23:41:40] GET /api/agents/6aa26c7ce0ac9a5ee05d2b95/conversations -> HTTP 403 (next candidate)
[2026-09-21 23:41:50] GET /api/agents/6aa26c7ce0ac9a5ee05d2b95/conversations/6aa26c825d5b4135ae6b48b5/messages -> HTTP 403 (next candidate)
[2026-09-21 23:41:50] GET /api/agents/6aa26c7ce0ac9a5ee05d2b95/conversations/6aa26c825d5b4135ae6b48b5 -> HTTP 403 (next candidate)
[2026-09-21 23:41:50] GET /api/agents/6aa26c7ce0ac9a5ee05d2b95/conversations -> HTTP 403 (next candidate)
[2026-09-21 23:42:00] GET /api/agents/6aa26c7ce0ac9a5ee05d2b95/conversations/6aa26c825d5b4135ae6b48b5/messages -> HTTP 403 (next candidate)
[2026-09-21 23:42:00] GET /api/agents/6aa26c7ce0ac9a5ee05d2b95/conversations/6aa26c825d5b4135ae6b48b5 -> HTTP 403 (next candidate)
[2026-09-21 23:42:00] GET /api/agents/6aa26c7ce0ac9a5ee05d2b95/conversations -> HTTP 403 (next candidate)
[2026-09-21 23:42:11] GET /api/agents/6aa26c7ce0ac9a5ee05d2b95/conversations/6aa26c825d5b4135ae6b48b5/messages -> HTTP 403 (next candidate)
[2026-09-21 23:42:11] GET /api/agents/6aa26c7ce0ac9a5ee05d2b95/conversations/6aa26c825d5b4135ae6b48b5 -> HTTP 403 (next candidate)
[2026-09-21 23:42:11] GET /api/agents/6aa26c7ce0ac9a5ee05d2b95/conversations -> HTTP 403 (next candidate)
[2026-09-21 23:42:21] GET /api/agents/6aa26c7ce0ac9a5ee05d2b95/conversations/6aa26c825d5b4135ae6b48b5/messages -> HTTP 403 (next candidate)
[2026-09-21 23:42:21] GET /api/agents/6aa26c7ce0ac9a5ee05d2b95/conversations/6aa26c825d5b4135ae6b48b5 -> HTTP 403 (next candidate)
[2026-09-21 23:42:21] GET /api/agents/6aa26c7ce0ac9a5ee05d2b95/conversations -> HTTP 403 (next candidate)
[2026-09-21 23:42:31] GET /api/agents/6aa26c7ce0ac9a5ee05d2b95/conversations/6aa26c825d5b4135ae6b48b5/messages -> HTTP 403 (next candidate)
[2026-09-21 23:42:31] GET /api/agents/6aa26c7ce0ac9a5ee05d2b95/conversations/6aa26c825d5b4135ae6b48b5 -> HTTP 403 (next candidate)
[2026-09-21 23:42:31] GET /api/agents/6aa26c7ce0ac9a5ee05d2b95/conversations -> HTTP 403 (next candidate)
[2026-09-21 23:42:42] GET /api/agents/6aa26c7ce0ac9a5ee05d2b95/conversations/6aa26c825d5b4135ae6b48b5/messages -> HTTP 403 (next candidate)
[2026-09-21 23:42:42] GET /api/agents/6aa26c7ce0ac9a5ee05d2b95/conversations/6aa26c825d5b4135ae6b48b5 -> HTTP 403 (next candidate)
[2026-09-21 23:42:42] GET /api/agents/6aa26c7ce0ac9a5ee05d2b95/conversations -> HTTP 403 (next candidate)
[2026-09-21 23:42:52] GET /api/agents/6aa26c7ce0ac9a5ee05d2b95/conversations/6aa26c825d5b4135ae6b48b5/messages -> HTTP 403 (next candidate)
[2026-09-21 23:42:52] GET /api/agents/6aa26c7ce0ac9a5ee05d2b95/conversations/6aa26c825d5b4135ae6b48b5 -> HTTP 403 (next candidate)
[2026-09-21 23:42:52] GET /api/agents/6aa26c7ce0ac9a5ee05d2b95/conversations -> HTTP 403 (next candidate)
[2026-09-21 23:43:02] GET /api/agents/6aa26c7ce0ac9a5ee05d2b95/conversations/6aa26c825d5b4135ae6b48b5/messages -> HTTP 403 (next candidate)
[2026-09-21 23:43:03] GET /api/agents/6aa26c7ce0ac9a5ee05d2b95/conversations/6aa26c825d5b4135ae6b48b5 -> HTTP 403 (next candidate)
[2026-09-21 23:43:03] GET /api/agents/6aa26c7ce0ac9a5ee05d2b95/conversations -> HTTP 403 (next candidate)
[2026-09-21 23:43:13] GET /api/agents/6aa26c7ce0ac9a5ee05d2b95/conversations/6aa26c825d5b4135ae6b48b5/messages -> HTTP 403 (next candidate)
[2026-09-21 23:43:13] GET /api/agents/6aa26c7ce0ac9a5ee05d2b95/conversations/6aa26c825d5b4135ae6b48b5 -> HTTP 403 (next candidate)
[2026-09-21 23:43:13] GET /api/agents/6aa26c7ce0ac9a5ee05d2b95/conversations -> HTTP 403 (next candidate)
[2026-09-21 23:43:23] GET /api/agents/6aa26c7ce0ac9a5ee05d2b95/conversations/6aa26c825d5b4135ae6b48b5/messages -> HTTP 403 (next candidate)
[2026-09-21 23:43:23] GET /api/agents/6aa26c7ce0ac9a5ee05d2b95/conversations/6aa26c825d5b4135ae6b48b5 -> HTTP 403 (next candidate)
[2026-09-21 23:43:23] GET /api/agents/6aa26c7ce0ac9a5ee05d2b95/conversations -> HTTP 403 (next candidate)
[2026-09-21 23:43:33] GET /api/agents/6aa26c7ce0ac9a5ee05d2b95/conversations/6aa26c825d5b4135ae6b48b5/messages -> HTTP 403 (next candidate)
[2026-09-21 23:43:34] GET /api/agents/6aa26c7ce0ac9a5ee05d2b95/conversations/6aa26c825d5b4135ae6b48b5 -> HTTP 403 (next candidate)
[2026-09-21 23:43:34] GET /api/agents/6aa26c7ce0ac9a5ee05d2b95/conversations -> HTTP 403 (next candidate)
[2026-09-21 23:43:44] GET /api/agents/6aa26c7ce0ac9a5ee05d2b95/conversations/6aa26c825d5b4135ae6b48b5/messages -> HTTP 403 (next candidate)
[2026-09-21 23:43:44] GET /api/agents/6aa26c7ce0ac9a5ee05d2b95/conversations/6aa26c825d5b4135ae6b48b5 -> HTTP 403 (next candidate)
[2026-09-21 23:43:44] GET /api/agents/6aa26c7ce0ac9a5ee05d2b95/conversations -> HTTP 403 (next candidate)
[2026-09-21 23:43:54] GET /api/agents/6aa26c7ce0ac9a5ee05d2b95/conversations/6aa26c825d5b4135ae6b48b5/messages -> HTTP 403 (next candidate)
[2026-09-21 23:43:54] GET /api/agents/6aa26c7ce0ac9a5ee05d2b95/conversations/6aa26c825d5b4135ae6b48b5 -> HTTP 403 (next candidate)
[2026-09-21 23:43:54] GET /api/agents/6aa26c7ce0ac9a5ee05d2b95/conversations -> HTTP 403 (next candidate)
[2026-09-21 23:44:05] GET /api/agents/6aa26c7ce0ac9a5ee05d2b95/conversations/6aa26c825d5b4135ae6b48b5/messages -> HTTP 403 (next candidate)
[2026-09-21 23:44:05] GET /api/agents/6aa26c7ce0ac9a5ee05d2b95/conversations/6aa26c825d5b4135ae6b48b5 -> HTTP 403 (next candidate)
[2026-09-21 23:44:05] GET /api/agents/6aa26c7ce0ac9a5ee05d2b95/conversations -> HTTP 403 (next candidate)
[2026-09-21 23:44:15] GET /api/agents/6aa26c7ce0ac9a5ee05d2b95/conversations/6aa26c825d5b4135ae6b48b5/messages -> HTTP 403 (next candidate)
[2026-09-21 23:44:15] GET /api/agents/6aa26c7ce0ac9a5ee05d2b95/conversations/6aa26c825d5b4135ae6b48b5 -> HTTP 403 (next candidate)
[2026-09-21 23:44:15] GET /api/agents/6aa26c7ce0ac9a5ee05d2b95/conversations -> HTTP 403 (next candidate)
[2026-09-21 23:44:25] GET /api/agents/6aa26c7ce0ac9a5ee05d2b95/conversations/6aa26c825d5b4135ae6b48b5/messages -> HTTP 403 (next candidate)
[2026-09-21 23:44:25] GET /api/agents/6aa26c7ce0ac9a5ee05d2b95/conversations/6aa26c825d5b4135ae6b48b5 -> HTTP 403 (next candidate)
[2026-09-21 23:44:25] GET /api/agents/6aa26c7ce0ac9a5ee05d2b95/conversations -> HTTP 403 (next candidate)
[2026-09-21 23:44:36] GET /api/agents/6aa26c7ce0ac9a5ee05d2b95/conversations/6aa26c825d5b4135ae6b48b5/messages -> HTTP 403 (next candidate)
[2026-09-21 23:44:36] GET /api/agents/6aa26c7ce0ac9a5ee05d2b95/conversations/6aa26c825d5b4135ae6b48b5 -> HTTP 403 (next candidate)
[2026-09-21 23:44:36] GET /api/agents/6aa26c7ce0ac9a5ee05d2b95/conversations -> HTTP 403 (next candidate)
[2026-09-21 23:44:46] GET /api/agents/6aa26c7ce0ac9a5ee05d2b95/conversations/6aa26c825d5b4135ae6b48b5/messages -> HTTP 403 (next candidate)
[2026-09-21 23:44:46] GET /api/agents/6aa26c7ce0ac9a5ee05d2b95/conversations/6aa26c825d5b4135ae6b48b5 -> HTTP 403 (next candidate)
[2026-09-21 23:44:46] GET /api/agents/6aa26c7ce0ac9a5ee05d2b95/conversations -> HTTP 403 (next candidate)
[2026-09-21 23:44:56] GET /api/agents/6aa26c7ce0ac9a5ee05d2b95/conversations/6aa26c825d5b4135ae6b48b5/messages -> HTTP 403 (next candidate)
[2026-09-21 23:44:56] GET /api/agents/6aa26c7ce0ac9a5ee05d2b95/conversations/6aa26c825d5b4135ae6b48b5 -> HTTP 403 (next candidate)
[2026-09-21 23:44:56] GET /api/agents/6aa26c7ce0ac9a5ee05d2b95/conversations -> HTTP 403 (next candidate)
[2026-09-21 23:45:07] GET /api/agents/6aa26c7ce0ac9a5ee05d2b95/conversations/6aa26c825d5b4135ae6b48b5/messages -> HTTP 403 (next candidate)
[2026-09-21 23:45:07] GET /api/agents/6aa26c7ce0ac9a5ee05d2b95/conversations/6aa26c825d5b4135ae6b48b5 -> HTTP 403 (next candidate)
[2026-09-21 23:45:07] GET /api/agents/6aa26c7ce0ac9a5ee05d2b95/conversations -> HTTP 403 (next candidate)
[2026-09-21 23:45:17] GET /api/agents/6aa26c7ce0ac9a5ee05d2b95/conversations/6aa26c825d5b4135ae6b48b5/messages -> HTTP 403 (next candidate)
[2026-09-21 23:45:17] GET /api/agents/6aa26c7ce0ac9a5ee05d2b95/conversations/6aa26c825d5b4135ae6b48b5 -> HTTP 403 (next candidate)
[2026-09-21 23:45:17] GET /api/agents/6aa26c7ce0ac9a5ee05d2b95/conversations -> HTTP 403 (next candidate)
[2026-09-21 23:45:27] GET /api/agents/6aa26c7ce0ac9a5ee05d2b95/conversations/6aa26c825d5b4135ae6b48b5/messages -> HTTP 403 (next candidate)
[2026-09-21 23:45:28] GET /api/agents/6aa26c7ce0ac9a5ee05d2b95/conversations/6aa26c825d5b4135ae6b48b5 -> HTTP 403 (next candidate)
[2026-09-21 23:45:28] GET /api/agents/6aa26c7ce0ac9a5ee05d2b95/conversations -> HTTP 403 (next candidate)
[2026-09-21 23:45:38] GET /api/agents/6aa26c7ce0ac9a5ee05d2b95/conversations/6aa26c825d5b4135ae6b48b5/messages -> HTTP 403 (next candidate)
[2026-09-21 23:45:38] GET /api/agents/6aa26c7ce0ac9a5ee05d2b95/conversations/6aa26c825d5b4135ae6b48b5 -> HTTP 403 (next candidate)
[2026-09-21 23:45:38] GET /api/agents/6aa26c7ce0ac9a5ee05d2b95/conversations -> HTTP 403 (next candidate)
[2026-09-21 23:45:48] GET /api/agents/6aa26c7ce0ac9a5ee05d2b95/conversations/6aa26c825d5b4135ae6b48b5/messages -> HTTP 403 (next candidate)
[2026-09-21 23:45:48] GET /api/agents/6aa26c7ce0ac9a5ee05d2b95/conversations/6aa26c825d5b4135ae6b48b5 -> HTTP 403 (next candidate)
[2026-09-21 23:45:48] GET /api/agents/6aa26c7ce0ac9a5ee05d2b95/conversations -> HTTP 403 (next candidate)
[2026-09-21 23:45:59] GET /api/agents/6aa26c7ce0ac9a5ee05d2b95/conversations/6aa26c825d5b4135ae6b48b5/messages -> HTTP 403 (next candidate)
[2026-09-21 23:45:59] GET /api/agents/6aa26c7ce0ac9a5ee05d2b95/conversations/6aa26c825d5b4135ae6b48b5 -> HTTP 403 (next candidate)
[2026-09-21 23:45:59] GET /api/agents/6aa26c7ce0ac9a5ee05d2b95/conversations -> HTTP 403 (next candidate)
[2026-09-21 23:46:09] GET /api/agents/6aa26c7ce0ac9a5ee05d2b95/conversations/6aa26c825d5b4135ae6b48b5/messages -> HTTP 403 (next candidate)
[2026-09-21 23:46:09] GET /api/agents/6aa26c7ce0ac9a5ee05d2b95/conversations/6aa26c825d5b4135ae6b48b5 -> HTTP 403 (next candidate)
[2026-09-21 23:46:09] GET /api/agents/6aa26c7ce0ac9a5ee05d2b95/conversations -> HTTP 403 (next candidate)
[2026-09-21 23:46:19] GET /api/agents/6aa26c7ce0ac9a5ee05d2b95/conversations/6aa26c825d5b4135ae6b48b5/messages -> HTTP 403 (next candidate)
[2026-09-21 23:46:20] GET /api/agents/6aa26c7ce0ac9a5ee05d2b95/conversations/6aa26c825d5b4135ae6b48b5 -> HTTP 403 (next candidate)
[2026-09-21 23:46:20] GET /api/agents/6aa26c7ce0ac9a5ee05d2b95/conversations -> HTTP 403 (next candidate)
[2026-09-21 23:46:30] GET /api/agents/6aa26c7ce0ac9a5ee05d2b95/conversations/6aa26c825d5b4135ae6b48b5/messages -> HTTP 403 (next candidate)
[2026-09-21 23:46:30] GET /api/agents/6aa26c7ce0ac9a5ee05d2b95/conversations/6aa26c825d5b4135ae6b48b5 -> HTTP 403 (next candidate)
[2026-09-21 23:46:30] GET /api/agents/6aa26c7ce0ac9a5ee05d2b95/conversations -> HTTP 403 (next candidate)
[2026-09-21 23:46:40] GET /api/agents/6aa26c7ce0ac9a5ee05d2b95/conversations/6aa26c825d5b4135ae6b48b5/messages -> HTTP 403 (next candidate)
[2026-09-21 23:46:40] GET /api/agents/6aa26c7ce0ac9a5ee05d2b95/conversations/6aa26c825d5b4135ae6b48b5 -> HTTP 403 (next candidate)
[2026-09-21 23:46:40] GET /api/agents/6aa26c7ce0ac9a5ee05d2b95/conversations -> HTTP 403 (next candidate)
[2026-09-21 23:46:51] GET /api/agents/6aa26c7ce0ac9a5ee05d2b95/conversations/6aa26c825d5b4135ae6b48b5/messages -> HTTP 403 (next candidate)
[2026-09-21 23:46:51] GET /api/agents/6aa26c7ce0ac9a5ee05d2b95/conversations/6aa26c825d5b4135ae6b48b5 -> HTTP 403 (next candidate)
[2026-09-21 23:46:51] GET /api/agents/6aa26c7ce0ac9a5ee05d2b95/conversations -> HTTP 403 (next candidate)
[2026-09-21 23:47:01] GET /api/agents/6aa26c7ce0ac9a5ee05d2b95/conversations/6aa26c825d5b4135ae6b48b5/messages -> HTTP 403 (next candidate)
[2026-09-21 23:47:01] GET /api/agents/6aa26c7ce0ac9a5ee05d2b95/conversations/6aa26c825d5b4135ae6b48b5 -> HTTP 403 (next candidate)
[2026-09-21 23:47:01] GET /api/agents/6aa26c7ce0ac9a5ee05d2b95/conversations -> HTTP 403 (next candidate)
[2026-09-21 23:47:12] GET /api/agents/6aa26c7ce0ac9a5ee05d2b95/conversations/6aa26c825d5b4135ae6b48b5/messages -> HTTP 403 (next candidate)
[2026-09-21 23:47:12] GET /api/agents/6aa26c7ce0ac9a5ee05d2b95/conversations/6aa26c825d5b4135ae6b48b5 -> HTTP 403 (next candidate)
[2026-09-21 23:47:12] GET /api/agents/6aa26c7ce0ac9a5ee05d2b95/conversations -> HTTP 403 (next candidate)
[2026-09-21 23:47:22] GET /api/agents/6aa26c7ce0ac9a5ee05d2b95/conversations/6aa26c825d5b4135ae6b48b5/messages -> HTTP 403 (next candidate)
[2026-09-21 23:47:22] GET /api/agents/6aa26c7ce0ac9a5ee05d2b95/conversations/6aa26c825d5b4135ae6b48b5 -> HTTP 403 (next candidate)
[2026-09-21 23:47:22] GET /api/agents/6aa26c7ce0ac9a5ee05d2b95/conversations -> HTTP 403 (next candidate)
[2026-09-21 23:47:32] GET /api/agents/6aa26c7ce0ac9a5ee05d2b95/conversations/6aa26c825d5b4135ae6b48b5/messages -> HTTP 403 (next candidate)
[2026-09-21 23:47:32] GET /api/agents/6aa26c7ce0ac9a5ee05d2b95/conversations/6aa26c825d5b4135ae6b48b5 -> HTTP 403 (next candidate)
[2026-09-21 23:47:33] GET /api/agents/6aa26c7ce0ac9a5ee05d2b95/conversations -> HTTP 403 (next candidate)
[2026-09-21 23:47:43] GET /api/agents/6aa26c7ce0ac9a5ee05d2b95/conversations/6aa26c825d5b4135ae6b48b5/messages -> HTTP 403 (next candidate)
[2026-09-21 23:47:43] GET /api/agents/6aa26c7ce0ac9a5ee05d2b95/conversations/6aa26c825d5b4135ae6b48b5 -> HTTP 403 (next candidate)
[2026-09-21 23:47:43] GET /api/agents/6aa26c7ce0ac9a5ee05d2b95/conversations -> HTTP 403 (next candidate)
[2026-09-21 23:47:53] GET /api/agents/6aa26c7ce0ac9a5ee05d2b95/conversations/6aa26c825d5b4135ae6b48b5/messages -> HTTP 403 (next candidate)
[2026-09-21 23:47:53] GET /api/agents/6aa26c7ce0ac9a5ee05d2b95/conversations/6aa26c825d5b4135ae6b48b5 -> HTTP 403 (next candidate)
[2026-09-21 23:47:53] GET /api/agents/6aa26c7ce0ac9a5ee05d2b95/conversations -> HTTP 403 (next candidate)
[2026-09-21 23:48:03] GET /api/agents/6aa26c7ce0ac9a5ee05d2b95/conversations/6aa26c825d5b4135ae6b48b5/messages -> HTTP 403 (next candidate)
[2026-09-21 23:48:04] GET /api/agents/6aa26c7ce0ac9a5ee05d2b95/conversations/6aa26c825d5b4135ae6b48b5 -> HTTP 403 (next candidate)
[2026-09-21 23:48:04] GET /api/agents/6aa26c7ce0ac9a5ee05d2b95/conversations -> HTTP 403 (next candidate)
[2026-09-21 23:48:14] GET /api/agents/6aa26c7ce0ac9a5ee05d2b95/conversations/6aa26c825d5b4135ae6b48b5/messages -> HTTP 403 (next candidate)
[2026-09-21 23:48:14] GET /api/agents/6aa26c7ce0ac9a5ee05d2b95/conversations/6aa26c825d5b4135ae6b48b5 -> HTTP 403 (next candidate)
[2026-09-21 23:48:14] GET /api/agents/6aa26c7ce0ac9a5ee05d2b95/conversations -> HTTP 403 (next candidate)
[2026-09-21 23:48:24] GET /api/agents/6aa26c7ce0ac9a5ee05d2b95/conversations/6aa26c825d5b4135ae6b48b5/messages -> HTTP 403 (next candidate)
[2026-09-21 23:48:24] GET /api/agents/6aa26c7ce0ac9a5ee05d2b95/conversations/6aa26c825d5b4135ae6b48b5 -> HTTP 403 (next candidate)
[2026-09-21 23:48:25] GET /api/agents/6aa26c7ce0ac9a5ee05d2b95/conversations -> HTTP 403 (next candidate)
[2026-09-21 23:48:35] GET /api/agents/6aa26c7ce0ac9a5ee05d2b95/conversations/6aa26c825d5b4135ae6b48b5/messages -> HTTP 403 (next candidate)
[2026-09-21 23:48:35] GET /api/agents/6aa26c7ce0ac9a5ee05d2b95/conversations/6aa26c825d5b4135ae6b48b5 -> HTTP 403 (next candidate)
[2026-09-21 23:48:35] GET /api/agents/6aa26c7ce0ac9a5ee05d2b95/conversations -> HTTP 403 (next candidate)
[2026-09-21 23:48:45] GET /api/agents/6aa26c7ce0ac9a5ee05d2b95/conversations/6aa26c825d5b4135ae6b48b5/messages -> HTTP 403 (next candidate)
[2026-09-21 23:48:45] GET /api/agents/6aa26c7ce0ac9a5ee05d2b95/conversations/6aa26c825d5b4135ae6b48b5 -> HTTP 403 (next candidate)
[2026-09-21 23:48:45] GET /api/agents/6aa26c7ce0ac9a5ee05d2b95/conversations -> HTTP 403 (next candidate)
[2026-09-21 23:48:55] GET /api/agents/6aa26c7ce0ac9a5ee05d2b95/conversations/6aa26c825d5b4135ae6b48b5/messages -> HTTP 403 (next candidate)
[2026-09-21 23:48:56] GET /api/agents/6aa26c7ce0ac9a5ee05d2b95/conversations/6aa26c825d5b4135ae6b48b5 -> HTTP 403 (next candidate)
[2026-09-21 23:48:56] GET /api/agents/6aa26c7ce0ac9a5ee05d2b95/conversations -> HTTP 403 (next candidate)
[2026-09-21 23:49:06] GET /api/agents/6aa26c7ce0ac9a5ee05d2b95/conversations/6aa26c825d5b4135ae6b48b5/messages -> HTTP 403 (next candidate)
[2026-09-21 23:49:06] GET /api/agents/6aa26c7ce0ac9a5ee05d2b95/conversations/6aa26c825d5b4135ae6b48b5 -> HTTP 403 (next candidate)
[2026-09-21 23:49:06] GET /api/agents/6aa26c7ce0ac9a5ee05d2b95/conversations -> HTTP 403 (next candidate)
[2026-09-21 23:49:16] GET /api/agents/6aa26c7ce0ac9a5ee05d2b95/conversations/6aa26c825d5b4135ae6b48b5/messages -> HTTP 403 (next candidate)
[2026-09-21 23:49:17] GET /api/agents/6aa26c7ce0ac9a5ee05d2b95/conversations/6aa26c825d5b4135ae6b48b5 -> HTTP 403 (next candidate)
[2026-09-21 23:49:17] GET /api/agents/6aa26c7ce0ac9a5ee05d2b95/conversations -> HTTP 403 (next candidate)
[2026-09-21 23:49:27] GET /api/agents/6aa26c7ce0ac9a5ee05d2b95/conversations/6aa26c825d5b4135ae6b48b5/messages -> HTTP 403 (next candidate)
[2026-09-21 23:49:27] GET /api/agents/6aa26c7ce0ac9a5ee05d2b95/conversations/6aa26c825d5b4135ae6b48b5 -> HTTP 403 (next candidate)
[2026-09-21 23:49:27] GET /api/agents/6aa26c7ce0ac9a5ee05d2b95/conversations -> HTTP 403 (next candidate)
[2026-09-21 23:49:37] GET /api/agents/6aa26c7ce0ac9a5ee05d2b95/conversations/6aa26c825d5b4135ae6b48b5/messages -> HTTP 403 (next candidate)
[2026-09-21 23:49:37] GET /api/agents/6aa26c7ce0ac9a5ee05d2b95/conversations/6aa26c825d5b4135ae6b48b5 -> HTTP 403 (next candidate)
[2026-09-21 23:49:38] GET /api/agents/6aa26c7ce0ac9a5ee05d2b95/conversations -> HTTP 403 (next candidate)
[2026-09-21 23:49:48] GET /api/agents/6aa26c7ce0ac9a5ee05d2b95/conversations/6aa26c825d5b4135ae6b48b5/messages -> HTTP 403 (next candidate)
[2026-09-21 23:49:48] GET /api/agents/6aa26c7ce0ac9a5ee05d2b95/conversations/6aa26c825d5b4135ae6b48b5 -> HTTP 403 (next candidate)
[2026-09-21 23:49:48] GET /api/agents/6aa26c7ce0ac9a5ee05d2b95/conversations -> HTTP 403 (next candidate)
[2026-09-21 23:49:58] GET /api/agents/6aa26c7ce0ac9a5ee05d2b95/conversations/6aa26c825d5b4135ae6b48b5/messages -> HTTP 403 (next candidate)
[2026-09-21 23:49:58] GET /api/agents/6aa26c7ce0ac9a5ee05d2b95/conversations/6aa26c825d5b4135ae6b48b5 -> HTTP 403 (next candidate)
[2026-09-21 23:49:58] GET /api/agents/6aa26c7ce0ac9a5ee05d2b95/conversations -> HTTP 403 (next candidate)
[2026-09-21 23:50:08] GET /api/agents/6aa26c7ce0ac9a5ee05d2b95/conversations/6aa26c825d5b4135ae6b48b5/messages -> HTTP 403 (next candidate)
[2026-09-21 23:50:08] GET /api/agents/6aa26c7ce0ac9a5ee05d2b95/conversations/6aa26c825d5b4135ae6b48b5 -> HTTP 403 (next candidate)
[2026-09-21 23:50:09] GET /api/agents/6aa26c7ce0ac9a5ee05d2b95/conversations -> HTTP 403 (next candidate)
[2026-09-21 23:50:19] GET /api/agents/6aa26c7ce0ac9a5ee05d2b95/conversations/6aa26c825d5b4135ae6b48b5/messages -> HTTP 403 (next candidate)
[2026-09-21 23:50:19] GET /api/agents/6aa26c7ce0ac9a5ee05d2b95/conversations/6aa26c825d5b4135ae6b48b5 -> HTTP 403 (next candidate)
[2026-09-21 23:50:19] GET /api/agents/6aa26c7ce0ac9a5ee05d2b95/conversations -> HTTP 403 (next candidate)
[2026-09-21 23:50:29] GET /api/agents/6aa26c7ce0ac9a5ee05d2b95/conversations/6aa26c825d5b4135ae6b48b5/messages -> HTTP 403 (next candidate)
[2026-09-21 23:50:29] GET /api/agents/6aa26c7ce0ac9a5ee05d2b95/conversations/6aa26c825d5b4135ae6b48b5 -> HTTP 403 (next candidate)
[2026-09-21 23:50:29] GET /api/agents/6aa26c7ce0ac9a5ee05d2b95/conversations -> HTTP 403 (next candidate)
[2026-09-21 23:50:39] GET /api/agents/6aa26c7ce0ac9a5ee05d2b95/conversations/6aa26c825d5b4135ae6b48b5/messages -> HTTP 403 (next candidate)
[2026-09-21 23:50:40] GET /api/agents/6aa26c7ce0ac9a5ee05d2b95/conversations/6aa26c825d5b4135ae6b48b5 -> HTTP 403 (next candidate)
[2026-09-21 23:50:40] GET /api/agents/6aa26c7ce0ac9a5ee05d2b95/conversations -> HTTP 403 (next candidate)
[2026-09-21 23:50:50] GET /api/agents/6aa26c7ce0ac9a5ee05d2b95/conversations/6aa26c825d5b4135ae6b48b5/messages -> HTTP 403 (next candidate)
[2026-09-21 23:50:50] GET /api/agents/6aa26c7ce0ac9a5ee05d2b95/conversations/6aa26c825d5b4135ae6b48b5 -> HTTP 403 (next candidate)
[2026-09-21 23:50:50] GET /api/agents/6aa26c7ce0ac9a5ee05d2b95/conversations -> HTTP 403 (next candidate)
[2026-09-21 23:51:00] GET /api/agents/6aa26c7ce0ac9a5ee05d2b95/conversations/6aa26c825d5b4135ae6b48b5/messages -> HTTP 403 (next candidate)
[2026-09-21 23:51:00] GET /api/agents/6aa26c7ce0ac9a5ee05d2b95/conversations/6aa26c825d5b4135ae6b48b5 -> HTTP 403 (next candidate)
[2026-09-21 23:51:00] GET /api/agents/6aa26c7ce0ac9a5ee05d2b95/conversations -> HTTP 403 (next candidate)
[2026-09-21 23:51:11] GET /api/agents/6aa26c7ce0ac9a5ee05d2b95/conversations/6aa26c825d5b4135ae6b48b5/messages -> HTTP 403 (next candidate)
[2026-09-21 23:51:11] GET /api/agents/6aa26c7ce0ac9a5ee05d2b95/conversations/6aa26c825d5b4135ae6b48b5 -> HTTP 403 (next candidate)
[2026-09-21 23:51:11] GET /api/agents/6aa26c7ce0ac9a5ee05d2b95/conversations -> HTTP 403 (next candidate)
[2026-09-21 23:51:21] GET /api/agents/6aa26c7ce0ac9a5ee05d2b95/conversations/6aa26c825d5b4135ae6b48b5/messages -> HTTP 403 (next candidate)
[2026-09-21 23:51:21] GET /api/agents/6aa26c7ce0ac9a5ee05d2b95/conversations/6aa26c825d5b4135ae6b48b5 -> HTTP 403 (next candidate)
[2026-09-21 23:51:21] GET /api/agents/6aa26c7ce0ac9a5ee05d2b95/conversations -> HTTP 403 (next candidate)
[2026-09-21 23:51:31] GET /api/agents/6aa26c7ce0ac9a5ee05d2b95/conversations/6aa26c825d5b4135ae6b48b5/messages -> HTTP 403 (next candidate)
[2026-09-21 23:51:31] GET /api/agents/6aa26c7ce0ac9a5ee05d2b95/conversations/6aa26c825d5b4135ae6b48b5 -> HTTP 403 (next candidate)
[2026-09-21 23:51:32] GET /api/agents/6aa26c7ce0ac9a5ee05d2b95/conversations -> HTTP 403 (next candidate)
[2026-09-21 23:51:42] GET /api/agents/6aa26c7ce0ac9a5ee05d2b95/conversations/6aa26c825d5b4135ae6b48b5/messages -> HTTP 403 (next candidate)
[2026-09-21 23:51:42] GET /api/agents/6aa26c7ce0ac9a5ee05d2b95/conversations/6aa26c825d5b4135ae6b48b5 -> HTTP 403 (next candidate)
[2026-09-21 23:51:42] GET /api/agents/6aa26c7ce0ac9a5ee05d2b95/conversations -> HTTP 403 (next candidate)
[2026-09-21 23:51:52] GET /api/agents/6aa26c7ce0ac9a5ee05d2b95/conversations/6aa26c825d5b4135ae6b48b5/messages -> HTTP 403 (next candidate)
[2026-09-21 23:51:52] GET /api/agents/6aa26c7ce0ac9a5ee05d2b95/conversations/6aa26c825d5b4135ae6b48b5 -> HTTP 403 (next candidate)
[2026-09-21 23:51:53] GET /api/agents/6aa26c7ce0ac9a5ee05d2b95/conversations -> HTTP 403 (next candidate)
[2026-09-21 23:52:03] GET /api/agents/6aa26c7ce0ac9a5ee05d2b95/conversations/6aa26c825d5b4135ae6b48b5/messages -> HTTP 403 (next candidate)
[2026-09-21 23:52:03] GET /api/agents/6aa26c7ce0ac9a5ee05d2b95/conversations/6aa26c825d5b4135ae6b48b5 -> HTTP 403 (next candidate)
[2026-09-21 23:52:03] GET /api/agents/6aa26c7ce0ac9a5ee05d2b95/conversations -> HTTP 403 (next candidate)
[2026-09-21 23:52:13] GET /api/agents/6aa26c7ce0ac9a5ee05d2b95/conversations/6aa26c825d5b4135ae6b48b5/messages -> HTTP 403 (next candidate)
[2026-09-21 23:52:13] GET /api/agents/6aa26c7ce0ac9a5ee05d2b95/conversations/6aa26c825d5b4135ae6b48b5 -> HTTP 403 (next candidate)
[2026-09-21 23:52:14] GET /api/agents/6aa26c7ce0ac9a5ee05d2b95/conversations -> HTTP 403 (next candidate)
[2026-09-21 23:52:24] GET /api/agents/6aa26c7ce0ac9a5ee05d2b95/conversations/6aa26c825d5b4135ae6b48b5/messages -> HTTP 403 (next candidate)
[2026-09-21 23:52:24] GET /api/agents/6aa26c7ce0ac9a5ee05d2b95/conversations/6aa26c825d5b4135ae6b48b5 -> HTTP 403 (next candidate)
[2026-09-21 23:52:24] GET /api/agents/6aa26c7ce0ac9a5ee05d2b95/conversations -> HTTP 403 (next candidate)
[2026-09-21 23:52:35] GET /api/agents/6aa26c7ce0ac9a5ee05d2b95/conversations/6aa26c825d5b4135ae6b48b5/messages -> HTTP 403 (next candidate)
[2026-09-21 23:52:35] GET /api/agents/6aa26c7ce0ac9a5ee05d2b95/conversations/6aa26c825d5b4135ae6b48b5 -> HTTP 403 (next candidate)
[2026-09-21 23:52:35] GET /api/agents/6aa26c7ce0ac9a5ee05d2b95/conversations -> HTTP 403 (next candidate)
[2026-09-21 23:52:45] GET /api/agents/6aa26c7ce0ac9a5ee05d2b95/conversations/6aa26c825d5b4135ae6b48b5/messages -> HTTP 403 (next candidate)
[2026-09-21 23:52:46] GET /api/agents/6aa26c7ce0ac9a5ee05d2b95/conversations/6aa26c825d5b4135ae6b48b5 -> HTTP 403 (next candidate)
[2026-09-21 23:52:46] GET /api/agents/6aa26c7ce0ac9a5ee05d2b95/conversations -> HTTP 403 (next candidate)
[2026-09-21 23:52:56] GET /api/agents/6aa26c7ce0ac9a5ee05d2b95/conversations/6aa26c825d5b4135ae6b48b5/messages -> HTTP 403 (next candidate)
[2026-09-21 23:52:56] GET /api/agents/6aa26c7ce0ac9a5ee05d2b95/conversations/6aa26c825d5b4135ae6b48b5 -> HTTP 403 (next candidate)
[2026-09-21 23:52:56] GET /api/agents/6aa26c7ce0ac9a5ee05d2b95/conversations -> HTTP 403 (next candidate)
[2026-09-21 23:53:07] GET /api/agents/6aa26c7ce0ac9a5ee05d2b95/conversations/6aa26c825d5b4135ae6b48b5/messages -> HTTP 403 (next candidate)
[2026-09-21 23:53:07] GET /api/agents/6aa26c7ce0ac9a5ee05d2b95/conversations/6aa26c825d5b4135ae6b48b5 -> HTTP 403 (next candidate)
[2026-09-21 23:53:07] GET /api/agents/6aa26c7ce0ac9a5ee05d2b95/conversations -> HTTP 403 (next candidate)
[2026-09-21 23:53:17] GET /api/agents/6aa26c7ce0ac9a5ee05d2b95/conversations/6aa26c825d5b4135ae6b48b5/messages -> HTTP 403 (next candidate)
[2026-09-21 23:53:17] GET /api/agents/6aa26c7ce0ac9a5ee05d2b95/conversations/6aa26c825d5b4135ae6b48b5 -> HTTP 403 (next candidate)
[2026-09-21 23:53:18] GET /api/agents/6aa26c7ce0ac9a5ee05d2b95/conversations -> HTTP 403 (next candidate)
[2026-09-21 23:53:28] GET /api/agents/6aa26c7ce0ac9a5ee05d2b95/conversations/6aa26c825d5b4135ae6b48b5/messages -> HTTP 403 (next candidate)
[2026-09-21 23:53:28] GET /api/agents/6aa26c7ce0ac9a5ee05d2b95/conversations/6aa26c825d5b4135ae6b48b5 -> HTTP 403 (next candidate)
[2026-09-21 23:53:28] GET /api/agents/6aa26c7ce0ac9a5ee05d2b95/conversations -> HTTP 403 (next candidate)
[2026-09-21 23:53:38] GET /api/agents/6aa26c7ce0ac9a5ee05d2b95/conversations/6aa26c825d5b4135ae6b48b5/messages -> HTTP 403 (next candidate)
[2026-09-21 23:53:38] GET /api/agents/6aa26c7ce0ac9a5ee05d2b95/conversations/6aa26c825d5b4135ae6b48b5 -> HTTP 403 (next candidate)
[2026-09-21 23:53:39] GET /api/agents/6aa26c7ce0ac9a5ee05d2b95/conversations -> HTTP 403 (next candidate)
[2026-09-21 23:53:49] GET /api/agents/6aa26c7ce0ac9a5ee05d2b95/conversations/6aa26c825d5b4135ae6b48b5/messages -> HTTP 403 (next candidate)
[2026-09-21 23:53:49] GET /api/agents/6aa26c7ce0ac9a5ee05d2b95/conversations/6aa26c825d5b4135ae6b48b5 -> HTTP 403 (next candidate)
[2026-09-21 23:53:49] GET /api/agents/6aa26c7ce0ac9a5ee05d2b95/conversations -> HTTP 403 (next candidate)
[2026-09-21 23:54:00] GET /api/agents/6aa26c7ce0ac9a5ee05d2b95/conversations/6aa26c825d5b4135ae6b48b5/messages -> HTTP 403 (next candidate)
[2026-09-21 23:54:00] GET /api/agents/6aa26c7ce0ac9a5ee05d2b95/conversations/6aa26c825d5b4135ae6b48b5 -> HTTP 403 (next candidate)
[2026-09-21 23:54:00] GET /api/agents/6aa26c7ce0ac9a5ee05d2b95/conversations -> HTTP 403 (next candidate)
[2026-09-21 23:54:11] GET /api/agents/6aa26c7ce0ac9a5ee05d2b95/conversations/6aa26c825d5b4135ae6b48b5/messages -> HTTP 403 (next candidate)
[2026-09-21 23:54:11] GET /api/agents/6aa26c7ce0ac9a5ee05d2b95/conversations/6aa26c825d5b4135ae6b48b5 -> HTTP 403 (next candidate)
[2026-09-21 23:54:11] GET /api/agents/6aa26c7ce0ac9a5ee05d2b95/conversations -> HTTP 403 (next candidate)
[2026-09-21 23:54:21] GET /api/agents/6aa26c7ce0ac9a5ee05d2b95/conversations/6aa26c825d5b4135ae6b48b5/messages -> HTTP 403 (next candidate)
[2026-09-21 23:54:21] GET /api/agents/6aa26c7ce0ac9a5ee05d2b95/conversations/6aa26c825d5b4135ae6b48b5 -> HTTP 403 (next candidate)
[2026-09-21 23:54:22] GET /api/agents/6aa26c7ce0ac9a5ee05d2b95/conversations -> HTTP 403 (next candidate)
[2026-09-21 23:54:32] GET /api/agents/6aa26c7ce0ac9a5ee05d2b95/conversations/6aa26c825d5b4135ae6b48b5/messages -> HTTP 403 (next candidate)
[2026-09-21 23:54:32] GET /api/agents/6aa26c7ce0ac9a5ee05d2b95/conversations/6aa26c825d5b4135ae6b48b5 -> HTTP 403 (next candidate)
[2026-09-21 23:54:32] GET /api/agents/6aa26c7ce0ac9a5ee05d2b95/conversations -> HTTP 403 (next candidate)
[2026-09-21 23:54:43] GET /api/agents/6aa26c7ce0ac9a5ee05d2b95/conversations/6aa26c825d5b4135ae6b48b5/messages -> HTTP 403 (next candidate)
[2026-09-21 23:54:43] GET /api/agents/6aa26c7ce0ac9a5ee05d2b95/conversations/6aa26c825d5b4135ae6b48b5 -> HTTP 403 (next candidate)
[2026-09-21 23:54:43] GET /api/agents/6aa26c7ce0ac9a5ee05d2b95/conversations -> HTTP 403 (next candidate)
[2026-09-21 23:54:53] GET /api/agents/6aa26c7ce0ac9a5ee05d2b95/conversations/6aa26c825d5b4135ae6b48b5/messages -> HTTP 403 (next candidate)
[2026-09-21 23:54:53] GET /api/agents/6aa26c7ce0ac9a5ee05d2b95/conversations/6aa26c825d5b4135ae6b48b5 -> HTTP 403 (next candidate)
[2026-09-21 23:54:54] GET /api/agents/6aa26c7ce0ac9a5ee05d2b95/conversations -> HTTP 403 (next candidate)
[2026-09-21 23:55:04] GET /api/agents/6aa26c7ce0ac9a5ee05d2b95/conversations/6aa26c825d5b4135ae6b48b5/messages -> HTTP 403 (next candidate)
[2026-09-21 23:55:04] GET /api/agents/6aa26c7ce0ac9a5ee05d2b95/conversations/6aa26c825d5b4135ae6b48b5 -> HTTP 403 (next candidate)
[2026-09-21 23:55:05] GET /api/agents/6aa26c7ce0ac9a5ee05d2b95/conversations -> HTTP 403 (next candidate)
[2026-09-21 23:55:15] GET /api/agents/6aa26c7ce0ac9a5ee05d2b95/conversations/6aa26c825d5b4135ae6b48b5/messages -> HTTP 403 (next candidate)
[2026-09-21 23:55:15] GET /api/agents/6aa26c7ce0ac9a5ee05d2b95/conversations/6aa26c825d5b4135ae6b48b5 -> HTTP 403 (next candidate)
[2026-09-21 23:55:15] GET /api/agents/6aa26c7ce0ac9a5ee05d2b95/conversations -> HTTP 403 (next candidate)
[2026-09-21 23:55:25] GET /api/agents/6aa26c7ce0ac9a5ee05d2b95/conversations/6aa26c825d5b4135ae6b48b5/messages -> HTTP 403 (next candidate)
[2026-09-21 23:55:25] GET /api/agents/6aa26c7ce0ac9a5ee05d2b95/conversations/6aa26c825d5b4135ae6b48b5 -> HTTP 403 (next candidate)
[2026-09-21 23:55:26] GET /api/agents/6aa26c7ce0ac9a5ee05d2b95/conversations -> HTTP 403 (next candidate)
[2026-09-21 23:55:36] GET /api/agents/6aa26c7ce0ac9a5ee05d2b95/conversations/6aa26c825d5b4135ae6b48b5/messages -> HTTP 403 (next candidate)
[2026-09-21 23:55:36] GET /api/agents/6aa26c7ce0ac9a5ee05d2b95/conversations/6aa26c825d5b4135ae6b48b5 -> HTTP 403 (next candidate)
[2026-09-21 23:55:36] GET /api/agents/6aa26c7ce0ac9a5ee05d2b95/conversations -> HTTP 403 (next candidate)
[2026-09-21 23:55:46] GET /api/agents/6aa26c7ce0ac9a5ee05d2b95/conversations/6aa26c825d5b4135ae6b48b5/messages -> HTTP 403 (next candidate)
[2026-09-21 23:55:46] GET /api/agents/6aa26c7ce0ac9a5ee05d2b95/conversations/6aa26c825d5b4135ae6b48b5 -> HTTP 403 (next candidate)
[2026-09-21 23:55:47] GET /api/agents/6aa26c7ce0ac9a5ee05d2b95/conversations -> HTTP 403 (next candidate)
[2026-09-21 23:55:57] GET /api/agents/6aa26c7ce0ac9a5ee05d2b95/conversations/6aa26c825d5b4135ae6b48b5/messages -> HTTP 403 (next candidate)
[2026-09-21 23:55:57] GET /api/agents/6aa26c7ce0ac9a5ee05d2b95/conversations/6aa26c825d5b4135ae6b48b5 -> HTTP 403 (next candidate)
[2026-09-21 23:55:58] GET /api/agents/6aa26c7ce0ac9a5ee05d2b95/conversations -> HTTP 403 (next candidate)
[2026-09-21 23:56:09] GET /api/agents/6aa26c7ce0ac9a5ee05d2b95/conversations/6aa26c825d5b4135ae6b48b5/messages -> HTTP 403 (next candidate)
[2026-09-21 23:56:09] GET /api/agents/6aa26c7ce0ac9a5ee05d2b95/conversations/6aa26c825d5b4135ae6b48b5 -> HTTP 403 (next candidate)
[2026-09-21 23:56:09] GET /api/agents/6aa26c7ce0ac9a5ee05d2b95/conversations -> HTTP 403 (next candidate)
[2026-09-21 23:56:19] GET /api/agents/6aa26c7ce0ac9a5ee05d2b95/conversations/6aa26c825d5b4135ae6b48b5/messages -> HTTP 403 (next candidate)
[2026-09-21 23:56:19] GET /api/agents/6aa26c7ce0ac9a5ee05d2b95/conversations/6aa26c825d5b4135ae6b48b5 -> HTTP 403 (next candidate)
[2026-09-21 23:56:20] GET /api/agents/6aa26c7ce0ac9a5ee05d2b95/conversations -> HTTP 403 (next candidate)
[2026-09-21 23:56:30] GET /api/agents/6aa26c7ce0ac9a5ee05d2b95/conversations/6aa26c825d5b4135ae6b48b5/messages -> HTTP 403 (next candidate)
[2026-09-21 23:56:30] GET /api/agents/6aa26c7ce0ac9a5ee05d2b95/conversations/6aa26c825d5b4135ae6b48b5 -> HTTP 403 (next candidate)
[2026-09-21 23:56:30] GET /api/agents/6aa26c7ce0ac9a5ee05d2b95/conversations -> HTTP 403 (next candidate)
[2026-09-21 23:56:40] GET /api/agents/6aa26c7ce0ac9a5ee05d2b95/conversations/6aa26c825d5b4135ae6b48b5/messages -> HTTP 403 (next candidate)
[2026-09-21 23:56:40] GET /api/agents/6aa26c7ce0ac9a5ee05d2b95/conversations/6aa26c825d5b4135ae6b48b5 -> HTTP 403 (next candidate)
[2026-09-21 23:56:41] GET /api/agents/6aa26c7ce0ac9a5ee05d2b95/conversations -> HTTP 403 (next candidate)
[2026-09-21 23:56:51] GET /api/agents/6aa26c7ce0ac9a5ee05d2b95/conversations/6aa26c825d5b4135ae6b48b5/messages -> HTTP 403 (next candidate)
[2026-09-21 23:56:51] GET /api/agents/6aa26c7ce0ac9a5ee05d2b95/conversations/6aa26c825d5b4135ae6b48b5 -> HTTP 403 (next candidate)
[2026-09-21 23:56:51] GET /api/agents/6aa26c7ce0ac9a5ee05d2b95/conversations -> HTTP 403 (next candidate)
[2026-09-21 23:57:01] GET /api/agents/6aa26c7ce0ac9a5ee05d2b95/conversations/6aa26c825d5b4135ae6b48b5/messages -> HTTP 403 (next candidate)
[2026-09-21 23:57:02] GET /api/agents/6aa26c7ce0ac9a5ee05d2b95/conversations/6aa26c825d5b4135ae6b48b5 -> HTTP 403 (next candidate)
[2026-09-21 23:57:02] GET /api/agents/6aa26c7ce0ac9a5ee05d2b95/conversations -> HTTP 403 (next candidate)
[2026-09-21 23:57:12] GET /api/agents/6aa26c7ce0ac9a5ee05d2b95/conversations/6aa26c825d5b4135ae6b48b5/messages -> HTTP 403 (next candidate)
[2026-09-21 23:57:12] GET /api/agents/6aa26c7ce0ac9a5ee05d2b95/conversations/6aa26c825d5b4135ae6b48b5 -> HTTP 403 (next candidate)
[2026-09-21 23:57:12] GET /api/agents/6aa26c7ce0ac9a5ee05d2b95/conversations -> HTTP 403 (next candidate)
[2026-09-21 23:57:22] GET /api/agents/6aa26c7ce0ac9a5ee05d2b95/conversations/6aa26c825d5b4135ae6b48b5/messages -> HTTP 403 (next candidate)
[2026-09-21 23:57:23] GET /api/agents/6aa26c7ce0ac9a5ee05d2b95/conversations/6aa26c825d5b4135ae6b48b5 -> HTTP 403 (next candidate)
[2026-09-21 23:57:23] GET /api/agents/6aa26c7ce0ac9a5ee05d2b95/conversations -> HTTP 403 (next candidate)
[2026-09-21 23:57:33] GET /api/agents/6aa26c7ce0ac9a5ee05d2b95/conversations/6aa26c825d5b4135ae6b48b5/messages -> HTTP 403 (next candidate)
[2026-09-21 23:57:33] GET /api/agents/6aa26c7ce0ac9a5ee05d2b95/conversations/6aa26c825d5b4135ae6b48b5 -> HTTP 403 (next candidate)
[2026-09-21 23:57:33] GET /api/agents/6aa26c7ce0ac9a5ee05d2b95/conversations -> HTTP 403 (next candidate)
[2026-09-21 23:57:44] GET /api/agents/6aa26c7ce0ac9a5ee05d2b95/conversations/6aa26c825d5b4135ae6b48b5/messages -> HTTP 403 (next candidate)
[2026-09-21 23:57:44] GET /api/agents/6aa26c7ce0ac9a5ee05d2b95/conversations/6aa26c825d5b4135ae6b48b5 -> HTTP 403 (next candidate)
[2026-09-21 23:57:44] GET /api/agents/6aa26c7ce0ac9a5ee05d2b95/conversations -> HTTP 403 (next candidate)
[2026-09-21 23:57:55] GET /api/agents/6aa26c7ce0ac9a5ee05d2b95/conversations/6aa26c825d5b4135ae6b48b5/messages -> HTTP 403 (next candidate)
[2026-09-21 23:57:55] GET /api/agents/6aa26c7ce0ac9a5ee05d2b95/conversations/6aa26c825d5b4135ae6b48b5 -> HTTP 403 (next candidate)
[2026-09-21 23:57:55] GET /api/agents/6aa26c7ce0ac9a5ee05d2b95/conversations -> HTTP 403 (next candidate)
[2026-09-21 23:58:05] GET /api/agents/6aa26c7ce0ac9a5ee05d2b95/conversations/6aa26c825d5b4135ae6b48b5/messages -> HTTP 403 (next candidate)
[2026-09-21 23:58:05] GET /api/agents/6aa26c7ce0ac9a5ee05d2b95/conversations/6aa26c825d5b4135ae6b48b5 -> HTTP 403 (next candidate)
[2026-09-21 23:58:05] GET /api/agents/6aa26c7ce0ac9a5ee05d2b95/conversations -> HTTP 403 (next candidate)
[2026-09-21 23:58:16] GET /api/agents/6aa26c7ce0ac9a5ee05d2b95/conversations/6aa26c825d5b4135ae6b48b5/messages -> HTTP 403 (next candidate)
[2026-09-21 23:58:16] GET /api/agents/6aa26c7ce0ac9a5ee05d2b95/conversations/6aa26c825d5b4135ae6b48b5 -> HTTP 403 (next candidate)
[2026-09-21 23:58:16] GET /api/agents/6aa26c7ce0ac9a5ee05d2b95/conversations -> HTTP 403 (next candidate)
[2026-09-21 23:58:26] GET /api/agents/6aa26c7ce0ac9a5ee05d2b95/conversations/6aa26c825d5b4135ae6b48b5/messages -> HTTP 403 (next candidate)
[2026-09-21 23:58:26] GET /api/agents/6aa26c7ce0ac9a5ee05d2b95/conversations/6aa26c825d5b4135ae6b48b5 -> HTTP 403 (next candidate)
[2026-09-21 23:58:26] GET /api/agents/6aa26c7ce0ac9a5ee05d2b95/conversations -> HTTP 403 (next candidate)
[2026-09-21 23:58:37] GET /api/agents/6aa26c7ce0ac9a5ee05d2b95/conversations/6aa26c825d5b4135ae6b48b5/messages -> HTTP 403 (next candidate)
[2026-09-21 23:58:37] GET /api/agents/6aa26c7ce0ac9a5ee05d2b95/conversations/6aa26c825d5b4135ae6b48b5 -> HTTP 403 (next candidate)
[2026-09-21 23:58:37] GET /api/agents/6aa26c7ce0ac9a5ee05d2b95/conversations -> HTTP 403 (next candidate)
[2026-09-21 23:58:47] GET /api/agents/6aa26c7ce0ac9a5ee05d2b95/conversations/6aa26c825d5b4135ae6b48b5/messages -> HTTP 403 (next candidate)
[2026-09-21 23:58:48] GET /api/agents/6aa26c7ce0ac9a5ee05d2b95/conversations/6aa26c825d5b4135ae6b48b5 -> HTTP 403 (next candidate)
[2026-09-21 23:58:48] GET /api/agents/6aa26c7ce0ac9a5ee05d2b95/conversations -> HTTP 403 (next candidate)
[2026-09-21 23:58:58] GET /api/agents/6aa26c7ce0ac9a5ee05d2b95/conversations/6aa26c825d5b4135ae6b48b5/messages -> HTTP 403 (next candidate)
[2026-09-21 23:58:58] GET /api/agents/6aa26c7ce0ac9a5ee05d2b95/conversations/6aa26c825d5b4135ae6b48b5 -> HTTP 403 (next candidate)
[2026-09-21 23:58:59] GET /api/agents/6aa26c7ce0ac9a5ee05d2b95/conversations -> HTTP 403 (next candidate)
[2026-09-21 23:59:09] GET /api/agents/6aa26c7ce0ac9a5ee05d2b95/conversations/6aa26c825d5b4135ae6b48b5/messages -> HTTP 403 (next candidate)
[2026-09-21 23:59:09] GET /api/agents/6aa26c7ce0ac9a5ee05d2b95/conversations/6aa26c825d5b4135ae6b48b5 -> HTTP 403 (next candidate)
[2026-09-21 23:59:09] GET /api/agents/6aa26c7ce0ac9a5ee05d2b95/conversations -> HTTP 403 (next candidate)
[2026-09-21 23:59:19] GET /api/agents/6aa26c7ce0ac9a5ee05d2b95/conversations/6aa26c825d5b4135ae6b48b5/messages -> HTTP 403 (next candidate)
[2026-09-21 23:59:19] GET /api/agents/6aa26c7ce0ac9a5ee05d2b95/conversations/6aa26c825d5b4135ae6b48b5 -> HTTP 403 (next candidate)
[2026-09-21 23:59:20] GET /api/agents/6aa26c7ce0ac9a5ee05d2b95/conversations -> HTTP 403 (next candidate)
[2026-09-21 23:59:30] GET /api/agents/6aa26c7ce0ac9a5ee05d2b95/conversations/6aa26c825d5b4135ae6b48b5/messages -> HTTP 403 (next candidate)
[2026-09-21 23:59:30] GET /api/agents/6aa26c7ce0ac9a5ee05d2b95/conversations/6aa26c825d5b4135ae6b48b5 -> HTTP 403 (next candidate)
[2026-09-21 23:59:30] GET /api/agents/6aa26c7ce0ac9a5ee05d2b95/conversations -> HTTP 403 (next candidate)
[2026-09-21 23:59:40] GET /api/agents/6aa26c7ce0ac9a5ee05d2b95/conversations/6aa26c825d5b4135ae6b48b5/messages -> HTTP 403 (next candidate)
[2026-09-21 23:59:41] GET /api/agents/6aa26c7ce0ac9a5ee05d2b95/conversations/6aa26c825d5b4135ae6b48b5 -> HTTP 403 (next candidate)
[2026-09-21 23:59:41] GET /api/agents/6aa26c7ce0ac9a5ee05d2b95/conversations -> HTTP 403 (next candidate)
[2026-09-21 23:59:51] GET /api/agents/6aa26c7ce0ac9a5ee05d2b95/conversations/6aa26c825d5b4135ae6b48b5/messages -> HTTP 403 (next candidate)
[2026-09-21 23:59:51] GET /api/agents/6aa26c7ce0ac9a5ee05d2b95/conversations/6aa26c825d5b4135ae6b48b5 -> HTTP 403 (next candidate)
[2026-09-21 23:59:52] GET /api/agents/6aa26c7ce0ac9a5ee05d2b95/conversations -> HTTP 403 (next candidate)
[2026-09-22 00:00:02] GET /api/agents/6aa26c7ce0ac9a5ee05d2b95/conversations/6aa26c825d5b4135ae6b48b5/messages -> HTTP 403 (next candidate)
[2026-09-22 00:00:02] GET /api/agents/6aa26c7ce0ac9a5ee05d2b95/conversations/6aa26c825d5b4135ae6b48b5 -> HTTP 403 (next candidate)
[2026-09-22 00:00:02] GET /api/agents/6aa26c7ce0ac9a5ee05d2b95/conversations -> HTTP 403 (next candidate)
[2026-09-22 00:00:12] GET /api/agents/6aa26c7ce0ac9a5ee05d2b95/conversations/6aa26c825d5b4135ae6b48b5/messages -> HTTP 403 (next candidate)
[2026-09-22 00:00:12] GET /api/agents/6aa26c7ce0ac9a5ee05d2b95/conversations/6aa26c825d5b4135ae6b48b5 -> HTTP 403 (next candidate)
[2026-09-22 00:00:12] GET /api/agents/6aa26c7ce0ac9a5ee05d2b95/conversations -> HTTP 403 (next candidate)
[2026-09-22 00:00:23] GET /api/agents/6aa26c7ce0ac9a5ee05d2b95/conversations/6aa26c825d5b4135ae6b48b5/messages -> HTTP 403 (next candidate)
[2026-09-22 00:00:23] GET /api/agents/6aa26c7ce0ac9a5ee05d2b95/conversations/6aa26c825d5b4135ae6b48b5 -> HTTP 403 (next candidate)
[2026-09-22 00:00:23] GET /api/agents/6aa26c7ce0ac9a5ee05d2b95/conversations -> HTTP 403 (next candidate)
[2026-09-22 00:00:33] GET /api/agents/6aa26c7ce0ac9a5ee05d2b95/conversations/6aa26c825d5b4135ae6b48b5/messages -> HTTP 403 (next candidate)
[2026-09-22 00:00:33] GET /api/agents/6aa26c7ce0ac9a5ee05d2b95/conversations/6aa26c825d5b4135ae6b48b5 -> HTTP 403 (next candidate)
[2026-09-22 00:00:33] GET /api/agents/6aa26c7ce0ac9a5ee05d2b95/conversations -> HTTP 403 (next candidate)
[2026-09-22 00:00:43] GET /api/agents/6aa26c7ce0ac9a5ee05d2b95/conversations/6aa26c825d5b4135ae6b48b5/messages -> HTTP 403 (next candidate)
[2026-09-22 00:00:43] GET /api/agents/6aa26c7ce0ac9a5ee05d2b95/conversations/6aa26c825d5b4135ae6b48b5 -> HTTP 403 (next candidate)
[2026-09-22 00:00:44] GET /api/agents/6aa26c7ce0ac9a5ee05d2b95/conversations -> HTTP 403 (next candidate)
[2026-09-22 00:00:54] GET /api/agents/6aa26c7ce0ac9a5ee05d2b95/conversations/6aa26c825d5b4135ae6b48b5/messages -> HTTP 403 (next candidate)
[2026-09-22 00:00:54] GET /api/agents/6aa26c7ce0ac9a5ee05d2b95/conversations/6aa26c825d5b4135ae6b48b5 -> HTTP 403 (next candidate)
[2026-09-22 00:00:54] GET /api/agents/6aa26c7ce0ac9a5ee05d2b95/conversations -> HTTP 403 (next candidate)
[2026-09-22 00:01:04] GET /api/agents/6aa26c7ce0ac9a5ee05d2b95/conversations/6aa26c825d5b4135ae6b48b5/messages -> HTTP 403 (next candidate)
[2026-09-22 00:01:04] GET /api/agents/6aa26c7ce0ac9a5ee05d2b95/conversations/6aa26c825d5b4135ae6b48b5 -> HTTP 403 (next candidate)
[2026-09-22 00:01:04] GET /api/agents/6aa26c7ce0ac9a5ee05d2b95/conversations -> HTTP 403 (next candidate)
[2026-09-22 00:01:14] GET /api/agents/6aa26c7ce0ac9a5ee05d2b95/conversations/6aa26c825d5b4135ae6b48b5/messages -> HTTP 403 (next candidate)
[2026-09-22 00:01:14] GET /api/agents/6aa26c7ce0ac9a5ee05d2b95/conversations/6aa26c825d5b4135ae6b48b5 -> HTTP 403 (next candidate)
[2026-09-22 00:01:14] GET /api/agents/6aa26c7ce0ac9a5ee05d2b95/conversations -> HTTP 403 (next candidate)
[2026-09-22 00:01:25] GET /api/agents/6aa26c7ce0ac9a5ee05d2b95/conversations/6aa26c825d5b4135ae6b48b5/messages -> HTTP 403 (next candidate)
[2026-09-22 00:01:25] GET /api/agents/6aa26c7ce0ac9a5ee05d2b95/conversations/6aa26c825d5b4135ae6b48b5 -> HTTP 403 (next candidate)
[2026-09-22 00:01:25] GET /api/agents/6aa26c7ce0ac9a5ee05d2b95/conversations -> HTTP 403 (next candidate)
[2026-09-22 00:01:35] GET /api/agents/6aa26c7ce0ac9a5ee05d2b95/conversations/6aa26c825d5b4135ae6b48b5/messages -> HTTP 403 (next candidate)
[2026-09-22 00:01:35] GET /api/agents/6aa26c7ce0ac9a5ee05d2b95/conversations/6aa26c825d5b4135ae6b48b5 -> HTTP 403 (next candidate)
[2026-09-22 00:01:35] GET /api/agents/6aa26c7ce0ac9a5ee05d2b95/conversations -> HTTP 403 (next candidate)
[2026-09-22 00:01:45] GET /api/agents/6aa26c7ce0ac9a5ee05d2b95/conversations/6aa26c825d5b4135ae6b48b5/messages -> HTTP 403 (next candidate)
[2026-09-22 00:01:46] GET /api/agents/6aa26c7ce0ac9a5ee05d2b95/conversations/6aa26c825d5b4135ae6b48b5 -> HTTP 403 (next candidate)
[2026-09-22 00:01:46] GET /api/agents/6aa26c7ce0ac9a5ee05d2b95/conversations -> HTTP 403 (next candidate)
[2026-09-22 00:01:56] GET /api/agents/6aa26c7ce0ac9a5ee05d2b95/conversations/6aa26c825d5b4135ae6b48b5/messages -> HTTP 403 (next candidate)
[2026-09-22 00:01:56] GET /api/agents/6aa26c7ce0ac9a5ee05d2b95/conversations/6aa26c825d5b4135ae6b48b5 -> HTTP 403 (next candidate)
[2026-09-22 00:01:56] GET /api/agents/6aa26c7ce0ac9a5ee05d2b95/conversations -> HTTP 403 (next candidate)
[2026-09-22 00:02:07] GET /api/agents/6aa26c7ce0ac9a5ee05d2b95/conversations/6aa26c825d5b4135ae6b48b5/messages -> HTTP 403 (next candidate)
[2026-09-22 00:02:07] GET /api/agents/6aa26c7ce0ac9a5ee05d2b95/conversations/6aa26c825d5b4135ae6b48b5 -> HTTP 403 (next candidate)
[2026-09-22 00:02:07] GET /api/agents/6aa26c7ce0ac9a5ee05d2b95/conversations -> HTTP 403 (next candidate)
[2026-09-22 00:02:17] GET /api/agents/6aa26c7ce0ac9a5ee05d2b95/conversations/6aa26c825d5b4135ae6b48b5/messages -> HTTP 403 (next candidate)
[2026-09-22 00:02:17] GET /api/agents/6aa26c7ce0ac9a5ee05d2b95/conversations/6aa26c825d5b4135ae6b48b5 -> HTTP 403 (next candidate)
[2026-09-22 00:02:17] GET /api/agents/6aa26c7ce0ac9a5ee05d2b95/conversations -> HTTP 403 (next candidate)
[2026-09-22 00:02:27] GET /api/agents/6aa26c7ce0ac9a5ee05d2b95/conversations/6aa26c825d5b4135ae6b48b5/messages -> HTTP 403 (next candidate)
[2026-09-22 00:02:27] GET /api/agents/6aa26c7ce0ac9a5ee05d2b95/conversations/6aa26c825d5b4135ae6b48b5 -> HTTP 403 (next candidate)
[2026-09-22 00:02:27] GET /api/agents/6aa26c7ce0ac9a5ee05d2b95/conversations -> HTTP 403 (next candidate)
[2026-09-22 00:02:38] GET /api/agents/6aa26c7ce0ac9a5ee05d2b95/conversations/6aa26c825d5b4135ae6b48b5/messages -> HTTP 403 (next candidate)
[2026-09-22 00:02:38] GET /api/agents/6aa26c7ce0ac9a5ee05d2b95/conversations/6aa26c825d5b4135ae6b48b5 -> HTTP 403 (next candidate)
[2026-09-22 00:02:38] GET /api/agents/6aa26c7ce0ac9a5ee05d2b95/conversations -> HTTP 403 (next candidate)
[2026-09-22 00:02:48] GET /api/agents/6aa26c7ce0ac9a5ee05d2b95/conversations/6aa26c825d5b4135ae6b48b5/messages -> HTTP 403 (next candidate)
[2026-09-22 00:02:48] GET /api/agents/6aa26c7ce0ac9a5ee05d2b95/conversations/6aa26c825d5b4135ae6b48b5 -> HTTP 403 (next candidate)
[2026-09-22 00:02:48] GET /api/agents/6aa26c7ce0ac9a5ee05d2b95/conversations -> HTTP 403 (next candidate)
[2026-09-22 00:02:58] GET /api/agents/6aa26c7ce0ac9a5ee05d2b95/conversations/6aa26c825d5b4135ae6b48b5/messages -> HTTP 403 (next candidate)
[2026-09-22 00:02:59] GET /api/agents/6aa26c7ce0ac9a5ee05d2b95/conversations/6aa26c825d5b4135ae6b48b5 -> HTTP 403 (next candidate)
[2026-09-22 00:02:59] GET /api/agents/6aa26c7ce0ac9a5ee05d2b95/conversations -> HTTP 403 (next candidate)
[2026-09-22 00:03:09] GET /api/agents/6aa26c7ce0ac9a5ee05d2b95/conversations/6aa26c825d5b4135ae6b48b5/messages -> HTTP 403 (next candidate)
[2026-09-22 00:03:09] GET /api/agents/6aa26c7ce0ac9a5ee05d2b95/conversations/6aa26c825d5b4135ae6b48b5 -> HTTP 403 (next candidate)
[2026-09-22 00:03:09] GET /api/agents/6aa26c7ce0ac9a5ee05d2b95/conversations -> HTTP 403 (next candidate)
[2026-09-22 00:03:19] GET /api/agents/6aa26c7ce0ac9a5ee05d2b95/conversations/6aa26c825d5b4135ae6b48b5/messages -> HTTP 403 (next candidate)
[2026-09-22 00:03:19] GET /api/agents/6aa26c7ce0ac9a5ee05d2b95/conversations/6aa26c825d5b4135ae6b48b5 -> HTTP 403 (next candidate)
[2026-09-22 00:03:19] GET /api/agents/6aa26c7ce0ac9a5ee05d2b95/conversations -> HTTP 403 (next candidate)
[2026-09-22 00:03:29] GET /api/agents/6aa26c7ce0ac9a5ee05d2b95/conversations/6aa26c825d5b4135ae6b48b5/messages -> HTTP 403 (next candidate)
[2026-09-22 00:03:30] GET /api/agents/6aa26c7ce0ac9a5ee05d2b95/conversations/6aa26c825d5b4135ae6b48b5 -> HTTP 403 (next candidate)
[2026-09-22 00:03:30] GET /api/agents/6aa26c7ce0ac9a5ee05d2b95/conversations -> HTTP 403 (next candidate)
[2026-09-22 00:03:40] GET /api/agents/6aa26c7ce0ac9a5ee05d2b95/conversations/6aa26c825d5b4135ae6b48b5/messages -> HTTP 403 (next candidate)
[2026-09-22 00:03:40] GET /api/agents/6aa26c7ce0ac9a5ee05d2b95/conversations/6aa26c825d5b4135ae6b48b5 -> HTTP 403 (next candidate)
[2026-09-22 00:03:40] GET /api/agents/6aa26c7ce0ac9a5ee05d2b95/conversations -> HTTP 403 (next candidate)
[2026-09-22 00:03:50] GET /api/agents/6aa26c7ce0ac9a5ee05d2b95/conversations/6aa26c825d5b4135ae6b48b5/messages -> HTTP 403 (next candidate)
[2026-09-22 00:03:50] GET /api/agents/6aa26c7ce0ac9a5ee05d2b95/conversations/6aa26c825d5b4135ae6b48b5 -> HTTP 403 (next candidate)
[2026-09-22 00:03:50] GET /api/agents/6aa26c7ce0ac9a5ee05d2b95/conversations -> HTTP 403 (next candidate)
[2026-09-22 00:04:01] GET /api/agents/6aa26c7ce0ac9a5ee05d2b95/conversations/6aa26c825d5b4135ae6b48b5/messages -> HTTP 403 (next candidate)
[2026-09-22 00:04:01] GET /api/agents/6aa26c7ce0ac9a5ee05d2b95/conversations/6aa26c825d5b4135ae6b48b5 -> HTTP 403 (next candidate)
[2026-09-22 00:04:01] GET /api/agents/6aa26c7ce0ac9a5ee05d2b95/conversations -> HTTP 403 (next candidate)
[2026-09-22 00:04:11] GET /api/agents/6aa26c7ce0ac9a5ee05d2b95/conversations/6aa26c825d5b4135ae6b48b5/messages -> HTTP 403 (next candidate)
[2026-09-22 00:04:11] GET /api/agents/6aa26c7ce0ac9a5ee05d2b95/conversations/6aa26c825d5b4135ae6b48b5 -> HTTP 403 (next candidate)
[2026-09-22 00:04:11] GET /api/agents/6aa26c7ce0ac9a5ee05d2b95/conversations -> HTTP 403 (next candidate)
[2026-09-22 00:04:21] GET /api/agents/6aa26c7ce0ac9a5ee05d2b95/conversations/6aa26c825d5b4135ae6b48b5/messages -> HTTP 403 (next candidate)
[2026-09-22 00:04:22] GET /api/agents/6aa26c7ce0ac9a5ee05d2b95/conversations/6aa26c825d5b4135ae6b48b5 -> HTTP 403 (next candidate)
[2026-09-22 00:04:22] GET /api/agents/6aa26c7ce0ac9a5ee05d2b95/conversations -> HTTP 403 (next candidate)
[2026-09-22 00:04:32] GET /api/agents/6aa26c7ce0ac9a5ee05d2b95/conversations/6aa26c825d5b4135ae6b48b5/messages -> HTTP 403 (next candidate)
[2026-09-22 00:04:32] GET /api/agents/6aa26c7ce0ac9a5ee05d2b95/conversations/6aa26c825d5b4135ae6b48b5 -> HTTP 403 (next candidate)
[2026-09-22 00:04:32] GET /api/agents/6aa26c7ce0ac9a5ee05d2b95/conversations -> HTTP 403 (next candidate)
[2026-09-22 00:04:42] GET /api/agents/6aa26c7ce0ac9a5ee05d2b95/conversations/6aa26c825d5b4135ae6b48b5/messages -> HTTP 403 (next candidate)
[2026-09-22 00:04:42] GET /api/agents/6aa26c7ce0ac9a5ee05d2b95/conversations/6aa26c825d5b4135ae6b48b5 -> HTTP 403 (next candidate)
[2026-09-22 00:04:42] GET /api/agents/6aa26c7ce0ac9a5ee05d2b95/conversations -> HTTP 403 (next candidate)
[2026-09-22 00:04:52] GET /api/agents/6aa26c7ce0ac9a5ee05d2b95/conversations/6aa26c825d5b4135ae6b48b5/messages -> HTTP 403 (next candidate)
[2026-09-22 00:04:53] GET /api/agents/6aa26c7ce0ac9a5ee05d2b95/conversations/6aa26c825d5b4135ae6b48b5 -> HTTP 403 (next candidate)
[2026-09-22 00:04:53] GET /api/agents/6aa26c7ce0ac9a5ee05d2b95/conversations -> HTTP 403 (next candidate)
[2026-09-22 00:05:03] GET /api/agents/6aa26c7ce0ac9a5ee05d2b95/conversations/6aa26c825d5b4135ae6b48b5/messages -> HTTP 403 (next candidate)
[2026-09-22 00:05:03] GET /api/agents/6aa26c7ce0ac9a5ee05d2b95/conversations/6aa26c825d5b4135ae6b48b5 -> HTTP 403 (next candidate)
[2026-09-22 00:05:03] GET /api/agents/6aa26c7ce0ac9a5ee05d2b95/conversations -> HTTP 403 (next candidate)
[2026-09-22 00:05:13] GET /api/agents/6aa26c7ce0ac9a5ee05d2b95/conversations/6aa26c825d5b4135ae6b48b5/messages -> HTTP 403 (next candidate)
[2026-09-22 00:05:13] GET /api/agents/6aa26c7ce0ac9a5ee05d2b95/conversations/6aa26c825d5b4135ae6b48b5 -> HTTP 403 (next candidate)
[2026-09-22 00:05:14] GET /api/agents/6aa26c7ce0ac9a5ee05d2b95/conversations -> HTTP 403 (next candidate)
[2026-09-22 00:05:24] GET /api/agents/6aa26c7ce0ac9a5ee05d2b95/conversations/6aa26c825d5b4135ae6b48b5/messages -> HTTP 403 (next candidate)
[2026-09-22 00:05:24] GET /api/agents/6aa26c7ce0ac9a5ee05d2b95/conversations/6aa26c825d5b4135ae6b48b5 -> HTTP 403 (next candidate)
[2026-09-22 00:05:24] GET /api/agents/6aa26c7ce0ac9a5ee05d2b95/conversations -> HTTP 403 (next candidate)
[2026-09-22 00:05:34] GET /api/agents/6aa26c7ce0ac9a5ee05d2b95/conversations/6aa26c825d5b4135ae6b48b5/messages -> HTTP 403 (next candidate)
[2026-09-22 00:05:34] GET /api/agents/6aa26c7ce0ac9a5ee05d2b95/conversations/6aa26c825d5b4135ae6b48b5 -> HTTP 403 (next candidate)
[2026-09-22 00:05:34] GET /api/agents/6aa26c7ce0ac9a5ee05d2b95/conversations -> HTTP 403 (next candidate)
[2026-09-22 00:05:44] GET /api/agents/6aa26c7ce0ac9a5ee05d2b95/conversations/6aa26c825d5b4135ae6b48b5/messages -> HTTP 403 (next candidate)
[2026-09-22 00:05:44] GET /api/agents/6aa26c7ce0ac9a5ee05d2b95/conversations/6aa26c825d5b4135ae6b48b5 -> HTTP 403 (next candidate)
[2026-09-22 00:05:45] GET /api/agents/6aa26c7ce0ac9a5ee05d2b95/conversations -> HTTP 403 (next candidate)
[2026-09-22 00:05:55] GET /api/agents/6aa26c7ce0ac9a5ee05d2b95/conversations/6aa26c825d5b4135ae6b48b5/messages -> HTTP 403 (next candidate)
[2026-09-22 00:05:55] GET /api/agents/6aa26c7ce0ac9a5ee05d2b95/conversations/6aa26c825d5b4135ae6b48b5 -> HTTP 403 (next candidate)
[2026-09-22 00:05:55] GET /api/agents/6aa26c7ce0ac9a5ee05d2b95/conversations -> HTTP 403 (next candidate)
[2026-09-22 00:06:05] GET /api/agents/6aa26c7ce0ac9a5ee05d2b95/conversations/6aa26c825d5b4135ae6b48b5/messages -> HTTP 403 (next candidate)
[2026-09-22 00:06:05] GET /api/agents/6aa26c7ce0ac9a5ee05d2b95/conversations/6aa26c825d5b4135ae6b48b5 -> HTTP 403 (next candidate)
[2026-09-22 00:06:05] GET /api/agents/6aa26c7ce0ac9a5ee05d2b95/conversations -> HTTP 403 (next candidate)
[2026-09-22 00:06:15] GET /api/agents/6aa26c7ce0ac9a5ee05d2b95/conversations/6aa26c825d5b4135ae6b48b5/messages -> HTTP 403 (next candidate)
[2026-09-22 00:06:16] GET /api/agents/6aa26c7ce0ac9a5ee05d2b95/conversations/6aa26c825d5b4135ae6b48b5 -> HTTP 403 (next candidate)
[2026-09-22 00:06:16] GET /api/agents/6aa26c7ce0ac9a5ee05d2b95/conversations -> HTTP 403 (next candidate)
[2026-09-22 00:06:26] GET /api/agents/6aa26c7ce0ac9a5ee05d2b95/conversations/6aa26c825d5b4135ae6b48b5/messages -> HTTP 403 (next candidate)
[2026-09-22 00:06:26] GET /api/agents/6aa26c7ce0ac9a5ee05d2b95/conversations/6aa26c825d5b4135ae6b48b5 -> HTTP 403 (next candidate)
[2026-09-22 00:06:26] GET /api/agents/6aa26c7ce0ac9a5ee05d2b95/conversations -> HTTP 403 (next candidate)
[2026-09-22 00:06:36] GET /api/agents/6aa26c7ce0ac9a5ee05d2b95/conversations/6aa26c825d5b4135ae6b48b5/messages -> HTTP 403 (next candidate)
[2026-09-22 00:06:36] GET /api/agents/6aa26c7ce0ac9a5ee05d2b95/conversations/6aa26c825d5b4135ae6b48b5 -> HTTP 403 (next candidate)
[2026-09-22 00:06:36] GET /api/agents/6aa26c7ce0ac9a5ee05d2b95/conversations -> HTTP 403 (next candidate)
[2026-09-22 00:06:47] GET /api/agents/6aa26c7ce0ac9a5ee05d2b95/conversations/6aa26c825d5b4135ae6b48b5/messages -> HTTP 403 (next candidate)
[2026-09-22 00:06:47] GET /api/agents/6aa26c7ce0ac9a5ee05d2b95/conversations/6aa26c825d5b4135ae6b48b5 -> HTTP 403 (next candidate)
[2026-09-22 00:06:47] GET /api/agents/6aa26c7ce0ac9a5ee05d2b95/conversations -> HTTP 403 (next candidate)
[2026-09-22 00:06:57] GET /api/agents/6aa26c7ce0ac9a5ee05d2b95/conversations/6aa26c825d5b4135ae6b48b5/messages -> HTTP 403 (next candidate)
[2026-09-22 00:06:57] GET /api/agents/6aa26c7ce0ac9a5ee05d2b95/conversations/6aa26c825d5b4135ae6b48b5 -> HTTP 403 (next candidate)
[2026-09-22 00:06:57] GET /api/agents/6aa26c7ce0ac9a5ee05d2b95/conversations -> HTTP 403 (next candidate)
[2026-09-22 00:07:07] GET /api/agents/6aa26c7ce0ac9a5ee05d2b95/conversations/6aa26c825d5b4135ae6b48b5/messages -> HTTP 403 (next candidate)
[2026-09-22 00:07:07] GET /api/agents/6aa26c7ce0ac9a5ee05d2b95/conversations/6aa26c825d5b4135ae6b48b5 -> HTTP 403 (next candidate)
[2026-09-22 00:07:08] GET /api/agents/6aa26c7ce0ac9a5ee05d2b95/conversations -> HTTP 403 (next candidate)
[2026-09-22 00:07:18] GET /api/agents/6aa26c7ce0ac9a5ee05d2b95/conversations/6aa26c825d5b4135ae6b48b5/messages -> HTTP 403 (next candidate)
[2026-09-22 00:07:18] GET /api/agents/6aa26c7ce0ac9a5ee05d2b95/conversations/6aa26c825d5b4135ae6b48b5 -> HTTP 403 (next candidate)
[2026-09-22 00:07:18] GET /api/agents/6aa26c7ce0ac9a5ee05d2b95/conversations -> HTTP 403 (next candidate)
[2026-09-22 00:07:28] GET /api/agents/6aa26c7ce0ac9a5ee05d2b95/conversations/6aa26c825d5b4135ae6b48b5/messages -> HTTP 403 (next candidate)
[2026-09-22 00:07:28] GET /api/agents/6aa26c7ce0ac9a5ee05d2b95/conversations/6aa26c825d5b4135ae6b48b5 -> HTTP 403 (next candidate)
[2026-09-22 00:07:29] GET /api/agents/6aa26c7ce0ac9a5ee05d2b95/conversations -> HTTP 403 (next candidate)
[2026-09-22 00:07:39] GET /api/agents/6aa26c7ce0ac9a5ee05d2b95/conversations/6aa26c825d5b4135ae6b48b5/messages -> HTTP 403 (next candidate)
[2026-09-22 00:07:39] GET /api/agents/6aa26c7ce0ac9a5ee05d2b95/conversations/6aa26c825d5b4135ae6b48b5 -> HTTP 403 (next candidate)
[2026-09-22 00:07:39] GET /api/agents/6aa26c7ce0ac9a5ee05d2b95/conversations -> HTTP 403 (next candidate)
[2026-09-22 00:07:49] GET /api/agents/6aa26c7ce0ac9a5ee05d2b95/conversations/6aa26c825d5b4135ae6b48b5/messages -> HTTP 403 (next candidate)
[2026-09-22 00:07:49] GET /api/agents/6aa26c7ce0ac9a5ee05d2b95/conversations/6aa26c825d5b4135ae6b48b5 -> HTTP 403 (next candidate)
[2026-09-22 00:07:49] GET /api/agents/6aa26c7ce0ac9a5ee05d2b95/conversations -> HTTP 403 (next candidate)
[2026-09-22 00:07:59] GET /api/agents/6aa26c7ce0ac9a5ee05d2b95/conversations/6aa26c825d5b4135ae6b48b5/messages -> HTTP 403 (next candidate)
[2026-09-22 00:07:59] GET /api/agents/6aa26c7ce0ac9a5ee05d2b95/conversations/6aa26c825d5b4135ae6b48b5 -> HTTP 403 (next candidate)
[2026-09-22 00:08:00] GET /api/agents/6aa26c7ce0ac9a5ee05d2b95/conversations -> HTTP 403 (next candidate)
[2026-09-22 00:08:10] GET /api/agents/6aa26c7ce0ac9a5ee05d2b95/conversations/6aa26c825d5b4135ae6b48b5/messages -> HTTP 403 (next candidate)
[2026-09-22 00:08:10] GET /api/agents/6aa26c7ce0ac9a5ee05d2b95/conversations/6aa26c825d5b4135ae6b48b5 -> HTTP 403 (next candidate)
[2026-09-22 00:08:10] GET /api/agents/6aa26c7ce0ac9a5ee05d2b95/conversations -> HTTP 403 (next candidate)
[2026-09-22 00:08:20] GET /api/agents/6aa26c7ce0ac9a5ee05d2b95/conversations/6aa26c825d5b4135ae6b48b5/messages -> HTTP 403 (next candidate)
[2026-09-22 00:08:20] GET /api/agents/6aa26c7ce0ac9a5ee05d2b95/conversations/6aa26c825d5b4135ae6b48b5 -> HTTP 403 (next candidate)
[2026-09-22 00:08:20] GET /api/agents/6aa26c7ce0ac9a5ee05d2b95/conversations -> HTTP 403 (next candidate)
[2026-09-22 00:08:30] GET /api/agents/6aa26c7ce0ac9a5ee05d2b95/conversations/6aa26c825d5b4135ae6b48b5/messages -> HTTP 403 (next candidate)
[2026-09-22 00:08:31] GET /api/agents/6aa26c7ce0ac9a5ee05d2b95/conversations/6aa26c825d5b4135ae6b48b5 -> HTTP 403 (next candidate)
[2026-09-22 00:08:31] GET /api/agents/6aa26c7ce0ac9a5ee05d2b95/conversations -> HTTP 403 (next candidate)
[2026-09-22 00:08:41] GET /api/agents/6aa26c7ce0ac9a5ee05d2b95/conversations/6aa26c825d5b4135ae6b48b5/messages -> HTTP 403 (next candidate)
[2026-09-22 00:08:41] GET /api/agents/6aa26c7ce0ac9a5ee05d2b95/conversations/6aa26c825d5b4135ae6b48b5 -> HTTP 403 (next candidate)
[2026-09-22 00:08:41] GET /api/agents/6aa26c7ce0ac9a5ee05d2b95/conversations -> HTTP 403 (next candidate)
[2026-09-22 00:08:51] GET /api/agents/6aa26c7ce0ac9a5ee05d2b95/conversations/6aa26c825d5b4135ae6b48b5/messages -> HTTP 403 (next candidate)
[2026-09-22 00:08:51] GET /api/agents/6aa26c7ce0ac9a5ee05d2b95/conversations/6aa26c825d5b4135ae6b48b5 -> HTTP 403 (next candidate)
[2026-09-22 00:08:52] GET /api/agents/6aa26c7ce0ac9a5ee05d2b95/conversations -> HTTP 403 (next candidate)
[2026-09-22 00:09:02] GET /api/agents/6aa26c7ce0ac9a5ee05d2b95/conversations/6aa26c825d5b4135ae6b48b5/messages -> HTTP 403 (next candidate)
[2026-09-22 00:09:02] GET /api/agents/6aa26c7ce0ac9a5ee05d2b95/conversations/6aa26c825d5b4135ae6b48b5 -> HTTP 403 (next candidate)
[2026-09-22 00:09:02] GET /api/agents/6aa26c7ce0ac9a5ee05d2b95/conversations -> HTTP 403 (next candidate)
[2026-09-22 00:09:12] GET /api/agents/6aa26c7ce0ac9a5ee05d2b95/conversations/6aa26c825d5b4135ae6b48b5/messages -> HTTP 403 (next candidate)
[2026-09-22 00:09:12] GET /api/agents/6aa26c7ce0ac9a5ee05d2b95/conversations/6aa26c825d5b4135ae6b48b5 -> HTTP 403 (next candidate)
[2026-09-22 00:09:12] GET /api/agents/6aa26c7ce0ac9a5ee05d2b95/conversations -> HTTP 403 (next candidate)
[2026-09-22 00:09:22] GET /api/agents/6aa26c7ce0ac9a5ee05d2b95/conversations/6aa26c825d5b4135ae6b48b5/messages -> HTTP 403 (next candidate)
[2026-09-22 00:09:22] GET /api/agents/6aa26c7ce0ac9a5ee05d2b95/conversations/6aa26c825d5b4135ae6b48b5 -> HTTP 403 (next candidate)
[2026-09-22 00:09:23] GET /api/agents/6aa26c7ce0ac9a5ee05d2b95/conversations -> HTTP 403 (next candidate)
[2026-09-22 00:09:33] GET /api/agents/6aa26c7ce0ac9a5ee05d2b95/conversations/6aa26c825d5b4135ae6b48b5/messages -> HTTP 403 (next candidate)
[2026-09-22 00:09:33] GET /api/agents/6aa26c7ce0ac9a5ee05d2b95/conversations/6aa26c825d5b4135ae6b48b5 -> HTTP 403 (next candidate)
[2026-09-22 00:09:33] GET /api/agents/6aa26c7ce0ac9a5ee05d2b95/conversations -> HTTP 403 (next candidate)
[2026-09-22 00:09:43] GET /api/agents/6aa26c7ce0ac9a5ee05d2b95/conversations/6aa26c825d5b4135ae6b48b5/messages -> HTTP 403 (next candidate)
[2026-09-22 00:09:43] GET /api/agents/6aa26c7ce0ac9a5ee05d2b95/conversations/6aa26c825d5b4135ae6b48b5 -> HTTP 403 (next candidate)
[2026-09-22 00:09:43] GET /api/agents/6aa26c7ce0ac9a5ee05d2b95/conversations -> HTTP 403 (next candidate)
[2026-09-22 00:09:53] GET /api/agents/6aa26c7ce0ac9a5ee05d2b95/conversations/6aa26c825d5b4135ae6b48b5/messages -> HTTP 403 (next candidate)
[2026-09-22 00:09:53] GET /api/agents/6aa26c7ce0ac9a5ee05d2b95/conversations/6aa26c825d5b4135ae6b48b5 -> HTTP 403 (next candidate)
[2026-09-22 00:09:54] GET /api/agents/6aa26c7ce0ac9a5ee05d2b95/conversations -> HTTP 403 (next candidate)
[2026-09-22 00:10:04] GET /api/agents/6aa26c7ce0ac9a5ee05d2b95/conversations/6aa26c825d5b4135ae6b48b5/messages -> HTTP 403 (next candidate)
[2026-09-22 00:10:04] GET /api/agents/6aa26c7ce0ac9a5ee05d2b95/conversations/6aa26c825d5b4135ae6b48b5 -> HTTP 403 (next candidate)
[2026-09-22 00:10:04] GET /api/agents/6aa26c7ce0ac9a5ee05d2b95/conversations -> HTTP 403 (next candidate)
[2026-09-22 00:10:15] GET /api/agents/6aa26c7ce0ac9a5ee05d2b95/conversations/6aa26c825d5b4135ae6b48b5/messages -> HTTP 403 (next candidate)
[2026-09-22 00:10:15] GET /api/agents/6aa26c7ce0ac9a5ee05d2b95/conversations/6aa26c825d5b4135ae6b48b5 -> HTTP 403 (next candidate)
[2026-09-22 00:10:15] GET /api/agents/6aa26c7ce0ac9a5ee05d2b95/conversations -> HTTP 403 (next candidate)
[2026-09-22 00:10:25] GET /api/agents/6aa26c7ce0ac9a5ee05d2b95/conversations/6aa26c825d5b4135ae6b48b5/messages -> HTTP 403 (next candidate)
[2026-09-22 00:10:25] GET /api/agents/6aa26c7ce0ac9a5ee05d2b95/conversations/6aa26c825d5b4135ae6b48b5 -> HTTP 403 (next candidate)
[2026-09-22 00:10:25] GET /api/agents/6aa26c7ce0ac9a5ee05d2b95/conversations -> HTTP 403 (next candidate)
[2026-09-22 00:10:35] GET /api/agents/6aa26c7ce0ac9a5ee05d2b95/conversations/6aa26c825d5b4135ae6b48b5/messages -> HTTP 403 (next candidate)
[2026-09-22 00:10:35] GET /api/agents/6aa26c7ce0ac9a5ee05d2b95/conversations/6aa26c825d5b4135ae6b48b5 -> HTTP 403 (next candidate)
[2026-09-22 00:10:35] GET /api/agents/6aa26c7ce0ac9a5ee05d2b95/conversations -> HTTP 403 (next candidate)
[2026-09-22 00:10:46] GET /api/agents/6aa26c7ce0ac9a5ee05d2b95/conversations/6aa26c825d5b4135ae6b48b5/messages -> HTTP 403 (next candidate)
[2026-09-22 00:10:46] GET /api/agents/6aa26c7ce0ac9a5ee05d2b95/conversations/6aa26c825d5b4135ae6b48b5 -> HTTP 403 (next candidate)
[2026-09-22 00:10:46] GET /api/agents/6aa26c7ce0ac9a5ee05d2b95/conversations -> HTTP 403 (next candidate)
[2026-09-22 00:10:56] GET /api/agents/6aa26c7ce0ac9a5ee05d2b95/conversations/6aa26c825d5b4135ae6b48b5/messages -> HTTP 403 (next candidate)
[2026-09-22 00:10:56] GET /api/agents/6aa26c7ce0ac9a5ee05d2b95/conversations/6aa26c825d5b4135ae6b48b5 -> HTTP 403 (next candidate)
[2026-09-22 00:10:56] GET /api/agents/6aa26c7ce0ac9a5ee05d2b95/conversations -> HTTP 403 (next candidate)
[2026-09-22 00:11:06] GET /api/agents/6aa26c7ce0ac9a5ee05d2b95/conversations/6aa26c825d5b4135ae6b48b5/messages -> HTTP 403 (next candidate)
[2026-09-22 00:11:06] GET /api/agents/6aa26c7ce0ac9a5ee05d2b95/conversations/6aa26c825d5b4135ae6b48b5 -> HTTP 403 (next candidate)
[2026-09-22 00:11:07] GET /api/agents/6aa26c7ce0ac9a5ee05d2b95/conversations -> HTTP 403 (next candidate)
[2026-09-22 00:11:17] GET /api/agents/6aa26c7ce0ac9a5ee05d2b95/conversations/6aa26c825d5b4135ae6b48b5/messages -> HTTP 403 (next candidate)
[2026-09-22 00:11:17] GET /api/agents/6aa26c7ce0ac9a5ee05d2b95/conversations/6aa26c825d5b4135ae6b48b5 -> HTTP 403 (next candidate)
[2026-09-22 00:11:17] GET /api/agents/6aa26c7ce0ac9a5ee05d2b95/conversations -> HTTP 403 (next candidate)
[2026-09-22 00:11:27] GET /api/agents/6aa26c7ce0ac9a5ee05d2b95/conversations/6aa26c825d5b4135ae6b48b5/messages -> HTTP 403 (next candidate)
[2026-09-22 00:11:27] GET /api/agents/6aa26c7ce0ac9a5ee05d2b95/conversations/6aa26c825d5b4135ae6b48b5 -> HTTP 403 (next candidate)
[2026-09-22 00:11:27] GET /api/agents/6aa26c7ce0ac9a5ee05d2b95/conversations -> HTTP 403 (next candidate)
[2026-09-22 00:11:37] GET /api/agents/6aa26c7ce0ac9a5ee05d2b95/conversations/6aa26c825d5b4135ae6b48b5/messages -> HTTP 403 (next candidate)
[2026-09-22 00:11:37] GET /api/agents/6aa26c7ce0ac9a5ee05d2b95/conversations/6aa26c825d5b4135ae6b48b5 -> HTTP 403 (next candidate)
[2026-09-22 00:11:38] GET /api/agents/6aa26c7ce0ac9a5ee05d2b95/conversations -> HTTP 403 (next candidate)
[2026-09-22 00:11:48] GET /api/agents/6aa26c7ce0ac9a5ee05d2b95/conversations/6aa26c825d5b4135ae6b48b5/messages -> HTTP 403 (next candidate)
[2026-09-22 00:11:48] GET /api/agents/6aa26c7ce0ac9a5ee05d2b95/conversations/6aa26c825d5b4135ae6b48b5 -> HTTP 403 (next candidate)
[2026-09-22 00:11:48] GET /api/agents/6aa26c7ce0ac9a5ee05d2b95/conversations -> HTTP 403 (next candidate)
[2026-09-22 00:11:58] GET /api/agents/6aa26c7ce0ac9a5ee05d2b95/conversations/6aa26c825d5b4135ae6b48b5/messages -> HTTP 403 (next candidate)
[2026-09-22 00:11:58] GET /api/agents/6aa26c7ce0ac9a5ee05d2b95/conversations/6aa26c825d5b4135ae6b48b5 -> HTTP 403 (next candidate)
[2026-09-22 00:11:58] GET /api/agents/6aa26c7ce0ac9a5ee05d2b95/conversations -> HTTP 403 (next candidate)
[2026-09-22 00:12:08] GET /api/agents/6aa26c7ce0ac9a5ee05d2b95/conversations/6aa26c825d5b4135ae6b48b5/messages -> HTTP 403 (next candidate)
[2026-09-22 00:12:08] GET /api/agents/6aa26c7ce0ac9a5ee05d2b95/conversations/6aa26c825d5b4135ae6b48b5 -> HTTP 403 (next candidate)
[2026-09-22 00:12:08] GET /api/agents/6aa26c7ce0ac9a5ee05d2b95/conversations -> HTTP 403 (next candidate)
[2026-09-22 00:12:19] GET /api/agents/6aa26c7ce0ac9a5ee05d2b95/conversations/6aa26c825d5b4135ae6b48b5/messages -> HTTP 403 (next candidate)
[2026-09-22 00:12:19] GET /api/agents/6aa26c7ce0ac9a5ee05d2b95/conversations/6aa26c825d5b4135ae6b48b5 -> HTTP 403 (next candidate)
[2026-09-22 00:12:19] GET /api/agents/6aa26c7ce0ac9a5ee05d2b95/conversations -> HTTP 403 (next candidate)
[2026-09-22 00:12:29] GET /api/agents/6aa26c7ce0ac9a5ee05d2b95/conversations/6aa26c825d5b4135ae6b48b5/messages -> HTTP 403 (next candidate)
[2026-09-22 00:12:29] GET /api/agents/6aa26c7ce0ac9a5ee05d2b95/conversations/6aa26c825d5b4135ae6b48b5 -> HTTP 403 (next candidate)
[2026-09-22 00:12:29] GET /api/agents/6aa26c7ce0ac9a5ee05d2b95/conversations -> HTTP 403 (next candidate)
[2026-09-22 00:12:39] GET /api/agents/6aa26c7ce0ac9a5ee05d2b95/conversations/6aa26c825d5b4135ae6b48b5/messages -> HTTP 403 (next candidate)
[2026-09-22 00:12:40] GET /api/agents/6aa26c7ce0ac9a5ee05d2b95/conversations/6aa26c825d5b4135ae6b48b5 -> HTTP 403 (next candidate)
[2026-09-22 00:12:40] GET /api/agents/6aa26c7ce0ac9a5ee05d2b95/conversations -> HTTP 403 (next candidate)
[2026-09-22 00:12:50] GET /api/agents/6aa26c7ce0ac9a5ee05d2b95/conversations/6aa26c825d5b4135ae6b48b5/messages -> HTTP 403 (next candidate)
[2026-09-22 00:12:50] GET /api/agents/6aa26c7ce0ac9a5ee05d2b95/conversations/6aa26c825d5b4135ae6b48b5 -> HTTP 403 (next candidate)
[2026-09-22 00:12:50] GET /api/agents/6aa26c7ce0ac9a5ee05d2b95/conversations -> HTTP 403 (next candidate)
[2026-09-22 00:13:00] GET /api/agents/6aa26c7ce0ac9a5ee05d2b95/conversations/6aa26c825d5b4135ae6b48b5/messages -> HTTP 403 (next candidate)
[2026-09-22 00:13:00] GET /api/agents/6aa26c7ce0ac9a5ee05d2b95/conversations/6aa26c825d5b4135ae6b48b5 -> HTTP 403 (next candidate)
[2026-09-22 00:13:00] GET /api/agents/6aa26c7ce0ac9a5ee05d2b95/conversations -> HTTP 403 (next candidate)
[2026-09-22 00:13:10] GET /api/agents/6aa26c7ce0ac9a5ee05d2b95/conversations/6aa26c825d5b4135ae6b48b5/messages -> HTTP 403 (next candidate)
[2026-09-22 00:13:11] GET /api/agents/6aa26c7ce0ac9a5ee05d2b95/conversations/6aa26c825d5b4135ae6b48b5 -> HTTP 403 (next candidate)
[2026-09-22 00:13:11] GET /api/agents/6aa26c7ce0ac9a5ee05d2b95/conversations -> HTTP 403 (next candidate)
[2026-09-22 00:13:21] GET /api/agents/6aa26c7ce0ac9a5ee05d2b95/conversations/6aa26c825d5b4135ae6b48b5/messages -> HTTP 403 (next candidate)
[2026-09-22 00:13:21] GET /api/agents/6aa26c7ce0ac9a5ee05d2b95/conversations/6aa26c825d5b4135ae6b48b5 -> HTTP 403 (next candidate)
[2026-09-22 00:13:21] GET /api/agents/6aa26c7ce0ac9a5ee05d2b95/conversations -> HTTP 403 (next candidate)
[2026-09-22 00:13:31] GET /api/agents/6aa26c7ce0ac9a5ee05d2b95/conversations/6aa26c825d5b4135ae6b48b5/messages -> HTTP 403 (next candidate)
[2026-09-22 00:13:31] GET /api/agents/6aa26c7ce0ac9a5ee05d2b95/conversations/6aa26c825d5b4135ae6b48b5 -> HTTP 403 (next candidate)
[2026-09-22 00:13:31] GET /api/agents/6aa26c7ce0ac9a5ee05d2b95/conversations -> HTTP 403 (next candidate)
[2026-09-22 00:13:41] GET /api/agents/6aa26c7ce0ac9a5ee05d2b95/conversations/6aa26c825d5b4135ae6b48b5/messages -> HTTP 403 (next candidate)
[2026-09-22 00:13:42] GET /api/agents/6aa26c7ce0ac9a5ee05d2b95/conversations/6aa26c825d5b4135ae6b48b5 -> HTTP 403 (next candidate)
[2026-09-22 00:13:42] GET /api/agents/6aa26c7ce0ac9a5ee05d2b95/conversations -> HTTP 403 (next candidate)
[2026-09-22 00:13:52] GET /api/agents/6aa26c7ce0ac9a5ee05d2b95/conversations/6aa26c825d5b4135ae6b48b5/messages -> HTTP 403 (next candidate)
[2026-09-22 00:13:52] GET /api/agents/6aa26c7ce0ac9a5ee05d2b95/conversations/6aa26c825d5b4135ae6b48b5 -> HTTP 403 (next candidate)
[2026-09-22 00:13:52] GET /api/agents/6aa26c7ce0ac9a5ee05d2b95/conversations -> HTTP 403 (next candidate)
[2026-09-22 00:14:02] GET /api/agents/6aa26c7ce0ac9a5ee05d2b95/conversations/6aa26c825d5b4135ae6b48b5/messages -> HTTP 403 (next candidate)
[2026-09-22 00:14:03] GET /api/agents/6aa26c7ce0ac9a5ee05d2b95/conversations/6aa26c825d5b4135ae6b48b5 -> HTTP 403 (next candidate)
[2026-09-22 00:14:03] GET /api/agents/6aa26c7ce0ac9a5ee05d2b95/conversations -> HTTP 403 (next candidate)
[2026-09-22 00:14:13] GET /api/agents/6aa26c7ce0ac9a5ee05d2b95/conversations/6aa26c825d5b4135ae6b48b5/messages -> HTTP 403 (next candidate)
[2026-09-22 00:14:13] GET /api/agents/6aa26c7ce0ac9a5ee05d2b95/conversations/6aa26c825d5b4135ae6b48b5 -> HTTP 403 (next candidate)
[2026-09-22 00:14:13] GET /api/agents/6aa26c7ce0ac9a5ee05d2b95/conversations -> HTTP 403 (next candidate)
[2026-09-22 00:14:23] GET /api/agents/6aa26c7ce0ac9a5ee05d2b95/conversations/6aa26c825d5b4135ae6b48b5/messages -> HTTP 403 (next candidate)
[2026-09-22 00:14:23] GET /api/agents/6aa26c7ce0ac9a5ee05d2b95/conversations/6aa26c825d5b4135ae6b48b5 -> HTTP 403 (next candidate)
[2026-09-22 00:14:23] GET /api/agents/6aa26c7ce0ac9a5ee05d2b95/conversations -> HTTP 403 (next candidate)
[2026-09-22 00:14:34] GET /api/agents/6aa26c7ce0ac9a5ee05d2b95/conversations/6aa26c825d5b4135ae6b48b5/messages -> HTTP 403 (next candidate)
[2026-09-22 00:14:34] GET /api/agents/6aa26c7ce0ac9a5ee05d2b95/conversations/6aa26c825d5b4135ae6b48b5 -> HTTP 403 (next candidate)
[2026-09-22 00:14:34] GET /api/agents/6aa26c7ce0ac9a5ee05d2b95/conversations -> HTTP 403 (next candidate)
[2026-09-22 00:14:44] GET /api/agents/6aa26c7ce0ac9a5ee05d2b95/conversations/6aa26c825d5b4135ae6b48b5/messages -> HTTP 403 (next candidate)
[2026-09-22 00:14:44] GET /api/agents/6aa26c7ce0ac9a5ee05d2b95/conversations/6aa26c825d5b4135ae6b48b5 -> HTTP 403 (next candidate)
[2026-09-22 00:14:44] GET /api/agents/6aa26c7ce0ac9a5ee05d2b95/conversations -> HTTP 403 (next candidate)
[2026-09-22 00:14:54] GET /api/agents/6aa26c7ce0ac9a5ee05d2b95/conversations/6aa26c825d5b4135ae6b48b5/messages -> HTTP 403 (next candidate)
[2026-09-22 00:14:54] GET /api/agents/6aa26c7ce0ac9a5ee05d2b95/conversations/6aa26c825d5b4135ae6b48b5 -> HTTP 403 (next candidate)
[2026-09-22 00:14:54] GET /api/agents/6aa26c7ce0ac9a5ee05d2b95/conversations -> HTTP 403 (next candidate)
[2026-09-22 00:15:05] GET /api/agents/6aa26c7ce0ac9a5ee05d2b95/conversations/6aa26c825d5b4135ae6b48b5/messages -> HTTP 403 (next candidate)
[2026-09-22 00:15:05] GET /api/agents/6aa26c7ce0ac9a5ee05d2b95/conversations/6aa26c825d5b4135ae6b48b5 -> HTTP 403 (next candidate)
[2026-09-22 00:15:05] GET /api/agents/6aa26c7ce0ac9a5ee05d2b95/conversations -> HTTP 403 (next candidate)
[2026-09-22 00:15:15] GET /api/agents/6aa26c7ce0ac9a5ee05d2b95/conversations/6aa26c825d5b4135ae6b48b5/messages -> HTTP 403 (next candidate)
[2026-09-22 00:15:15] GET /api/agents/6aa26c7ce0ac9a5ee05d2b95/conversations/6aa26c825d5b4135ae6b48b5 -> HTTP 403 (next candidate)
[2026-09-22 00:15:15] GET /api/agents/6aa26c7ce0ac9a5ee05d2b95/conversations -> HTTP 403 (next candidate)
[2026-09-22 00:15:25] GET /api/agents/6aa26c7ce0ac9a5ee05d2b95/conversations/6aa26c825d5b4135ae6b48b5/messages -> HTTP 403 (next candidate)
[2026-09-22 00:15:25] GET /api/agents/6aa26c7ce0ac9a5ee05d2b95/conversations/6aa26c825d5b4135ae6b48b5 -> HTTP 403 (next candidate)
[2026-09-22 00:15:26] GET /api/agents/6aa26c7ce0ac9a5ee05d2b95/conversations -> HTTP 403 (next candidate)
[2026-09-22 00:15:36] GET /api/agents/6aa26c7ce0ac9a5ee05d2b95/conversations/6aa26c825d5b4135ae6b48b5/messages -> HTTP 403 (next candidate)
[2026-09-22 00:15:36] GET /api/agents/6aa26c7ce0ac9a5ee05d2b95/conversations/6aa26c825d5b4135ae6b48b5 -> HTTP 403 (next candidate)
[2026-09-22 00:15:36] GET /api/agents/6aa26c7ce0ac9a5ee05d2b95/conversations -> HTTP 403 (next candidate)
[2026-09-22 00:15:46] GET /api/agents/6aa26c7ce0ac9a5ee05d2b95/conversations/6aa26c825d5b4135ae6b48b5/messages -> HTTP 403 (next candidate)
[2026-09-22 00:15:46] GET /api/agents/6aa26c7ce0ac9a5ee05d2b95/conversations/6aa26c825d5b4135ae6b48b5 -> HTTP 403 (next candidate)
[2026-09-22 00:15:46] GET /api/agents/6aa26c7ce0ac9a5ee05d2b95/conversations -> HTTP 403 (next candidate)
[2026-09-22 00:15:56] GET /api/agents/6aa26c7ce0ac9a5ee05d2b95/conversations/6aa26c825d5b4135ae6b48b5/messages -> HTTP 403 (next candidate)
[2026-09-22 00:15:57] GET /api/agents/6aa26c7ce0ac9a5ee05d2b95/conversations/6aa26c825d5b4135ae6b48b5 -> HTTP 403 (next candidate)
[2026-09-22 00:15:57] GET /api/agents/6aa26c7ce0ac9a5ee05d2b95/conversations -> HTTP 403 (next candidate)
[2026-09-22 00:16:07] GET /api/agents/6aa26c7ce0ac9a5ee05d2b95/conversations/6aa26c825d5b4135ae6b48b5/messages -> HTTP 403 (next candidate)
[2026-09-22 00:16:07] GET /api/agents/6aa26c7ce0ac9a5ee05d2b95/conversations/6aa26c825d5b4135ae6b48b5 -> HTTP 403 (next candidate)
[2026-09-22 00:16:07] GET /api/agents/6aa26c7ce0ac9a5ee05d2b95/conversations -> HTTP 403 (next candidate)
[2026-09-22 00:16:17] GET /api/agents/6aa26c7ce0ac9a5ee05d2b95/conversations/6aa26c825d5b4135ae6b48b5/messages -> HTTP 403 (next candidate)
[2026-09-22 00:16:17] GET /api/agents/6aa26c7ce0ac9a5ee05d2b95/conversations/6aa26c825d5b4135ae6b48b5 -> HTTP 403 (next candidate)
[2026-09-22 00:16:17] GET /api/agents/6aa26c7ce0ac9a5ee05d2b95/conversations -> HTTP 403 (next candidate)
[2026-09-22 00:16:27] GET /api/agents/6aa26c7ce0ac9a5ee05d2b95/conversations/6aa26c825d5b4135ae6b48b5/messages -> HTTP 403 (next candidate)
[2026-09-22 00:16:28] GET /api/agents/6aa26c7ce0ac9a5ee05d2b95/conversations/6aa26c825d5b4135ae6b48b5 -> HTTP 403 (next candidate)
[2026-09-22 00:16:28] GET /api/agents/6aa26c7ce0ac9a5ee05d2b95/conversations -> HTTP 403 (next candidate)
[2026-09-22 00:16:38] GET /api/agents/6aa26c7ce0ac9a5ee05d2b95/conversations/6aa26c825d5b4135ae6b48b5/messages -> HTTP 403 (next candidate)
[2026-09-22 00:16:38] GET /api/agents/6aa26c7ce0ac9a5ee05d2b95/conversations/6aa26c825d5b4135ae6b48b5 -> HTTP 403 (next candidate)
[2026-09-22 00:16:38] GET /api/agents/6aa26c7ce0ac9a5ee05d2b95/conversations -> HTTP 403 (next candidate)
[2026-09-22 00:16:48] GET /api/agents/6aa26c7ce0ac9a5ee05d2b95/conversations/6aa26c825d5b4135ae6b48b5/messages -> HTTP 403 (next candidate)
[2026-09-22 00:16:48] GET /api/agents/6aa26c7ce0ac9a5ee05d2b95/conversations/6aa26c825d5b4135ae6b48b5 -> HTTP 403 (next candidate)
[2026-09-22 00:16:48] GET /api/agents/6aa26c7ce0ac9a5ee05d2b95/conversations -> HTTP 403 (next candidate)
[2026-09-22 00:16:59] GET /api/agents/6aa26c7ce0ac9a5ee05d2b95/conversations/6aa26c825d5b4135ae6b48b5/messages -> HTTP 403 (next candidate)
[2026-09-22 00:16:59] GET /api/agents/6aa26c7ce0ac9a5ee05d2b95/conversations/6aa26c825d5b4135ae6b48b5 -> HTTP 403 (next candidate)
[2026-09-22 00:16:59] GET /api/agents/6aa26c7ce0ac9a5ee05d2b95/conversations -> HTTP 403 (next candidate)
[2026-09-22 00:17:09] GET /api/agents/6aa26c7ce0ac9a5ee05d2b95/conversations/6aa26c825d5b4135ae6b48b5/messages -> HTTP 403 (next candidate)
[2026-09-22 00:17:09] GET /api/agents/6aa26c7ce0ac9a5ee05d2b95/conversations/6aa26c825d5b4135ae6b48b5 -> HTTP 403 (next candidate)
[2026-09-22 00:17:09] GET /api/agents/6aa26c7ce0ac9a5ee05d2b95/conversations -> HTTP 403 (next candidate)
[2026-09-22 00:17:19] GET /api/agents/6aa26c7ce0ac9a5ee05d2b95/conversations/6aa26c825d5b4135ae6b48b5/messages -> HTTP 403 (next candidate)
[2026-09-22 00:17:19] GET /api/agents/6aa26c7ce0ac9a5ee05d2b95/conversations/6aa26c825d5b4135ae6b48b5 -> HTTP 403 (next candidate)
[2026-09-22 00:17:20] GET /api/agents/6aa26c7ce0ac9a5ee05d2b95/conversations -> HTTP 403 (next candidate)
[2026-09-22 00:17:30] GET /api/agents/6aa26c7ce0ac9a5ee05d2b95/conversations/6aa26c825d5b4135ae6b48b5/messages -> HTTP 403 (next candidate)
[2026-09-22 00:17:30] GET /api/agents/6aa26c7ce0ac9a5ee05d2b95/conversations/6aa26c825d5b4135ae6b48b5 -> HTTP 403 (next candidate)
[2026-09-22 00:17:30] GET /api/agents/6aa26c7ce0ac9a5ee05d2b95/conversations -> HTTP 403 (next candidate)
[2026-09-22 00:17:40] GET /api/agents/6aa26c7ce0ac9a5ee05d2b95/conversations/6aa26c825d5b4135ae6b48b5/messages -> HTTP 403 (next candidate)
[2026-09-22 00:17:40] GET /api/agents/6aa26c7ce0ac9a5ee05d2b95/conversations/6aa26c825d5b4135ae6b48b5 -> HTTP 403 (next candidate)
[2026-09-22 00:17:40] GET /api/agents/6aa26c7ce0ac9a5ee05d2b95/conversations -> HTTP 403 (next candidate)
[2026-09-22 00:17:50] GET /api/agents/6aa26c7ce0ac9a5ee05d2b95/conversations/6aa26c825d5b4135ae6b48b5/messages -> HTTP 403 (next candidate)
[2026-09-22 00:17:50] GET /api/agents/6aa26c7ce0ac9a5ee05d2b95/conversations/6aa26c825d5b4135ae6b48b5 -> HTTP 403 (next candidate)
[2026-09-22 00:17:51] GET /api/agents/6aa26c7ce0ac9a5ee05d2b95/conversations -> HTTP 403 (next candidate)
[2026-09-22 00:18:01] GET /api/agents/6aa26c7ce0ac9a5ee05d2b95/conversations/6aa26c825d5b4135ae6b48b5/messages -> HTTP 403 (next candidate)
[2026-09-22 00:18:01] GET /api/agents/6aa26c7ce0ac9a5ee05d2b95/conversations/6aa26c825d5b4135ae6b48b5 -> HTTP 403 (next candidate)
[2026-09-22 00:18:01] GET /api/agents/6aa26c7ce0ac9a5ee05d2b95/conversations -> HTTP 403 (next candidate)
[2026-09-22 00:18:11] GET /api/agents/6aa26c7ce0ac9a5ee05d2b95/conversations/6aa26c825d5b4135ae6b48b5/messages -> HTTP 403 (next candidate)
[2026-09-22 00:18:11] GET /api/agents/6aa26c7ce0ac9a5ee05d2b95/conversations/6aa26c825d5b4135ae6b48b5 -> HTTP 403 (next candidate)
[2026-09-22 00:18:11] GET /api/agents/6aa26c7ce0ac9a5ee05d2b95/conversations -> HTTP 403 (next candidate)
[2026-09-22 00:18:21] GET /api/agents/6aa26c7ce0ac9a5ee05d2b95/conversations/6aa26c825d5b4135ae6b48b5/messages -> HTTP 403 (next candidate)
[2026-09-22 00:18:22] GET /api/agents/6aa26c7ce0ac9a5ee05d2b95/conversations/6aa26c825d5b4135ae6b48b5 -> HTTP 403 (next candidate)
[2026-09-22 00:18:22] GET /api/agents/6aa26c7ce0ac9a5ee05d2b95/conversations -> HTTP 403 (next candidate)
[2026-09-22 00:18:32] GET /api/agents/6aa26c7ce0ac9a5ee05d2b95/conversations/6aa26c825d5b4135ae6b48b5/messages -> HTTP 403 (next candidate)
[2026-09-22 00:18:32] GET /api/agents/6aa26c7ce0ac9a5ee05d2b95/conversations/6aa26c825d5b4135ae6b48b5 -> HTTP 403 (next candidate)
[2026-09-22 00:18:32] GET /api/agents/6aa26c7ce0ac9a5ee05d2b95/conversations -> HTTP 403 (next candidate)
[2026-09-22 00:18:42] GET /api/agents/6aa26c7ce0ac9a5ee05d2b95/conversations/6aa26c825d5b4135ae6b48b5/messages -> HTTP 403 (next candidate)
[2026-09-22 00:18:42] GET /api/agents/6aa26c7ce0ac9a5ee05d2b95/conversations/6aa26c825d5b4135ae6b48b5 -> HTTP 403 (next candidate)
[2026-09-22 00:18:42] GET /api/agents/6aa26c7ce0ac9a5ee05d2b95/conversations -> HTTP 403 (next candidate)
[2026-09-22 00:18:53] GET /api/agents/6aa26c7ce0ac9a5ee05d2b95/conversations/6aa26c825d5b4135ae6b48b5/messages -> HTTP 403 (next candidate)
[2026-09-22 00:18:53] GET /api/agents/6aa26c7ce0ac9a5ee05d2b95/conversations/6aa26c825d5b4135ae6b48b5 -> HTTP 403 (next candidate)
[2026-09-22 00:18:53] GET /api/agents/6aa26c7ce0ac9a5ee05d2b95/conversations -> HTTP 403 (next candidate)
[2026-09-22 00:19:03] GET /api/agents/6aa26c7ce0ac9a5ee05d2b95/conversations/6aa26c825d5b4135ae6b48b5/messages -> HTTP 403 (next candidate)
[2026-09-22 00:19:03] GET /api/agents/6aa26c7ce0ac9a5ee05d2b95/conversations/6aa26c825d5b4135ae6b48b5 -> HTTP 403 (next candidate)
[2026-09-22 00:19:03] GET /api/agents/6aa26c7ce0ac9a5ee05d2b95/conversations -> HTTP 403 (next candidate)
[2026-09-22 00:19:13] GET /api/agents/6aa26c7ce0ac9a5ee05d2b95/conversations/6aa26c825d5b4135ae6b48b5/messages -> HTTP 403 (next candidate)
[2026-09-22 00:19:13] GET /api/agents/6aa26c7ce0ac9a5ee05d2b95/conversations/6aa26c825d5b4135ae6b48b5 -> HTTP 403 (next candidate)
[2026-09-22 00:19:13] GET /api/agents/6aa26c7ce0ac9a5ee05d2b95/conversations -> HTTP 403 (next candidate)
[2026-09-22 00:19:24] GET /api/agents/6aa26c7ce0ac9a5ee05d2b95/conversations/6aa26c825d5b4135ae6b48b5/messages -> HTTP 403 (next candidate)
[2026-09-22 00:19:24] GET /api/agents/6aa26c7ce0ac9a5ee05d2b95/conversations/6aa26c825d5b4135ae6b48b5 -> HTTP 403 (next candidate)
[2026-09-22 00:19:24] GET /api/agents/6aa26c7ce0ac9a5ee05d2b95/conversations -> HTTP 403 (next candidate)
[2026-09-22 00:19:34] GET /api/agents/6aa26c7ce0ac9a5ee05d2b95/conversations/6aa26c825d5b4135ae6b48b5/messages -> HTTP 403 (next candidate)
[2026-09-22 00:19:34] GET /api/agents/6aa26c7ce0ac9a5ee05d2b95/conversations/6aa26c825d5b4135ae6b48b5 -> HTTP 403 (next candidate)
[2026-09-22 00:19:34] GET /api/agents/6aa26c7ce0ac9a5ee05d2b95/conversations -> HTTP 403 (next candidate)
[2026-09-22 00:19:44] GET /api/agents/6aa26c7ce0ac9a5ee05d2b95/conversations/6aa26c825d5b4135ae6b48b5/messages -> HTTP 403 (next candidate)
[2026-09-22 00:19:44] GET /api/agents/6aa26c7ce0ac9a5ee05d2b95/conversations/6aa26c825d5b4135ae6b48b5 -> HTTP 403 (next candidate)
[2026-09-22 00:19:45] GET /api/agents/6aa26c7ce0ac9a5ee05d2b95/conversations -> HTTP 403 (next candidate)
[2026-09-22 00:19:55] GET /api/agents/6aa26c7ce0ac9a5ee05d2b95/conversations/6aa26c825d5b4135ae6b48b5/messages -> HTTP 403 (next candidate)
[2026-09-22 00:19:55] GET /api/agents/6aa26c7ce0ac9a5ee05d2b95/conversations/6aa26c825d5b4135ae6b48b5 -> HTTP 403 (next candidate)
[2026-09-22 00:19:55] GET /api/agents/6aa26c7ce0ac9a5ee05d2b95/conversations -> HTTP 403 (next candidate)
[2026-09-22 00:20:05] GET /api/agents/6aa26c7ce0ac9a5ee05d2b95/conversations/6aa26c825d5b4135ae6b48b5/messages -> HTTP 403 (next candidate)
[2026-09-22 00:20:05] GET /api/agents/6aa26c7ce0ac9a5ee05d2b95/conversations/6aa26c825d5b4135ae6b48b5 -> HTTP 403 (next candidate)
[2026-09-22 00:20:05] GET /api/agents/6aa26c7ce0ac9a5ee05d2b95/conversations -> HTTP 403 (next candidate)
[2026-09-22 00:20:15] GET /api/agents/6aa26c7ce0ac9a5ee05d2b95/conversations/6aa26c825d5b4135ae6b48b5/messages -> HTTP 403 (next candidate)
[2026-09-22 00:20:16] GET /api/agents/6aa26c7ce0ac9a5ee05d2b95/conversations/6aa26c825d5b4135ae6b48b5 -> HTTP 403 (next candidate)
[2026-09-22 00:20:16] GET /api/agents/6aa26c7ce0ac9a5ee05d2b95/conversations -> HTTP 403 (next candidate)
[2026-09-22 00:20:26] GET /api/agents/6aa26c7ce0ac9a5ee05d2b95/conversations/6aa26c825d5b4135ae6b48b5/messages -> HTTP 403 (next candidate)
[2026-09-22 00:20:26] GET /api/agents/6aa26c7ce0ac9a5ee05d2b95/conversations/6aa26c825d5b4135ae6b48b5 -> HTTP 403 (next candidate)
[2026-09-22 00:20:26] GET /api/agents/6aa26c7ce0ac9a5ee05d2b95/conversations -> HTTP 403 (next candidate)
[2026-09-22 00:20:36] GET /api/agents/6aa26c7ce0ac9a5ee05d2b95/conversations/6aa26c825d5b4135ae6b48b5/messages -> HTTP 403 (next candidate)
[2026-09-22 00:20:36] GET /api/agents/6aa26c7ce0ac9a5ee05d2b95/conversations/6aa26c825d5b4135ae6b48b5 -> HTTP 403 (next candidate)
[2026-09-22 00:20:36] GET /api/agents/6aa26c7ce0ac9a5ee05d2b95/conversations -> HTTP 403 (next candidate)
[2026-09-22 00:20:47] GET /api/agents/6aa26c7ce0ac9a5ee05d2b95/conversations/6aa26c825d5b4135ae6b48b5/messages -> HTTP 403 (next candidate)
[2026-09-22 00:20:47] GET /api/agents/6aa26c7ce0ac9a5ee05d2b95/conversations/6aa26c825d5b4135ae6b48b5 -> HTTP 403 (next candidate)
[2026-09-22 00:20:47] GET /api/agents/6aa26c7ce0ac9a5ee05d2b95/conversations -> HTTP 403 (next candidate)
[2026-09-22 00:20:57] GET /api/agents/6aa26c7ce0ac9a5ee05d2b95/conversations/6aa26c825d5b4135ae6b48b5/messages -> HTTP 403 (next candidate)
[2026-09-22 00:20:57] GET /api/agents/6aa26c7ce0ac9a5ee05d2b95/conversations/6aa26c825d5b4135ae6b48b5 -> HTTP 403 (next candidate)
[2026-09-22 00:20:57] GET /api/agents/6aa26c7ce0ac9a5ee05d2b95/conversations -> HTTP 403 (next candidate)
[2026-09-22 00:21:07] GET /api/agents/6aa26c7ce0ac9a5ee05d2b95/conversations/6aa26c825d5b4135ae6b48b5/messages -> HTTP 403 (next candidate)
[2026-09-22 00:21:08] GET /api/agents/6aa26c7ce0ac9a5ee05d2b95/conversations/6aa26c825d5b4135ae6b48b5 -> HTTP 403 (next candidate)
[2026-09-22 00:21:08] GET /api/agents/6aa26c7ce0ac9a5ee05d2b95/conversations -> HTTP 403 (next candidate)
[2026-09-22 00:21:18] GET /api/agents/6aa26c7ce0ac9a5ee05d2b95/conversations/6aa26c825d5b4135ae6b48b5/messages -> HTTP 403 (next candidate)
[2026-09-22 00:21:18] GET /api/agents/6aa26c7ce0ac9a5ee05d2b95/conversations/6aa26c825d5b4135ae6b48b5 -> HTTP 403 (next candidate)
[2026-09-22 00:21:18] GET /api/agents/6aa26c7ce0ac9a5ee05d2b95/conversations -> HTTP 403 (next candidate)
[2026-09-22 00:21:28] GET /api/agents/6aa26c7ce0ac9a5ee05d2b95/conversations/6aa26c825d5b4135ae6b48b5/messages -> HTTP 403 (next candidate)
[2026-09-22 00:21:28] GET /api/agents/6aa26c7ce0ac9a5ee05d2b95/conversations/6aa26c825d5b4135ae6b48b5 -> HTTP 403 (next candidate)
[2026-09-22 00:21:29] GET /api/agents/6aa26c7ce0ac9a5ee05d2b95/conversations -> HTTP 403 (next candidate)
[2026-09-22 00:21:39] GET /api/agents/6aa26c7ce0ac9a5ee05d2b95/conversations/6aa26c825d5b4135ae6b48b5/messages -> HTTP 403 (next candidate)
[2026-09-22 00:21:39] GET /api/agents/6aa26c7ce0ac9a5ee05d2b95/conversations/6aa26c825d5b4135ae6b48b5 -> HTTP 403 (next candidate)
[2026-09-22 00:21:39] GET /api/agents/6aa26c7ce0ac9a5ee05d2b95/conversations -> HTTP 403 (next candidate)
[2026-09-22 00:21:49] GET /api/agents/6aa26c7ce0ac9a5ee05d2b95/conversations/6aa26c825d5b4135ae6b48b5/messages -> HTTP 403 (next candidate)
[2026-09-22 00:21:49] GET /api/agents/6aa26c7ce0ac9a5ee05d2b95/conversations/6aa26c825d5b4135ae6b48b5 -> HTTP 403 (next candidate)
[2026-09-22 00:21:49] GET /api/agents/6aa26c7ce0ac9a5ee05d2b95/conversations -> HTTP 403 (next candidate)
[2026-09-22 00:21:59] GET /api/agents/6aa26c7ce0ac9a5ee05d2b95/conversations/6aa26c825d5b4135ae6b48b5/messages -> HTTP 403 (next candidate)
[2026-09-22 00:21:59] GET /api/agents/6aa26c7ce0ac9a5ee05d2b95/conversations/6aa26c825d5b4135ae6b48b5 -> HTTP 403 (next candidate)
[2026-09-22 00:22:00] GET /api/agents/6aa26c7ce0ac9a5ee05d2b95/conversations -> HTTP 403 (next candidate)
[2026-09-22 00:22:10] GET /api/agents/6aa26c7ce0ac9a5ee05d2b95/conversations/6aa26c825d5b4135ae6b48b5/messages -> HTTP 403 (next candidate)
[2026-09-22 00:22:10] GET /api/agents/6aa26c7ce0ac9a5ee05d2b95/conversations/6aa26c825d5b4135ae6b48b5 -> HTTP 403 (next candidate)
[2026-09-22 00:22:10] GET /api/agents/6aa26c7ce0ac9a5ee05d2b95/conversations -> HTTP 403 (next candidate)
[2026-09-22 00:22:20] GET /api/agents/6aa26c7ce0ac9a5ee05d2b95/conversations/6aa26c825d5b4135ae6b48b5/messages -> HTTP 403 (next candidate)
[2026-09-22 00:22:20] GET /api/agents/6aa26c7ce0ac9a5ee05d2b95/conversations/6aa26c825d5b4135ae6b48b5 -> HTTP 403 (next candidate)
[2026-09-22 00:22:20] GET /api/agents/6aa26c7ce0ac9a5ee05d2b95/conversations -> HTTP 403 (next candidate)
[2026-09-22 00:22:30] GET /api/agents/6aa26c7ce0ac9a5ee05d2b95/conversations/6aa26c825d5b4135ae6b48b5/messages -> HTTP 403 (next candidate)
[2026-09-22 00:22:31] GET /api/agents/6aa26c7ce0ac9a5ee05d2b95/conversations/6aa26c825d5b4135ae6b48b5 -> HTTP 403 (next candidate)
[2026-09-22 00:22:31] GET /api/agents/6aa26c7ce0ac9a5ee05d2b95/conversations -> HTTP 403 (next candidate)
[2026-09-22 00:22:41] GET /api/agents/6aa26c7ce0ac9a5ee05d2b95/conversations/6aa26c825d5b4135ae6b48b5/messages -> HTTP 403 (next candidate)
[2026-09-22 00:22:41] GET /api/agents/6aa26c7ce0ac9a5ee05d2b95/conversations/6aa26c825d5b4135ae6b48b5 -> HTTP 403 (next candidate)
[2026-09-22 00:22:41] GET /api/agents/6aa26c7ce0ac9a5ee05d2b95/conversations -> HTTP 403 (next candidate)
[2026-09-22 00:22:51] GET /api/agents/6aa26c7ce0ac9a5ee05d2b95/conversations/6aa26c825d5b4135ae6b48b5/messages -> HTTP 403 (next candidate)
[2026-09-22 00:22:51] GET /api/agents/6aa26c7ce0ac9a5ee05d2b95/conversations/6aa26c825d5b4135ae6b48b5 -> HTTP 403 (next candidate)
[2026-09-22 00:22:51] GET /api/agents/6aa26c7ce0ac9a5ee05d2b95/conversations -> HTTP 403 (next candidate)
[2026-09-22 00:23:02] GET /api/agents/6aa26c7ce0ac9a5ee05d2b95/conversations/6aa26c825d5b4135ae6b48b5/messages -> HTTP 403 (next candidate)
[2026-09-22 00:23:02] GET /api/agents/6aa26c7ce0ac9a5ee05d2b95/conversations/6aa26c825d5b4135ae6b48b5 -> HTTP 403 (next candidate)
[2026-09-22 00:23:02] GET /api/agents/6aa26c7ce0ac9a5ee05d2b95/conversations -> HTTP 403 (next candidate)
[2026-09-22 00:23:12] GET /api/agents/6aa26c7ce0ac9a5ee05d2b95/conversations/6aa26c825d5b4135ae6b48b5/messages -> HTTP 403 (next candidate)
[2026-09-22 00:23:12] GET /api/agents/6aa26c7ce0ac9a5ee05d2b95/conversations/6aa26c825d5b4135ae6b48b5 -> HTTP 403 (next candidate)
[2026-09-22 00:23:12] GET /api/agents/6aa26c7ce0ac9a5ee05d2b95/conversations -> HTTP 403 (next candidate)
[2026-09-22 00:23:22] GET /api/agents/6aa26c7ce0ac9a5ee05d2b95/conversations/6aa26c825d5b4135ae6b48b5/messages -> HTTP 403 (next candidate)
[2026-09-22 00:23:22] GET /api/agents/6aa26c7ce0ac9a5ee05d2b95/conversations/6aa26c825d5b4135ae6b48b5 -> HTTP 403 (next candidate)
[2026-09-22 00:23:22] GET /api/agents/6aa26c7ce0ac9a5ee05d2b95/conversations -> HTTP 403 (next candidate)
[2026-09-22 00:23:32] GET /api/agents/6aa26c7ce0ac9a5ee05d2b95/conversations/6aa26c825d5b4135ae6b48b5/messages -> HTTP 403 (next candidate)
[2026-09-22 00:23:33] GET /api/agents/6aa26c7ce0ac9a5ee05d2b95/conversations/6aa26c825d5b4135ae6b48b5 -> HTTP 403 (next candidate)
[2026-09-22 00:23:33] GET /api/agents/6aa26c7ce0ac9a5ee05d2b95/conversations -> HTTP 403 (next candidate)
[2026-09-22 00:23:43] GET /api/agents/6aa26c7ce0ac9a5ee05d2b95/conversations/6aa26c825d5b4135ae6b48b5/messages -> HTTP 403 (next candidate)
[2026-09-22 00:23:43] GET /api/agents/6aa26c7ce0ac9a5ee05d2b95/conversations/6aa26c825d5b4135ae6b48b5 -> HTTP 403 (next candidate)
[2026-09-22 00:23:43] GET /api/agents/6aa26c7ce0ac9a5ee05d2b95/conversations -> HTTP 403 (next candidate)
[2026-09-22 00:23:53] GET /api/agents/6aa26c7ce0ac9a5ee05d2b95/conversations/6aa26c825d5b4135ae6b48b5/messages -> HTTP 403 (next candidate)
[2026-09-22 00:23:53] GET /api/agents/6aa26c7ce0ac9a5ee05d2b95/conversations/6aa26c825d5b4135ae6b48b5 -> HTTP 403 (next candidate)
[2026-09-22 00:23:53] GET /api/agents/6aa26c7ce0ac9a5ee05d2b95/conversations -> HTTP 403 (next candidate)
[2026-09-22 00:24:03] GET /api/agents/6aa26c7ce0ac9a5ee05d2b95/conversations/6aa26c825d5b4135ae6b48b5/messages -> HTTP 403 (next candidate)
[2026-09-22 00:24:04] GET /api/agents/6aa26c7ce0ac9a5ee05d2b95/conversations/6aa26c825d5b4135ae6b48b5 -> HTTP 403 (next candidate)
[2026-09-22 00:24:04] GET /api/agents/6aa26c7ce0ac9a5ee05d2b95/conversations -> HTTP 403 (next candidate)
[2026-09-22 00:24:14] GET /api/agents/6aa26c7ce0ac9a5ee05d2b95/conversations/6aa26c825d5b4135ae6b48b5/messages -> HTTP 403 (next candidate)
[2026-09-22 00:24:14] GET /api/agents/6aa26c7ce0ac9a5ee05d2b95/conversations/6aa26c825d5b4135ae6b48b5 -> HTTP 403 (next candidate)
[2026-09-22 00:24:14] GET /api/agents/6aa26c7ce0ac9a5ee05d2b95/conversations -> HTTP 403 (next candidate)
[2026-09-22 00:24:24] GET /api/agents/6aa26c7ce0ac9a5ee05d2b95/conversations/6aa26c825d5b4135ae6b48b5/messages -> HTTP 403 (next candidate)
[2026-09-22 00:24:24] GET /api/agents/6aa26c7ce0ac9a5ee05d2b95/conversations/6aa26c825d5b4135ae6b48b5 -> HTTP 403 (next candidate)
[2026-09-22 00:24:24] GET /api/agents/6aa26c7ce0ac9a5ee05d2b95/conversations -> HTTP 403 (next candidate)
[2026-09-22 00:24:34] GET /api/agents/6aa26c7ce0ac9a5ee05d2b95/conversations/6aa26c825d5b4135ae6b48b5/messages -> HTTP 403 (next candidate)
[2026-09-22 00:24:35] GET /api/agents/6aa26c7ce0ac9a5ee05d2b95/conversations/6aa26c825d5b4135ae6b48b5 -> HTTP 403 (next candidate)
[2026-09-22 00:24:35] GET /api/agents/6aa26c7ce0ac9a5ee05d2b95/conversations -> HTTP 403 (next candidate)
[2026-09-22 00:24:45] GET /api/agents/6aa26c7ce0ac9a5ee05d2b95/conversations/6aa26c825d5b4135ae6b48b5/messages -> HTTP 403 (next candidate)
[2026-09-22 00:24:45] GET /api/agents/6aa26c7ce0ac9a5ee05d2b95/conversations/6aa26c825d5b4135ae6b48b5 -> HTTP 403 (next candidate)
[2026-09-22 00:24:45] GET /api/agents/6aa26c7ce0ac9a5ee05d2b95/conversations -> HTTP 403 (next candidate)
[2026-09-22 00:24:55] GET /api/agents/6aa26c7ce0ac9a5ee05d2b95/conversations/6aa26c825d5b4135ae6b48b5/messages -> HTTP 403 (next candidate)
[2026-09-22 00:24:55] GET /api/agents/6aa26c7ce0ac9a5ee05d2b95/conversations/6aa26c825d5b4135ae6b48b5 -> HTTP 403 (next candidate)
[2026-09-22 00:24:55] GET /api/agents/6aa26c7ce0ac9a5ee05d2b95/conversations -> HTTP 403 (next candidate)
[2026-09-22 00:25:05] GET /api/agents/6aa26c7ce0ac9a5ee05d2b95/conversations/6aa26c825d5b4135ae6b48b5/messages -> HTTP 403 (next candidate)
[2026-09-22 00:25:05] GET /api/agents/6aa26c7ce0ac9a5ee05d2b95/conversations/6aa26c825d5b4135ae6b48b5 -> HTTP 403 (next candidate)
[2026-09-22 00:25:06] GET /api/agents/6aa26c7ce0ac9a5ee05d2b95/conversations -> HTTP 403 (next candidate)
[2026-09-22 00:25:16] GET /api/agents/6aa26c7ce0ac9a5ee05d2b95/conversations/6aa26c825d5b4135ae6b48b5/messages -> HTTP 403 (next candidate)
[2026-09-22 00:25:16] GET /api/agents/6aa26c7ce0ac9a5ee05d2b95/conversations/6aa26c825d5b4135ae6b48b5 -> HTTP 403 (next candidate)
[2026-09-22 00:25:16] GET /api/agents/6aa26c7ce0ac9a5ee05d2b95/conversations -> HTTP 403 (next candidate)
[2026-09-22 00:25:26] GET /api/agents/6aa26c7ce0ac9a5ee05d2b95/conversations/6aa26c825d5b4135ae6b48b5/messages -> HTTP 403 (next candidate)
[2026-09-22 00:25:26] GET /api/agents/6aa26c7ce0ac9a5ee05d2b95/conversations/6aa26c825d5b4135ae6b48b5 -> HTTP 403 (next candidate)
[2026-09-22 00:25:26] GET /api/agents/6aa26c7ce0ac9a5ee05d2b95/conversations -> HTTP 403 (next candidate)
[2026-09-22 00:25:36] GET /api/agents/6aa26c7ce0ac9a5ee05d2b95/conversations/6aa26c825d5b4135ae6b48b5/messages -> HTTP 403 (next candidate)
[2026-09-22 00:25:36] GET /api/agents/6aa26c7ce0ac9a5ee05d2b95/conversations/6aa26c825d5b4135ae6b48b5 -> HTTP 403 (next candidate)
[2026-09-22 00:25:37] GET /api/agents/6aa26c7ce0ac9a5ee05d2b95/conversations -> HTTP 403 (next candidate)
[2026-09-22 00:25:47] GET /api/agents/6aa26c7ce0ac9a5ee05d2b95/conversations/6aa26c825d5b4135ae6b48b5/messages -> HTTP 403 (next candidate)
[2026-09-22 00:25:47] GET /api/agents/6aa26c7ce0ac9a5ee05d2b95/conversations/6aa26c825d5b4135ae6b48b5 -> HTTP 403 (next candidate)
[2026-09-22 00:25:47] GET /api/agents/6aa26c7ce0ac9a5ee05d2b95/conversations -> HTTP 403 (next candidate)
[2026-09-22 00:25:57] GET /api/agents/6aa26c7ce0ac9a5ee05d2b95/conversations/6aa26c825d5b4135ae6b48b5/messages -> HTTP 403 (next candidate)
[2026-09-22 00:25:57] GET /api/agents/6aa26c7ce0ac9a5ee05d2b95/conversations/6aa26c825d5b4135ae6b48b5 -> HTTP 403 (next candidate)
[2026-09-22 00:25:57] GET /api/agents/6aa26c7ce0ac9a5ee05d2b95/conversations -> HTTP 403 (next candidate)
[2026-09-22 00:26:07] GET /api/agents/6aa26c7ce0ac9a5ee05d2b95/conversations/6aa26c825d5b4135ae6b48b5/messages -> HTTP 403 (next candidate)
[2026-09-22 00:26:07] GET /api/agents/6aa26c7ce0ac9a5ee05d2b95/conversations/6aa26c825d5b4135ae6b48b5 -> HTTP 403 (next candidate)
[2026-09-22 00:26:07] GET /api/agents/6aa26c7ce0ac9a5ee05d2b95/conversations -> HTTP 403 (next candidate)
[2026-09-22 00:26:18] GET /api/agents/6aa26c7ce0ac9a5ee05d2b95/conversations/6aa26c825d5b4135ae6b48b5/messages -> HTTP 403 (next candidate)
[2026-09-22 00:26:18] GET /api/agents/6aa26c7ce0ac9a5ee05d2b95/conversations/6aa26c825d5b4135ae6b48b5 -> HTTP 403 (next candidate)
[2026-09-22 00:26:18] GET /api/agents/6aa26c7ce0ac9a5ee05d2b95/conversations -> HTTP 403 (next candidate)
[2026-09-22 00:26:28] GET /api/agents/6aa26c7ce0ac9a5ee05d2b95/conversations/6aa26c825d5b4135ae6b48b5/messages -> HTTP 403 (next candidate)
[2026-09-22 00:26:28] GET /api/agents/6aa26c7ce0ac9a5ee05d2b95/conversations/6aa26c825d5b4135ae6b48b5 -> HTTP 403 (next candidate)
[2026-09-22 00:26:28] GET /api/agents/6aa26c7ce0ac9a5ee05d2b95/conversations -> HTTP 403 (next candidate)
[2026-09-22 00:26:38] GET /api/agents/6aa26c7ce0ac9a5ee05d2b95/conversations/6aa26c825d5b4135ae6b48b5/messages -> HTTP 403 (next candidate)
[2026-09-22 00:26:38] GET /api/agents/6aa26c7ce0ac9a5ee05d2b95/conversations/6aa26c825d5b4135ae6b48b5 -> HTTP 403 (next candidate)
[2026-09-22 00:26:39] GET /api/agents/6aa26c7ce0ac9a5ee05d2b95/conversations -> HTTP 403 (next candidate)
[2026-09-22 00:26:49] GET /api/agents/6aa26c7ce0ac9a5ee05d2b95/conversations/6aa26c825d5b4135ae6b48b5/messages -> HTTP 403 (next candidate)
[2026-09-22 00:26:49] GET /api/agents/6aa26c7ce0ac9a5ee05d2b95/conversations/6aa26c825d5b4135ae6b48b5 -> HTTP 403 (next candidate)
[2026-09-22 00:26:49] GET /api/agents/6aa26c7ce0ac9a5ee05d2b95/conversations -> HTTP 403 (next candidate)
[2026-09-22 00:26:59] GET /api/agents/6aa26c7ce0ac9a5ee05d2b95/conversations/6aa26c825d5b4135ae6b48b5/messages -> HTTP 403 (next candidate)
[2026-09-22 00:26:59] GET /api/agents/6aa26c7ce0ac9a5ee05d2b95/conversations/6aa26c825d5b4135ae6b48b5 -> HTTP 403 (next candidate)
[2026-09-22 00:26:59] GET /api/agents/6aa26c7ce0ac9a5ee05d2b95/conversations -> HTTP 403 (next candidate)
[2026-09-22 00:27:09] GET /api/agents/6aa26c7ce0ac9a5ee05d2b95/conversations/6aa26c825d5b4135ae6b48b5/messages -> HTTP 403 (next candidate)
[2026-09-22 00:27:09] GET /api/agents/6aa26c7ce0ac9a5ee05d2b95/conversations/6aa26c825d5b4135ae6b48b5 -> HTTP 403 (next candidate)
[2026-09-22 00:27:09] GET /api/agents/6aa26c7ce0ac9a5ee05d2b95/conversations -> HTTP 403 (next candidate)
[2026-09-22 00:27:20] GET /api/agents/6aa26c7ce0ac9a5ee05d2b95/conversations/6aa26c825d5b4135ae6b48b5/messages -> HTTP 403 (next candidate)
[2026-09-22 00:27:20] GET /api/agents/6aa26c7ce0ac9a5ee05d2b95/conversations/6aa26c825d5b4135ae6b48b5 -> HTTP 403 (next candidate)
[2026-09-22 00:27:20] GET /api/agents/6aa26c7ce0ac9a5ee05d2b95/conversations -> HTTP 403 (next candidate)
[2026-09-22 00:27:30] GET /api/agents/6aa26c7ce0ac9a5ee05d2b95/conversations/6aa26c825d5b4135ae6b48b5/messages -> HTTP 403 (next candidate)
[2026-09-22 00:27:30] GET /api/agents/6aa26c7ce0ac9a5ee05d2b95/conversations/6aa26c825d5b4135ae6b48b5 -> HTTP 403 (next candidate)
[2026-09-22 00:27:30] GET /api/agents/6aa26c7ce0ac9a5ee05d2b95/conversations -> HTTP 403 (next candidate)
[2026-09-22 00:27:40] GET /api/agents/6aa26c7ce0ac9a5ee05d2b95/conversations/6aa26c825d5b4135ae6b48b5/messages -> HTTP 403 (next candidate)
[2026-09-22 00:27:41] GET /api/agents/6aa26c7ce0ac9a5ee05d2b95/conversations/6aa26c825d5b4135ae6b48b5 -> HTTP 403 (next candidate)
[2026-09-22 00:27:41] GET /api/agents/6aa26c7ce0ac9a5ee05d2b95/conversations -> HTTP 403 (next candidate)
[2026-09-22 00:27:51] GET /api/agents/6aa26c7ce0ac9a5ee05d2b95/conversations/6aa26c825d5b4135ae6b48b5/messages -> HTTP 403 (next candidate)
[2026-09-22 00:27:51] GET /api/agents/6aa26c7ce0ac9a5ee05d2b95/conversations/6aa26c825d5b4135ae6b48b5 -> HTTP 403 (next candidate)
[2026-09-22 00:27:51] GET /api/agents/6aa26c7ce0ac9a5ee05d2b95/conversations -> HTTP 403 (next candidate)
[2026-09-22 00:28:01] GET /api/agents/6aa26c7ce0ac9a5ee05d2b95/conversations/6aa26c825d5b4135ae6b48b5/messages -> HTTP 403 (next candidate)
[2026-09-22 00:28:01] GET /api/agents/6aa26c7ce0ac9a5ee05d2b95/conversations/6aa26c825d5b4135ae6b48b5 -> HTTP 403 (next candidate)
[2026-09-22 00:28:01] GET /api/agents/6aa26c7ce0ac9a5ee05d2b95/conversations -> HTTP 403 (next candidate)
[2026-09-22 00:28:11] GET /api/agents/6aa26c7ce0ac9a5ee05d2b95/conversations/6aa26c825d5b4135ae6b48b5/messages -> HTTP 403 (next candidate)
[2026-09-22 00:28:11] GET /api/agents/6aa26c7ce0ac9a5ee05d2b95/conversations/6aa26c825d5b4135ae6b48b5 -> HTTP 403 (next candidate)
[2026-09-22 00:28:12] GET /api/agents/6aa26c7ce0ac9a5ee05d2b95/conversations -> HTTP 403 (next candidate)
[2026-09-22 00:28:22] GET /api/agents/6aa26c7ce0ac9a5ee05d2b95/conversations/6aa26c825d5b4135ae6b48b5/messages -> HTTP 403 (next candidate)
[2026-09-22 00:28:22] GET /api/agents/6aa26c7ce0ac9a5ee05d2b95/conversations/6aa26c825d5b4135ae6b48b5 -> HTTP 403 (next candidate)
[2026-09-22 00:28:23] GET /api/agents/6aa26c7ce0ac9a5ee05d2b95/conversations -> HTTP 403 (next candidate)
[2026-09-22 00:28:33] GET /api/agents/6aa26c7ce0ac9a5ee05d2b95/conversations/6aa26c825d5b4135ae6b48b5/messages -> HTTP 403 (next candidate)
[2026-09-22 00:28:33] GET /api/agents/6aa26c7ce0ac9a5ee05d2b95/conversations/6aa26c825d5b4135ae6b48b5 -> HTTP 403 (next candidate)
[2026-09-22 00:28:33] GET /api/agents/6aa26c7ce0ac9a5ee05d2b95/conversations -> HTTP 403 (next candidate)
[2026-09-22 00:28:43] GET /api/agents/6aa26c7ce0ac9a5ee05d2b95/conversations/6aa26c825d5b4135ae6b48b5/messages -> HTTP 403 (next candidate)
[2026-09-22 00:28:43] GET /api/agents/6aa26c7ce0ac9a5ee05d2b95/conversations/6aa26c825d5b4135ae6b48b5 -> HTTP 403 (next candidate)
[2026-09-22 00:28:43] GET /api/agents/6aa26c7ce0ac9a5ee05d2b95/conversations -> HTTP 403 (next candidate)
[2026-09-22 00:28:53] GET /api/agents/6aa26c7ce0ac9a5ee05d2b95/conversations/6aa26c825d5b4135ae6b48b5/messages -> HTTP 403 (next candidate)
[2026-09-22 00:28:54] GET /api/agents/6aa26c7ce0ac9a5ee05d2b95/conversations/6aa26c825d5b4135ae6b48b5 -> HTTP 403 (next candidate)
[2026-09-22 00:28:54] GET /api/agents/6aa26c7ce0ac9a5ee05d2b95/conversations -> HTTP 403 (next candidate)
[2026-09-22 00:29:04] GET /api/agents/6aa26c7ce0ac9a5ee05d2b95/conversations/6aa26c825d5b4135ae6b48b5/messages -> HTTP 403 (next candidate)
[2026-09-22 00:29:04] GET /api/agents/6aa26c7ce0ac9a5ee05d2b95/conversations/6aa26c825d5b4135ae6b48b5 -> HTTP 403 (next candidate)
[2026-09-22 00:29:04] GET /api/agents/6aa26c7ce0ac9a5ee05d2b95/conversations -> HTTP 403 (next candidate)
[2026-09-22 00:29:14] GET /api/agents/6aa26c7ce0ac9a5ee05d2b95/conversations/6aa26c825d5b4135ae6b48b5/messages -> HTTP 403 (next candidate)
[2026-09-22 00:29:15] GET /api/agents/6aa26c7ce0ac9a5ee05d2b95/conversations/6aa26c825d5b4135ae6b48b5 -> HTTP 403 (next candidate)
[2026-09-22 00:29:15] GET /api/agents/6aa26c7ce0ac9a5ee05d2b95/conversations -> HTTP 403 (next candidate)
[2026-09-22 00:29:25] GET /api/agents/6aa26c7ce0ac9a5ee05d2b95/conversations/6aa26c825d5b4135ae6b48b5/messages -> HTTP 403 (next candidate)
[2026-09-22 00:29:25] GET /api/agents/6aa26c7ce0ac9a5ee05d2b95/conversations/6aa26c825d5b4135ae6b48b5 -> HTTP 403 (next candidate)
[2026-09-22 00:29:25] GET /api/agents/6aa26c7ce0ac9a5ee05d2b95/conversations -> HTTP 403 (next candidate)
[2026-09-22 00:29:35] GET /api/agents/6aa26c7ce0ac9a5ee05d2b95/conversations/6aa26c825d5b4135ae6b48b5/messages -> HTTP 403 (next candidate)
[2026-09-22 00:29:35] GET /api/agents/6aa26c7ce0ac9a5ee05d2b95/conversations/6aa26c825d5b4135ae6b48b5 -> HTTP 403 (next candidate)
[2026-09-22 00:29:35] GET /api/agents/6aa26c7ce0ac9a5ee05d2b95/conversations -> HTTP 403 (next candidate)
[2026-09-22 00:29:45] GET /api/agents/6aa26c7ce0ac9a5ee05d2b95/conversations/6aa26c825d5b4135ae6b48b5/messages -> HTTP 403 (next candidate)
[2026-09-22 00:29:46] GET /api/agents/6aa26c7ce0ac9a5ee05d2b95/conversations/6aa26c825d5b4135ae6b48b5 -> HTTP 403 (next candidate)
[2026-09-22 00:29:46] GET /api/agents/6aa26c7ce0ac9a5ee05d2b95/conversations -> HTTP 403 (next candidate)
[2026-09-22 00:29:56] GET /api/agents/6aa26c7ce0ac9a5ee05d2b95/conversations/6aa26c825d5b4135ae6b48b5/messages -> HTTP 403 (next candidate)
[2026-09-22 00:29:56] GET /api/agents/6aa26c7ce0ac9a5ee05d2b95/conversations/6aa26c825d5b4135ae6b48b5 -> HTTP 403 (next candidate)
[2026-09-22 00:29:56] GET /api/agents/6aa26c7ce0ac9a5ee05d2b95/conversations -> HTTP 403 (next candidate)
[2026-09-22 00:30:06] GET /api/agents/6aa26c7ce0ac9a5ee05d2b95/conversations/6aa26c825d5b4135ae6b48b5/messages -> HTTP 403 (next candidate)
[2026-09-22 00:30:06] GET /api/agents/6aa26c7ce0ac9a5ee05d2b95/conversations/6aa26c825d5b4135ae6b48b5 -> HTTP 403 (next candidate)
[2026-09-22 00:30:06] GET /api/agents/6aa26c7ce0ac9a5ee05d2b95/conversations -> HTTP 403 (next candidate)
[2026-09-22 00:30:16] GET /api/agents/6aa26c7ce0ac9a5ee05d2b95/conversations/6aa26c825d5b4135ae6b48b5/messages -> HTTP 403 (next candidate)
[2026-09-22 00:30:17] GET /api/agents/6aa26c7ce0ac9a5ee05d2b95/conversations/6aa26c825d5b4135ae6b48b5 -> HTTP 403 (next candidate)
[2026-09-22 00:30:17] GET /api/agents/6aa26c7ce0ac9a5ee05d2b95/conversations -> HTTP 403 (next candidate)
[2026-09-22 00:30:27] GET /api/agents/6aa26c7ce0ac9a5ee05d2b95/conversations/6aa26c825d5b4135ae6b48b5/messages -> HTTP 403 (next candidate)
[2026-09-22 00:30:27] GET /api/agents/6aa26c7ce0ac9a5ee05d2b95/conversations/6aa26c825d5b4135ae6b48b5 -> HTTP 403 (next candidate)
[2026-09-22 00:30:27] GET /api/agents/6aa26c7ce0ac9a5ee05d2b95/conversations -> HTTP 403 (next candidate)
[2026-09-22 00:30:38] GET /api/agents/6aa26c7ce0ac9a5ee05d2b95/conversations/6aa26c825d5b4135ae6b48b5/messages -> HTTP 403 (next candidate)
[2026-09-22 00:30:38] GET /api/agents/6aa26c7ce0ac9a5ee05d2b95/conversations/6aa26c825d5b4135ae6b48b5 -> HTTP 403 (next candidate)
[2026-09-22 00:30:38] GET /api/agents/6aa26c7ce0ac9a5ee05d2b95/conversations -> HTTP 403 (next candidate)
[2026-09-22 00:30:48] GET /api/agents/6aa26c7ce0ac9a5ee05d2b95/conversations/6aa26c825d5b4135ae6b48b5/messages -> HTTP 403 (next candidate)
[2026-09-22 00:30:48] GET /api/agents/6aa26c7ce0ac9a5ee05d2b95/conversations/6aa26c825d5b4135ae6b48b5 -> HTTP 403 (next candidate)
[2026-09-22 00:30:48] GET /api/agents/6aa26c7ce0ac9a5ee05d2b95/conversations -> HTTP 403 (next candidate)
[2026-09-22 00:30:58] GET /api/agents/6aa26c7ce0ac9a5ee05d2b95/conversations/6aa26c825d5b4135ae6b48b5/messages -> HTTP 403 (next candidate)
[2026-09-22 00:30:58] GET /api/agents/6aa26c7ce0ac9a5ee05d2b95/conversations/6aa26c825d5b4135ae6b48b5 -> HTTP 403 (next candidate)
[2026-09-22 00:30:59] GET /api/agents/6aa26c7ce0ac9a5ee05d2b95/conversations -> HTTP 403 (next candidate)
[2026-09-22 00:31:09] GET /api/agents/6aa26c7ce0ac9a5ee05d2b95/conversations/6aa26c825d5b4135ae6b48b5/messages -> HTTP 403 (next candidate)
[2026-09-22 00:31:09] GET /api/agents/6aa26c7ce0ac9a5ee05d2b95/conversations/6aa26c825d5b4135ae6b48b5 -> HTTP 403 (next candidate)
[2026-09-22 00:31:09] GET /api/agents/6aa26c7ce0ac9a5ee05d2b95/conversations -> HTTP 403 (next candidate)
[2026-09-22 00:31:19] GET /api/agents/6aa26c7ce0ac9a5ee05d2b95/conversations/6aa26c825d5b4135ae6b48b5/messages -> HTTP 403 (next candidate)
[2026-09-22 00:31:19] GET /api/agents/6aa26c7ce0ac9a5ee05d2b95/conversations/6aa26c825d5b4135ae6b48b5 -> HTTP 403 (next candidate)
[2026-09-22 00:31:19] GET /api/agents/6aa26c7ce0ac9a5ee05d2b95/conversations -> HTTP 403 (next candidate)
[2026-09-22 00:31:29] GET /api/agents/6aa26c7ce0ac9a5ee05d2b95/conversations/6aa26c825d5b4135ae6b48b5/messages -> HTTP 403 (next candidate)
[2026-09-22 00:31:29] GET /api/agents/6aa26c7ce0ac9a5ee05d2b95/conversations/6aa26c825d5b4135ae6b48b5 -> HTTP 403 (next candidate)
[2026-09-22 00:31:30] GET /api/agents/6aa26c7ce0ac9a5ee05d2b95/conversations -> HTTP 403 (next candidate)
[2026-09-22 00:31:40] GET /api/agents/6aa26c7ce0ac9a5ee05d2b95/conversations/6aa26c825d5b4135ae6b48b5/messages -> HTTP 403 (next candidate)
[2026-09-22 00:31:40] GET /api/agents/6aa26c7ce0ac9a5ee05d2b95/conversations/6aa26c825d5b4135ae6b48b5 -> HTTP 403 (next candidate)
[2026-09-22 00:31:40] GET /api/agents/6aa26c7ce0ac9a5ee05d2b95/conversations -> HTTP 403 (next candidate)
[2026-09-22 00:31:50] GET /api/agents/6aa26c7ce0ac9a5ee05d2b95/conversations/6aa26c825d5b4135ae6b48b5/messages -> HTTP 403 (next candidate)
[2026-09-22 00:31:50] GET /api/agents/6aa26c7ce0ac9a5ee05d2b95/conversations/6aa26c825d5b4135ae6b48b5 -> HTTP 403 (next candidate)
[2026-09-22 00:31:50] GET /api/agents/6aa26c7ce0ac9a5ee05d2b95/conversations -> HTTP 403 (next candidate)
[2026-09-22 00:32:01] GET /api/agents/6aa26c7ce0ac9a5ee05d2b95/conversations/6aa26c825d5b4135ae6b48b5/messages -> HTTP 403 (next candidate)
[2026-09-22 00:32:01] GET /api/agents/6aa26c7ce0ac9a5ee05d2b95/conversations/6aa26c825d5b4135ae6b48b5 -> HTTP 403 (next candidate)
[2026-09-22 00:32:01] GET /api/agents/6aa26c7ce0ac9a5ee05d2b95/conversations -> HTTP 403 (next candidate)
[2026-09-22 00:32:11] GET /api/agents/6aa26c7ce0ac9a5ee05d2b95/conversations/6aa26c825d5b4135ae6b48b5/messages -> HTTP 403 (next candidate)
[2026-09-22 00:32:11] GET /api/agents/6aa26c7ce0ac9a5ee05d2b95/conversations/6aa26c825d5b4135ae6b48b5 -> HTTP 403 (next candidate)
[2026-09-22 00:32:11] GET /api/agents/6aa26c7ce0ac9a5ee05d2b95/conversations -> HTTP 403 (next candidate)
[2026-09-22 00:32:21] GET /api/agents/6aa26c7ce0ac9a5ee05d2b95/conversations/6aa26c825d5b4135ae6b48b5/messages -> HTTP 403 (next candidate)
[2026-09-22 00:32:21] GET /api/agents/6aa26c7ce0ac9a5ee05d2b95/conversations/6aa26c825d5b4135ae6b48b5 -> HTTP 403 (next candidate)
[2026-09-22 00:32:21] GET /api/agents/6aa26c7ce0ac9a5ee05d2b95/conversations -> HTTP 403 (next candidate)
[2026-09-22 00:32:32] GET /api/agents/6aa26c7ce0ac9a5ee05d2b95/conversations/6aa26c825d5b4135ae6b48b5/messages -> HTTP 403 (next candidate)
[2026-09-22 00:32:32] GET /api/agents/6aa26c7ce0ac9a5ee05d2b95/conversations/6aa26c825d5b4135ae6b48b5 -> HTTP 403 (next candidate)
[2026-09-22 00:32:32] GET /api/agents/6aa26c7ce0ac9a5ee05d2b95/conversations -> HTTP 403 (next candidate)
[2026-09-22 00:32:42] GET /api/agents/6aa26c7ce0ac9a5ee05d2b95/conversations/6aa26c825d5b4135ae6b48b5/messages -> HTTP 403 (next candidate)
[2026-09-22 00:32:42] GET /api/agents/6aa26c7ce0ac9a5ee05d2b95/conversations/6aa26c825d5b4135ae6b48b5 -> HTTP 403 (next candidate)
[2026-09-22 00:32:42] GET /api/agents/6aa26c7ce0ac9a5ee05d2b95/conversations -> HTTP 403 (next candidate)
[2026-09-22 00:32:52] GET /api/agents/6aa26c7ce0ac9a5ee05d2b95/conversations/6aa26c825d5b4135ae6b48b5/messages -> HTTP 403 (next candidate)
[2026-09-22 00:32:52] GET /api/agents/6aa26c7ce0ac9a5ee05d2b95/conversations/6aa26c825d5b4135ae6b48b5 -> HTTP 403 (next candidate)
[2026-09-22 00:32:52] GET /api/agents/6aa26c7ce0ac9a5ee05d2b95/conversations -> HTTP 403 (next candidate)
[2026-09-22 00:33:02] GET /api/agents/6aa26c7ce0ac9a5ee05d2b95/conversations/6aa26c825d5b4135ae6b48b5/messages -> HTTP 403 (next candidate)
[2026-09-22 00:33:03] GET /api/agents/6aa26c7ce0ac9a5ee05d2b95/conversations/6aa26c825d5b4135ae6b48b5 -> HTTP 403 (next candidate)
[2026-09-22 00:33:03] GET /api/agents/6aa26c7ce0ac9a5ee05d2b95/conversations -> HTTP 403 (next candidate)
[2026-09-22 00:33:13] GET /api/agents/6aa26c7ce0ac9a5ee05d2b95/conversations/6aa26c825d5b4135ae6b48b5/messages -> HTTP 403 (next candidate)
[2026-09-22 00:33:13] GET /api/agents/6aa26c7ce0ac9a5ee05d2b95/conversations/6aa26c825d5b4135ae6b48b5 -> HTTP 403 (next candidate)
[2026-09-22 00:33:13] GET /api/agents/6aa26c7ce0ac9a5ee05d2b95/conversations -> HTTP 403 (next candidate)
[2026-09-22 00:33:23] GET /api/agents/6aa26c7ce0ac9a5ee05d2b95/conversations/6aa26c825d5b4135ae6b48b5/messages -> HTTP 403 (next candidate)
[2026-09-22 00:33:24] GET /api/agents/6aa26c7ce0ac9a5ee05d2b95/conversations/6aa26c825d5b4135ae6b48b5 -> HTTP 403 (next candidate)
[2026-09-22 00:33:24] GET /api/agents/6aa26c7ce0ac9a5ee05d2b95/conversations -> HTTP 403 (next candidate)
[2026-09-22 00:33:34] GET /api/agents/6aa26c7ce0ac9a5ee05d2b95/conversations/6aa26c825d5b4135ae6b48b5/messages -> HTTP 403 (next candidate)
[2026-09-22 00:33:34] GET /api/agents/6aa26c7ce0ac9a5ee05d2b95/conversations/6aa26c825d5b4135ae6b48b5 -> HTTP 403 (next candidate)
[2026-09-22 00:33:34] GET /api/agents/6aa26c7ce0ac9a5ee05d2b95/conversations -> HTTP 403 (next candidate)
[2026-09-22 00:33:44] GET /api/agents/6aa26c7ce0ac9a5ee05d2b95/conversations/6aa26c825d5b4135ae6b48b5/messages -> HTTP 403 (next candidate)
[2026-09-22 00:33:44] GET /api/agents/6aa26c7ce0ac9a5ee05d2b95/conversations/6aa26c825d5b4135ae6b48b5 -> HTTP 403 (next candidate)
[2026-09-22 00:33:44] GET /api/agents/6aa26c7ce0ac9a5ee05d2b95/conversations -> HTTP 403 (next candidate)
[2026-09-22 00:33:54] GET /api/agents/6aa26c7ce0ac9a5ee05d2b95/conversations/6aa26c825d5b4135ae6b48b5/messages -> HTTP 403 (next candidate)
[2026-09-22 00:33:55] GET /api/agents/6aa26c7ce0ac9a5ee05d2b95/conversations/6aa26c825d5b4135ae6b48b5 -> HTTP 403 (next candidate)
[2026-09-22 00:33:55] GET /api/agents/6aa26c7ce0ac9a5ee05d2b95/conversations -> HTTP 403 (next candidate)
[2026-09-22 00:34:05] GET /api/agents/6aa26c7ce0ac9a5ee05d2b95/conversations/6aa26c825d5b4135ae6b48b5/messages -> HTTP 403 (next candidate)
[2026-09-22 00:34:05] GET /api/agents/6aa26c7ce0ac9a5ee05d2b95/conversations/6aa26c825d5b4135ae6b48b5 -> HTTP 403 (next candidate)
[2026-09-22 00:34:05] GET /api/agents/6aa26c7ce0ac9a5ee05d2b95/conversations -> HTTP 403 (next candidate)
[2026-09-22 00:34:15] GET /api/agents/6aa26c7ce0ac9a5ee05d2b95/conversations/6aa26c825d5b4135ae6b48b5/messages -> HTTP 403 (next candidate)
[2026-09-22 00:34:15] GET /api/agents/6aa26c7ce0ac9a5ee05d2b95/conversations/6aa26c825d5b4135ae6b48b5 -> HTTP 403 (next candidate)
[2026-09-22 00:34:15] GET /api/agents/6aa26c7ce0ac9a5ee05d2b95/conversations -> HTTP 403 (next candidate)
[2026-09-22 00:34:26] GET /api/agents/6aa26c7ce0ac9a5ee05d2b95/conversations/6aa26c825d5b4135ae6b48b5/messages -> HTTP 403 (next candidate)
[2026-09-22 00:34:26] GET /api/agents/6aa26c7ce0ac9a5ee05d2b95/conversations/6aa26c825d5b4135ae6b48b5 -> HTTP 403 (next candidate)
[2026-09-22 00:34:26] GET /api/agents/6aa26c7ce0ac9a5ee05d2b95/conversations -> HTTP 403 (next candidate)
[2026-09-22 00:34:36] GET /api/agents/6aa26c7ce0ac9a5ee05d2b95/conversations/6aa26c825d5b4135ae6b48b5/messages -> HTTP 403 (next candidate)
[2026-09-22 00:34:37] GET /api/agents/6aa26c7ce0ac9a5ee05d2b95/conversations/6aa26c825d5b4135ae6b48b5 -> HTTP 403 (next candidate)
[2026-09-22 00:34:37] GET /api/agents/6aa26c7ce0ac9a5ee05d2b95/conversations -> HTTP 403 (next candidate)
[2026-09-22 00:34:47] GET /api/agents/6aa26c7ce0ac9a5ee05d2b95/conversations/6aa26c825d5b4135ae6b48b5/messages -> HTTP 403 (next candidate)
[2026-09-22 00:34:47] GET /api/agents/6aa26c7ce0ac9a5ee05d2b95/conversations/6aa26c825d5b4135ae6b48b5 -> HTTP 403 (next candidate)
[2026-09-22 00:34:47] GET /api/agents/6aa26c7ce0ac9a5ee05d2b95/conversations -> HTTP 403 (next candidate)
[2026-09-22 00:34:57] GET /api/agents/6aa26c7ce0ac9a5ee05d2b95/conversations/6aa26c825d5b4135ae6b48b5/messages -> HTTP 403 (next candidate)
[2026-09-22 00:34:57] GET /api/agents/6aa26c7ce0ac9a5ee05d2b95/conversations/6aa26c825d5b4135ae6b48b5 -> HTTP 403 (next candidate)
[2026-09-22 00:34:57] GET /api/agents/6aa26c7ce0ac9a5ee05d2b95/conversations -> HTTP 403 (next candidate)
[2026-09-22 00:35:07] GET /api/agents/6aa26c7ce0ac9a5ee05d2b95/conversations/6aa26c825d5b4135ae6b48b5/messages -> HTTP 403 (next candidate)
[2026-09-22 00:35:07] GET /api/agents/6aa26c7ce0ac9a5ee05d2b95/conversations/6aa26c825d5b4135ae6b48b5 -> HTTP 403 (next candidate)
[2026-09-22 00:35:08] GET /api/agents/6aa26c7ce0ac9a5ee05d2b95/conversations -> HTTP 403 (next candidate)
[2026-09-22 00:35:18] GET /api/agents/6aa26c7ce0ac9a5ee05d2b95/conversations/6aa26c825d5b4135ae6b48b5/messages -> HTTP 403 (next candidate)
[2026-09-22 00:35:18] GET /api/agents/6aa26c7ce0ac9a5ee05d2b95/conversations/6aa26c825d5b4135ae6b48b5 -> HTTP 403 (next candidate)
[2026-09-22 00:35:18] GET /api/agents/6aa26c7ce0ac9a5ee05d2b95/conversations -> HTTP 403 (next candidate)
[2026-09-22 00:35:28] GET /api/agents/6aa26c7ce0ac9a5ee05d2b95/conversations/6aa26c825d5b4135ae6b48b5/messages -> HTTP 403 (next candidate)
[2026-09-22 00:35:28] GET /api/agents/6aa26c7ce0ac9a5ee05d2b95/conversations/6aa26c825d5b4135ae6b48b5 -> HTTP 403 (next candidate)
[2026-09-22 00:35:28] GET /api/agents/6aa26c7ce0ac9a5ee05d2b95/conversations -> HTTP 403 (next candidate)
[2026-09-22 00:35:38] GET /api/agents/6aa26c7ce0ac9a5ee05d2b95/conversations/6aa26c825d5b4135ae6b48b5/messages -> HTTP 403 (next candidate)
[2026-09-22 00:35:38] GET /api/agents/6aa26c7ce0ac9a5ee05d2b95/conversations/6aa26c825d5b4135ae6b48b5 -> HTTP 403 (next candidate)
[2026-09-22 00:35:39] GET /api/agents/6aa26c7ce0ac9a5ee05d2b95/conversations -> HTTP 403 (next candidate)
[2026-09-22 00:35:49] GET /api/agents/6aa26c7ce0ac9a5ee05d2b95/conversations/6aa26c825d5b4135ae6b48b5/messages -> HTTP 403 (next candidate)
[2026-09-22 00:35:49] GET /api/agents/6aa26c7ce0ac9a5ee05d2b95/conversations/6aa26c825d5b4135ae6b48b5 -> HTTP 403 (next candidate)
[2026-09-22 00:35:49] GET /api/agents/6aa26c7ce0ac9a5ee05d2b95/conversations -> HTTP 403 (next candidate)
[2026-09-22 00:35:59] GET /api/agents/6aa26c7ce0ac9a5ee05d2b95/conversations/6aa26c825d5b4135ae6b48b5/messages -> HTTP 403 (next candidate)
[2026-09-22 00:35:59] GET /api/agents/6aa26c7ce0ac9a5ee05d2b95/conversations/6aa26c825d5b4135ae6b48b5 -> HTTP 403 (next candidate)
[2026-09-22 00:35:59] GET /api/agents/6aa26c7ce0ac9a5ee05d2b95/conversations -> HTTP 403 (next candidate)
[2026-09-22 00:36:09] GET /api/agents/6aa26c7ce0ac9a5ee05d2b95/conversations/6aa26c825d5b4135ae6b48b5/messages -> HTTP 403 (next candidate)
[2026-09-22 00:36:09] GET /api/agents/6aa26c7ce0ac9a5ee05d2b95/conversations/6aa26c825d5b4135ae6b48b5 -> HTTP 403 (next candidate)
[2026-09-22 00:36:10] GET /api/agents/6aa26c7ce0ac9a5ee05d2b95/conversations -> HTTP 403 (next candidate)
[2026-09-22 00:36:20] GET /api/agents/6aa26c7ce0ac9a5ee05d2b95/conversations/6aa26c825d5b4135ae6b48b5/messages -> HTTP 403 (next candidate)
[2026-09-22 00:36:20] GET /api/agents/6aa26c7ce0ac9a5ee05d2b95/conversations/6aa26c825d5b4135ae6b48b5 -> HTTP 403 (next candidate)
[2026-09-22 00:36:20] GET /api/agents/6aa26c7ce0ac9a5ee05d2b95/conversations -> HTTP 403 (next candidate)
[2026-09-22 00:36:30] GET /api/agents/6aa26c7ce0ac9a5ee05d2b95/conversations/6aa26c825d5b4135ae6b48b5/messages -> HTTP 403 (next candidate)
[2026-09-22 00:36:30] GET /api/agents/6aa26c7ce0ac9a5ee05d2b95/conversations/6aa26c825d5b4135ae6b48b5 -> HTTP 403 (next candidate)
[2026-09-22 00:36:30] GET /api/agents/6aa26c7ce0ac9a5ee05d2b95/conversations -> HTTP 403 (next candidate)
[2026-09-22 00:36:40] GET /api/agents/6aa26c7ce0ac9a5ee05d2b95/conversations/6aa26c825d5b4135ae6b48b5/messages -> HTTP 403 (next candidate)
[2026-09-22 00:36:41] GET /api/agents/6aa26c7ce0ac9a5ee05d2b95/conversations/6aa26c825d5b4135ae6b48b5 -> HTTP 403 (next candidate)
[2026-09-22 00:36:41] GET /api/agents/6aa26c7ce0ac9a5ee05d2b95/conversations -> HTTP 403 (next candidate)
[2026-09-22 00:36:51] GET /api/agents/6aa26c7ce0ac9a5ee05d2b95/conversations/6aa26c825d5b4135ae6b48b5/messages -> HTTP 403 (next candidate)
[2026-09-22 00:36:51] GET /api/agents/6aa26c7ce0ac9a5ee05d2b95/conversations/6aa26c825d5b4135ae6b48b5 -> HTTP 403 (next candidate)
[2026-09-22 00:36:51] GET /api/agents/6aa26c7ce0ac9a5ee05d2b95/conversations -> HTTP 403 (next candidate)
[2026-09-22 00:37:01] GET /api/agents/6aa26c7ce0ac9a5ee05d2b95/conversations/6aa26c825d5b4135ae6b48b5/messages -> HTTP 403 (next candidate)
[2026-09-22 00:37:01] GET /api/agents/6aa26c7ce0ac9a5ee05d2b95/conversations/6aa26c825d5b4135ae6b48b5 -> HTTP 403 (next candidate)
[2026-09-22 00:37:01] GET /api/agents/6aa26c7ce0ac9a5ee05d2b95/conversations -> HTTP 403 (next candidate)
[2026-09-22 00:37:11] GET /api/agents/6aa26c7ce0ac9a5ee05d2b95/conversations/6aa26c825d5b4135ae6b48b5/messages -> HTTP 403 (next candidate)
[2026-09-22 00:37:12] GET /api/agents/6aa26c7ce0ac9a5ee05d2b95/conversations/6aa26c825d5b4135ae6b48b5 -> HTTP 403 (next candidate)
[2026-09-22 00:37:12] GET /api/agents/6aa26c7ce0ac9a5ee05d2b95/conversations -> HTTP 403 (next candidate)
[2026-09-22 00:37:22] GET /api/agents/6aa26c7ce0ac9a5ee05d2b95/conversations/6aa26c825d5b4135ae6b48b5/messages -> HTTP 403 (next candidate)
[2026-09-22 00:37:22] GET /api/agents/6aa26c7ce0ac9a5ee05d2b95/conversations/6aa26c825d5b4135ae6b48b5 -> HTTP 403 (next candidate)
[2026-09-22 00:37:22] GET /api/agents/6aa26c7ce0ac9a5ee05d2b95/conversations -> HTTP 403 (next candidate)
[2026-09-22 00:37:33] GET /api/agents/6aa26c7ce0ac9a5ee05d2b95/conversations/6aa26c825d5b4135ae6b48b5/messages -> HTTP 403 (next candidate)
[2026-09-22 00:37:33] GET /api/agents/6aa26c7ce0ac9a5ee05d2b95/conversations/6aa26c825d5b4135ae6b48b5 -> HTTP 403 (next candidate)
[2026-09-22 00:37:33] GET /api/agents/6aa26c7ce0ac9a5ee05d2b95/conversations -> HTTP 403 (next candidate)
[2026-09-22 00:37:43] GET /api/agents/6aa26c7ce0ac9a5ee05d2b95/conversations/6aa26c825d5b4135ae6b48b5/messages -> HTTP 403 (next candidate)
[2026-09-22 00:37:43] GET /api/agents/6aa26c7ce0ac9a5ee05d2b95/conversations/6aa26c825d5b4135ae6b48b5 -> HTTP 403 (next candidate)
[2026-09-22 00:37:43] GET /api/agents/6aa26c7ce0ac9a5ee05d2b95/conversations -> HTTP 403 (next candidate)
[2026-09-22 00:37:53] GET /api/agents/6aa26c7ce0ac9a5ee05d2b95/conversations/6aa26c825d5b4135ae6b48b5/messages -> HTTP 403 (next candidate)
[2026-09-22 00:37:53] GET /api/agents/6aa26c7ce0ac9a5ee05d2b95/conversations/6aa26c825d5b4135ae6b48b5 -> HTTP 403 (next candidate)
[2026-09-22 00:37:53] GET /api/agents/6aa26c7ce0ac9a5ee05d2b95/conversations -> HTTP 403 (next candidate)
[2026-09-22 00:38:04] GET /api/agents/6aa26c7ce0ac9a5ee05d2b95/conversations/6aa26c825d5b4135ae6b48b5/messages -> HTTP 403 (next candidate)
[2026-09-22 00:38:04] GET /api/agents/6aa26c7ce0ac9a5ee05d2b95/conversations/6aa26c825d5b4135ae6b48b5 -> HTTP 403 (next candidate)
[2026-09-22 00:38:04] GET /api/agents/6aa26c7ce0ac9a5ee05d2b95/conversations -> HTTP 403 (next candidate)
[2026-09-22 00:38:14] GET /api/agents/6aa26c7ce0ac9a5ee05d2b95/conversations/6aa26c825d5b4135ae6b48b5/messages -> HTTP 403 (next candidate)
[2026-09-22 00:38:14] GET /api/agents/6aa26c7ce0ac9a5ee05d2b95/conversations/6aa26c825d5b4135ae6b48b5 -> HTTP 403 (next candidate)
[2026-09-22 00:38:14] GET /api/agents/6aa26c7ce0ac9a5ee05d2b95/conversations -> HTTP 403 (next candidate)
[2026-09-22 00:38:24] GET /api/agents/6aa26c7ce0ac9a5ee05d2b95/conversations/6aa26c825d5b4135ae6b48b5/messages -> HTTP 403 (next candidate)
[2026-09-22 00:38:24] GET /api/agents/6aa26c7ce0ac9a5ee05d2b95/conversations/6aa26c825d5b4135ae6b48b5 -> HTTP 403 (next candidate)
[2026-09-22 00:38:25] GET /api/agents/6aa26c7ce0ac9a5ee05d2b95/conversations -> HTTP 403 (next candidate)
[2026-09-22 00:38:35] GET /api/agents/6aa26c7ce0ac9a5ee05d2b95/conversations/6aa26c825d5b4135ae6b48b5/messages -> HTTP 403 (next candidate)
[2026-09-22 00:38:35] GET /api/agents/6aa26c7ce0ac9a5ee05d2b95/conversations/6aa26c825d5b4135ae6b48b5 -> HTTP 403 (next candidate)
[2026-09-22 00:38:35] GET /api/agents/6aa26c7ce0ac9a5ee05d2b95/conversations -> HTTP 403 (next candidate)
[2026-09-22 00:38:45] GET /api/agents/6aa26c7ce0ac9a5ee05d2b95/conversations/6aa26c825d5b4135ae6b48b5/messages -> HTTP 403 (next candidate)
[2026-09-22 00:38:45] GET /api/agents/6aa26c7ce0ac9a5ee05d2b95/conversations/6aa26c825d5b4135ae6b48b5 -> HTTP 403 (next candidate)
[2026-09-22 00:38:45] GET /api/agents/6aa26c7ce0ac9a5ee05d2b95/conversations -> HTTP 403 (next candidate)
[2026-09-22 00:38:55] GET /api/agents/6aa26c7ce0ac9a5ee05d2b95/conversations/6aa26c825d5b4135ae6b48b5/messages -> HTTP 403 (next candidate)
[2026-09-22 00:38:56] GET /api/agents/6aa26c7ce0ac9a5ee05d2b95/conversations/6aa26c825d5b4135ae6b48b5 -> HTTP 403 (next candidate)
[2026-09-22 00:38:56] GET /api/agents/6aa26c7ce0ac9a5ee05d2b95/conversations -> HTTP 403 (next candidate)
[2026-09-22 00:39:06] GET /api/agents/6aa26c7ce0ac9a5ee05d2b95/conversations/6aa26c825d5b4135ae6b48b5/messages -> HTTP 403 (next candidate)
[2026-09-22 00:39:06] GET /api/agents/6aa26c7ce0ac9a5ee05d2b95/conversations/6aa26c825d5b4135ae6b48b5 -> HTTP 403 (next candidate)
[2026-09-22 00:39:06] GET /api/agents/6aa26c7ce0ac9a5ee05d2b95/conversations -> HTTP 403 (next candidate)
[2026-09-22 00:39:16] GET /api/agents/6aa26c7ce0ac9a5ee05d2b95/conversations/6aa26c825d5b4135ae6b48b5/messages -> HTTP 403 (next candidate)
[2026-09-22 00:39:16] GET /api/agents/6aa26c7ce0ac9a5ee05d2b95/conversations/6aa26c825d5b4135ae6b48b5 -> HTTP 403 (next candidate)
[2026-09-22 00:39:16] GET /api/agents/6aa26c7ce0ac9a5ee05d2b95/conversations -> HTTP 403 (next candidate)
[2026-09-22 00:39:28] GET /api/agents/6aa26c7ce0ac9a5ee05d2b95/conversations/6aa26c825d5b4135ae6b48b5/messages -> HTTP 403 (next candidate)
[2026-09-22 00:39:28] GET /api/agents/6aa26c7ce0ac9a5ee05d2b95/conversations/6aa26c825d5b4135ae6b48b5 -> HTTP 403 (next candidate)
[2026-09-22 00:39:28] GET /api/agents/6aa26c7ce0ac9a5ee05d2b95/conversations -> HTTP 403 (next candidate)
[2026-09-22 00:39:38] GET /api/agents/6aa26c7ce0ac9a5ee05d2b95/conversations/6aa26c825d5b4135ae6b48b5/messages -> HTTP 403 (next candidate)
[2026-09-22 00:39:39] GET /api/agents/6aa26c7ce0ac9a5ee05d2b95/conversations/6aa26c825d5b4135ae6b48b5 -> HTTP 403 (next candidate)
[2026-09-22 00:39:39] GET /api/agents/6aa26c7ce0ac9a5ee05d2b95/conversations -> HTTP 403 (next candidate)
[2026-09-22 00:39:49] GET /api/agents/6aa26c7ce0ac9a5ee05d2b95/conversations/6aa26c825d5b4135ae6b48b5/messages -> HTTP 403 (next candidate)
[2026-09-22 00:39:49] GET /api/agents/6aa26c7ce0ac9a5ee05d2b95/conversations/6aa26c825d5b4135ae6b48b5 -> HTTP 403 (next candidate)
[2026-09-22 00:39:49] GET /api/agents/6aa26c7ce0ac9a5ee05d2b95/conversations -> HTTP 403 (next candidate)
[2026-09-22 00:39:59] GET /api/agents/6aa26c7ce0ac9a5ee05d2b95/conversations/6aa26c825d5b4135ae6b48b5/messages -> HTTP 403 (next candidate)
[2026-09-22 00:39:59] GET /api/agents/6aa26c7ce0ac9a5ee05d2b95/conversations/6aa26c825d5b4135ae6b48b5 -> HTTP 403 (next candidate)
[2026-09-22 00:39:59] GET /api/agents/6aa26c7ce0ac9a5ee05d2b95/conversations -> HTTP 403 (next candidate)
[2026-09-22 00:40:10] GET /api/agents/6aa26c7ce0ac9a5ee05d2b95/conversations/6aa26c825d5b4135ae6b48b5/messages -> HTTP 403 (next candidate)
[2026-09-22 00:40:10] GET /api/agents/6aa26c7ce0ac9a5ee05d2b95/conversations/6aa26c825d5b4135ae6b48b5 -> HTTP 403 (next candidate)
[2026-09-22 00:40:10] GET /api/agents/6aa26c7ce0ac9a5ee05d2b95/conversations -> HTTP 403 (next candidate)
[2026-09-22 00:40:20] GET /api/agents/6aa26c7ce0ac9a5ee05d2b95/conversations/6aa26c825d5b4135ae6b48b5/messages -> HTTP 403 (next candidate)
[2026-09-22 00:40:20] GET /api/agents/6aa26c7ce0ac9a5ee05d2b95/conversations/6aa26c825d5b4135ae6b48b5 -> HTTP 403 (next candidate)
[2026-09-22 00:40:20] GET /api/agents/6aa26c7ce0ac9a5ee05d2b95/conversations -> HTTP 403 (next candidate)
[2026-09-22 00:40:31] GET /api/agents/6aa26c7ce0ac9a5ee05d2b95/conversations/6aa26c825d5b4135ae6b48b5/messages -> HTTP 403 (next candidate)
[2026-09-22 00:40:31] GET /api/agents/6aa26c7ce0ac9a5ee05d2b95/conversations/6aa26c825d5b4135ae6b48b5 -> HTTP 403 (next candidate)
[2026-09-22 00:40:31] GET /api/agents/6aa26c7ce0ac9a5ee05d2b95/conversations -> HTTP 403 (next candidate)
[2026-09-22 00:40:41] GET /api/agents/6aa26c7ce0ac9a5ee05d2b95/conversations/6aa26c825d5b4135ae6b48b5/messages -> HTTP 403 (next candidate)
[2026-09-22 00:40:41] GET /api/agents/6aa26c7ce0ac9a5ee05d2b95/conversations/6aa26c825d5b4135ae6b48b5 -> HTTP 403 (next candidate)
[2026-09-22 00:40:41] GET /api/agents/6aa26c7ce0ac9a5ee05d2b95/conversations -> HTTP 403 (next candidate)
[2026-09-22 00:40:52] GET /api/agents/6aa26c7ce0ac9a5ee05d2b95/conversations/6aa26c825d5b4135ae6b48b5/messages -> HTTP 403 (next candidate)
[2026-09-22 00:40:52] GET /api/agents/6aa26c7ce0ac9a5ee05d2b95/conversations/6aa26c825d5b4135ae6b48b5 -> HTTP 403 (next candidate)
[2026-09-22 00:40:52] GET /api/agents/6aa26c7ce0ac9a5ee05d2b95/conversations -> HTTP 403 (next candidate)
[2026-09-22 00:41:02] GET /api/agents/6aa26c7ce0ac9a5ee05d2b95/conversations/6aa26c825d5b4135ae6b48b5/messages -> HTTP 403 (next candidate)
[2026-09-22 00:41:02] GET /api/agents/6aa26c7ce0ac9a5ee05d2b95/conversations/6aa26c825d5b4135ae6b48b5 -> HTTP 403 (next candidate)
[2026-09-22 00:41:02] GET /api/agents/6aa26c7ce0ac9a5ee05d2b95/conversations -> HTTP 403 (next candidate)
[2026-09-22 00:41:12] GET /api/agents/6aa26c7ce0ac9a5ee05d2b95/conversations/6aa26c825d5b4135ae6b48b5/messages -> HTTP 403 (next candidate)
[2026-09-22 00:41:12] GET /api/agents/6aa26c7ce0ac9a5ee05d2b95/conversations/6aa26c825d5b4135ae6b48b5 -> HTTP 403 (next candidate)
[2026-09-22 00:41:12] GET /api/agents/6aa26c7ce0ac9a5ee05d2b95/conversations -> HTTP 403 (next candidate)
[2026-09-22 00:41:23] GET /api/agents/6aa26c7ce0ac9a5ee05d2b95/conversations/6aa26c825d5b4135ae6b48b5/messages -> HTTP 403 (next candidate)
[2026-09-22 00:41:23] GET /api/agents/6aa26c7ce0ac9a5ee05d2b95/conversations/6aa26c825d5b4135ae6b48b5 -> HTTP 403 (next candidate)
[2026-09-22 00:41:23] GET /api/agents/6aa26c7ce0ac9a5ee05d2b95/conversations -> HTTP 403 (next candidate)
[2026-09-22 00:41:33] GET /api/agents/6aa26c7ce0ac9a5ee05d2b95/conversations/6aa26c825d5b4135ae6b48b5/messages -> HTTP 403 (next candidate)
[2026-09-22 00:41:33] GET /api/agents/6aa26c7ce0ac9a5ee05d2b95/conversations/6aa26c825d5b4135ae6b48b5 -> HTTP 403 (next candidate)
[2026-09-22 00:41:33] GET /api/agents/6aa26c7ce0ac9a5ee05d2b95/conversations -> HTTP 403 (next candidate)
[2026-09-22 00:41:43] GET /api/agents/6aa26c7ce0ac9a5ee05d2b95/conversations/6aa26c825d5b4135ae6b48b5/messages -> HTTP 403 (next candidate)
[2026-09-22 00:41:43] GET /api/agents/6aa26c7ce0ac9a5ee05d2b95/conversations/6aa26c825d5b4135ae6b48b5 -> HTTP 403 (next candidate)
[2026-09-22 00:41:44] GET /api/agents/6aa26c7ce0ac9a5ee05d2b95/conversations -> HTTP 403 (next candidate)
[2026-09-22 00:41:54] GET /api/agents/6aa26c7ce0ac9a5ee05d2b95/conversations/6aa26c825d5b4135ae6b48b5/messages -> HTTP 403 (next candidate)
[2026-09-22 00:41:54] GET /api/agents/6aa26c7ce0ac9a5ee05d2b95/conversations/6aa26c825d5b4135ae6b48b5 -> HTTP 403 (next candidate)
[2026-09-22 00:41:54] GET /api/agents/6aa26c7ce0ac9a5ee05d2b95/conversations -> HTTP 403 (next candidate)
[2026-09-22 00:42:04] GET /api/agents/6aa26c7ce0ac9a5ee05d2b95/conversations/6aa26c825d5b4135ae6b48b5/messages -> HTTP 403 (next candidate)
[2026-09-22 00:42:04] GET /api/agents/6aa26c7ce0ac9a5ee05d2b95/conversations/6aa26c825d5b4135ae6b48b5 -> HTTP 403 (next candidate)
[2026-09-22 00:42:04] GET /api/agents/6aa26c7ce0ac9a5ee05d2b95/conversations -> HTTP 403 (next candidate)
[2026-09-22 00:42:15] GET /api/agents/6aa26c7ce0ac9a5ee05d2b95/conversations/6aa26c825d5b4135ae6b48b5/messages -> HTTP 403 (next candidate)
[2026-09-22 00:42:15] GET /api/agents/6aa26c7ce0ac9a5ee05d2b95/conversations/6aa26c825d5b4135ae6b48b5 -> HTTP 403 (next candidate)
[2026-09-22 00:42:15] GET /api/agents/6aa26c7ce0ac9a5ee05d2b95/conversations -> HTTP 403 (next candidate)
[2026-09-22 00:42:25] GET /api/agents/6aa26c7ce0ac9a5ee05d2b95/conversations/6aa26c825d5b4135ae6b48b5/messages -> HTTP 403 (next candidate)
[2026-09-22 00:42:25] GET /api/agents/6aa26c7ce0ac9a5ee05d2b95/conversations/6aa26c825d5b4135ae6b48b5 -> HTTP 403 (next candidate)
[2026-09-22 00:42:25] GET /api/agents/6aa26c7ce0ac9a5ee05d2b95/conversations -> HTTP 403 (next candidate)
[2026-09-22 00:42:35] GET /api/agents/6aa26c7ce0ac9a5ee05d2b95/conversations/6aa26c825d5b4135ae6b48b5/messages -> HTTP 403 (next candidate)
[2026-09-22 00:42:35] GET /api/agents/6aa26c7ce0ac9a5ee05d2b95/conversations/6aa26c825d5b4135ae6b48b5 -> HTTP 403 (next candidate)
[2026-09-22 00:42:35] GET /api/agents/6aa26c7ce0ac9a5ee05d2b95/conversations -> HTTP 403 (next candidate)
[2026-09-22 00:42:46] GET /api/agents/6aa26c7ce0ac9a5ee05d2b95/conversations/6aa26c825d5b4135ae6b48b5/messages -> HTTP 403 (next candidate)
[2026-09-22 00:42:46] GET /api/agents/6aa26c7ce0ac9a5ee05d2b95/conversations/6aa26c825d5b4135ae6b48b5 -> HTTP 403 (next candidate)
[2026-09-22 00:42:46] GET /api/agents/6aa26c7ce0ac9a5ee05d2b95/conversations -> HTTP 403 (next candidate)
[2026-09-22 00:42:56] GET /api/agents/6aa26c7ce0ac9a5ee05d2b95/conversations/6aa26c825d5b4135ae6b48b5/messages -> HTTP 403 (next candidate)
[2026-09-22 00:42:56] GET /api/agents/6aa26c7ce0ac9a5ee05d2b95/conversations/6aa26c825d5b4135ae6b48b5 -> HTTP 403 (next candidate)
[2026-09-22 00:42:56] GET /api/agents/6aa26c7ce0ac9a5ee05d2b95/conversations -> HTTP 403 (next candidate)
[2026-09-22 00:43:06] GET /api/agents/6aa26c7ce0ac9a5ee05d2b95/conversations/6aa26c825d5b4135ae6b48b5/messages -> HTTP 403 (next candidate)
[2026-09-22 00:43:07] GET /api/agents/6aa26c7ce0ac9a5ee05d2b95/conversations/6aa26c825d5b4135ae6b48b5 -> HTTP 403 (next candidate)
[2026-09-22 00:43:07] GET /api/agents/6aa26c7ce0ac9a5ee05d2b95/conversations -> HTTP 403 (next candidate)
[2026-09-22 00:43:17] GET /api/agents/6aa26c7ce0ac9a5ee05d2b95/conversations/6aa26c825d5b4135ae6b48b5/messages -> HTTP 403 (next candidate)
[2026-09-22 00:43:17] GET /api/agents/6aa26c7ce0ac9a5ee05d2b95/conversations/6aa26c825d5b4135ae6b48b5 -> HTTP 403 (next candidate)
[2026-09-22 00:43:17] GET /api/agents/6aa26c7ce0ac9a5ee05d2b95/conversations -> HTTP 403 (next candidate)
[2026-09-22 00:43:27] GET /api/agents/6aa26c7ce0ac9a5ee05d2b95/conversations/6aa26c825d5b4135ae6b48b5/messages -> HTTP 403 (next candidate)
[2026-09-22 00:43:27] GET /api/agents/6aa26c7ce0ac9a5ee05d2b95/conversations/6aa26c825d5b4135ae6b48b5 -> HTTP 403 (next candidate)
[2026-09-22 00:43:28] GET /api/agents/6aa26c7ce0ac9a5ee05d2b95/conversations -> HTTP 403 (next candidate)
[2026-09-22 00:43:38] GET /api/agents/6aa26c7ce0ac9a5ee05d2b95/conversations/6aa26c825d5b4135ae6b48b5/messages -> HTTP 403 (next candidate)
[2026-09-22 00:43:38] GET /api/agents/6aa26c7ce0ac9a5ee05d2b95/conversations/6aa26c825d5b4135ae6b48b5 -> HTTP 403 (next candidate)
[2026-09-22 00:43:38] GET /api/agents/6aa26c7ce0ac9a5ee05d2b95/conversations -> HTTP 403 (next candidate)
[2026-09-22 00:43:48] GET /api/agents/6aa26c7ce0ac9a5ee05d2b95/conversations/6aa26c825d5b4135ae6b48b5/messages -> HTTP 403 (next candidate)
[2026-09-22 00:43:48] GET /api/agents/6aa26c7ce0ac9a5ee05d2b95/conversations/6aa26c825d5b4135ae6b48b5 -> HTTP 403 (next candidate)
[2026-09-22 00:43:48] GET /api/agents/6aa26c7ce0ac9a5ee05d2b95/conversations -> HTTP 403 (next candidate)
[2026-09-22 00:43:59] GET /api/agents/6aa26c7ce0ac9a5ee05d2b95/conversations/6aa26c825d5b4135ae6b48b5/messages -> HTTP 403 (next candidate)
[2026-09-22 00:43:59] GET /api/agents/6aa26c7ce0ac9a5ee05d2b95/conversations/6aa26c825d5b4135ae6b48b5 -> HTTP 403 (next candidate)
[2026-09-22 00:43:59] GET /api/agents/6aa26c7ce0ac9a5ee05d2b95/conversations -> HTTP 403 (next candidate)
[2026-09-22 00:44:09] GET /api/agents/6aa26c7ce0ac9a5ee05d2b95/conversations/6aa26c825d5b4135ae6b48b5/messages -> HTTP 403 (next candidate)
[2026-09-22 00:44:09] GET /api/agents/6aa26c7ce0ac9a5ee05d2b95/conversations/6aa26c825d5b4135ae6b48b5 -> HTTP 403 (next candidate)
[2026-09-22 00:44:09] GET /api/agents/6aa26c7ce0ac9a5ee05d2b95/conversations -> HTTP 403 (next candidate)
[2026-09-22 00:44:19] GET /api/agents/6aa26c7ce0ac9a5ee05d2b95/conversations/6aa26c825d5b4135ae6b48b5/messages -> HTTP 403 (next candidate)
[2026-09-22 00:44:19] GET /api/agents/6aa26c7ce0ac9a5ee05d2b95/conversations/6aa26c825d5b4135ae6b48b5 -> HTTP 403 (next candidate)
[2026-09-22 00:44:19] GET /api/agents/6aa26c7ce0ac9a5ee05d2b95/conversations -> HTTP 403 (next candidate)
[2026-09-22 00:44:30] GET /api/agents/6aa26c7ce0ac9a5ee05d2b95/conversations/6aa26c825d5b4135ae6b48b5/messages -> HTTP 403 (next candidate)
[2026-09-22 00:44:30] GET /api/agents/6aa26c7ce0ac9a5ee05d2b95/conversations/6aa26c825d5b4135ae6b48b5 -> HTTP 403 (next candidate)
[2026-09-22 00:44:30] GET /api/agents/6aa26c7ce0ac9a5ee05d2b95/conversations -> HTTP 403 (next candidate)
[2026-09-22 00:44:40] GET /api/agents/6aa26c7ce0ac9a5ee05d2b95/conversations/6aa26c825d5b4135ae6b48b5/messages -> HTTP 403 (next candidate)
[2026-09-22 00:44:40] GET /api/agents/6aa26c7ce0ac9a5ee05d2b95/conversations/6aa26c825d5b4135ae6b48b5 -> HTTP 403 (next candidate)
[2026-09-22 00:44:40] GET /api/agents/6aa26c7ce0ac9a5ee05d2b95/conversations -> HTTP 403 (next candidate)
[2026-09-22 00:44:50] GET /api/agents/6aa26c7ce0ac9a5ee05d2b95/conversations/6aa26c825d5b4135ae6b48b5/messages -> HTTP 403 (next candidate)
[2026-09-22 00:44:51] GET /api/agents/6aa26c7ce0ac9a5ee05d2b95/conversations/6aa26c825d5b4135ae6b48b5 -> HTTP 403 (next candidate)
[2026-09-22 00:44:51] GET /api/agents/6aa26c7ce0ac9a5ee05d2b95/conversations -> HTTP 403 (next candidate)
[2026-09-22 00:45:01] GET /api/agents/6aa26c7ce0ac9a5ee05d2b95/conversations/6aa26c825d5b4135ae6b48b5/messages -> HTTP 403 (next candidate)
[2026-09-22 00:45:01] GET /api/agents/6aa26c7ce0ac9a5ee05d2b95/conversations/6aa26c825d5b4135ae6b48b5 -> HTTP 403 (next candidate)
[2026-09-22 00:45:01] GET /api/agents/6aa26c7ce0ac9a5ee05d2b95/conversations -> HTTP 403 (next candidate)
[2026-09-22 00:45:11] GET /api/agents/6aa26c7ce0ac9a5ee05d2b95/conversations/6aa26c825d5b4135ae6b48b5/messages -> HTTP 403 (next candidate)
[2026-09-22 00:45:11] GET /api/agents/6aa26c7ce0ac9a5ee05d2b95/conversations/6aa26c825d5b4135ae6b48b5 -> HTTP 403 (next candidate)
[2026-09-22 00:45:11] GET /api/agents/6aa26c7ce0ac9a5ee05d2b95/conversations -> HTTP 403 (next candidate)
[2026-09-22 00:45:22] GET /api/agents/6aa26c7ce0ac9a5ee05d2b95/conversations/6aa26c825d5b4135ae6b48b5/messages -> HTTP 403 (next candidate)
[2026-09-22 00:45:22] GET /api/agents/6aa26c7ce0ac9a5ee05d2b95/conversations/6aa26c825d5b4135ae6b48b5 -> HTTP 403 (next candidate)
[2026-09-22 00:45:22] GET /api/agents/6aa26c7ce0ac9a5ee05d2b95/conversations -> HTTP 403 (next candidate)
[2026-09-22 00:45:32] GET /api/agents/6aa26c7ce0ac9a5ee05d2b95/conversations/6aa26c825d5b4135ae6b48b5/messages -> HTTP 403 (next candidate)
[2026-09-22 00:45:32] GET /api/agents/6aa26c7ce0ac9a5ee05d2b95/conversations/6aa26c825d5b4135ae6b48b5 -> HTTP 403 (next candidate)
[2026-09-22 00:45:32] GET /api/agents/6aa26c7ce0ac9a5ee05d2b95/conversations -> HTTP 403 (next candidate)
[2026-09-22 00:45:42] GET /api/agents/6aa26c7ce0ac9a5ee05d2b95/conversations/6aa26c825d5b4135ae6b48b5/messages -> HTTP 403 (next candidate)
[2026-09-22 00:45:42] GET /api/agents/6aa26c7ce0ac9a5ee05d2b95/conversations/6aa26c825d5b4135ae6b48b5 -> HTTP 403 (next candidate)
[2026-09-22 00:45:42] GET /api/agents/6aa26c7ce0ac9a5ee05d2b95/conversations -> HTTP 403 (next candidate)
[2026-09-22 00:45:53] GET /api/agents/6aa26c7ce0ac9a5ee05d2b95/conversations/6aa26c825d5b4135ae6b48b5/messages -> HTTP 403 (next candidate)
[2026-09-22 00:45:53] GET /api/agents/6aa26c7ce0ac9a5ee05d2b95/conversations/6aa26c825d5b4135ae6b48b5 -> HTTP 403 (next candidate)
[2026-09-22 00:45:53] GET /api/agents/6aa26c7ce0ac9a5ee05d2b95/conversations -> HTTP 403 (next candidate)
[2026-09-22 00:46:03] GET /api/agents/6aa26c7ce0ac9a5ee05d2b95/conversations/6aa26c825d5b4135ae6b48b5/messages -> HTTP 403 (next candidate)
[2026-09-22 00:46:03] GET /api/agents/6aa26c7ce0ac9a5ee05d2b95/conversations/6aa26c825d5b4135ae6b48b5 -> HTTP 403 (next candidate)
[2026-09-22 00:46:03] GET /api/agents/6aa26c7ce0ac9a5ee05d2b95/conversations -> HTTP 403 (next candidate)
[2026-09-22 00:46:13] GET /api/agents/6aa26c7ce0ac9a5ee05d2b95/conversations/6aa26c825d5b4135ae6b48b5/messages -> HTTP 403 (next candidate)
[2026-09-22 00:46:13] GET /api/agents/6aa26c7ce0ac9a5ee05d2b95/conversations/6aa26c825d5b4135ae6b48b5 -> HTTP 403 (next candidate)
[2026-09-22 00:46:14] GET /api/agents/6aa26c7ce0ac9a5ee05d2b95/conversations -> HTTP 403 (next candidate)
[2026-09-22 00:46:24] GET /api/agents/6aa26c7ce0ac9a5ee05d2b95/conversations/6aa26c825d5b4135ae6b48b5/messages -> HTTP 403 (next candidate)
[2026-09-22 00:46:24] GET /api/agents/6aa26c7ce0ac9a5ee05d2b95/conversations/6aa26c825d5b4135ae6b48b5 -> HTTP 403 (next candidate)
[2026-09-22 00:46:24] GET /api/agents/6aa26c7ce0ac9a5ee05d2b95/conversations -> HTTP 403 (next candidate)
[2026-09-22 00:46:34] GET /api/agents/6aa26c7ce0ac9a5ee05d2b95/conversations/6aa26c825d5b4135ae6b48b5/messages -> HTTP 403 (next candidate)
[2026-09-22 00:46:34] GET /api/agents/6aa26c7ce0ac9a5ee05d2b95/conversations/6aa26c825d5b4135ae6b48b5 -> HTTP 403 (next candidate)
[2026-09-22 00:46:34] GET /api/agents/6aa26c7ce0ac9a5ee05d2b95/conversations -> HTTP 403 (next candidate)
[2026-09-22 00:46:44] GET /api/agents/6aa26c7ce0ac9a5ee05d2b95/conversations/6aa26c825d5b4135ae6b48b5/messages -> HTTP 403 (next candidate)
[2026-09-22 00:46:44] GET /api/agents/6aa26c7ce0ac9a5ee05d2b95/conversations/6aa26c825d5b4135ae6b48b5 -> HTTP 403 (next candidate)
[2026-09-22 00:46:45] GET /api/agents/6aa26c7ce0ac9a5ee05d2b95/conversations -> HTTP 403 (next candidate)
[2026-09-22 00:46:55] GET /api/agents/6aa26c7ce0ac9a5ee05d2b95/conversations/6aa26c825d5b4135ae6b48b5/messages -> HTTP 403 (next candidate)
[2026-09-22 00:46:55] GET /api/agents/6aa26c7ce0ac9a5ee05d2b95/conversations/6aa26c825d5b4135ae6b48b5 -> HTTP 403 (next candidate)
[2026-09-22 00:46:55] GET /api/agents/6aa26c7ce0ac9a5ee05d2b95/conversations -> HTTP 403 (next candidate)
[2026-09-22 00:47:05] GET /api/agents/6aa26c7ce0ac9a5ee05d2b95/conversations/6aa26c825d5b4135ae6b48b5/messages -> HTTP 403 (next candidate)
[2026-09-22 00:47:05] GET /api/agents/6aa26c7ce0ac9a5ee05d2b95/conversations/6aa26c825d5b4135ae6b48b5 -> HTTP 403 (next candidate)
[2026-09-22 00:47:05] GET /api/agents/6aa26c7ce0ac9a5ee05d2b95/conversations -> HTTP 403 (next candidate)
[2026-09-22 00:47:15] GET /api/agents/6aa26c7ce0ac9a5ee05d2b95/conversations/6aa26c825d5b4135ae6b48b5/messages -> HTTP 403 (next candidate)
[2026-09-22 00:47:15] GET /api/agents/6aa26c7ce0ac9a5ee05d2b95/conversations/6aa26c825d5b4135ae6b48b5 -> HTTP 403 (next candidate)
[2026-09-22 00:47:16] GET /api/agents/6aa26c7ce0ac9a5ee05d2b95/conversations -> HTTP 403 (next candidate)
[2026-09-22 00:47:26] GET /api/agents/6aa26c7ce0ac9a5ee05d2b95/conversations/6aa26c825d5b4135ae6b48b5/messages -> HTTP 403 (next candidate)
[2026-09-22 00:47:26] GET /api/agents/6aa26c7ce0ac9a5ee05d2b95/conversations/6aa26c825d5b4135ae6b48b5 -> HTTP 403 (next candidate)
[2026-09-22 00:47:26] GET /api/agents/6aa26c7ce0ac9a5ee05d2b95/conversations -> HTTP 403 (next candidate)
[2026-09-22 00:47:36] GET /api/agents/6aa26c7ce0ac9a5ee05d2b95/conversations/6aa26c825d5b4135ae6b48b5/messages -> HTTP 403 (next candidate)
[2026-09-22 00:47:36] GET /api/agents/6aa26c7ce0ac9a5ee05d2b95/conversations/6aa26c825d5b4135ae6b48b5 -> HTTP 403 (next candidate)
[2026-09-22 00:47:36] GET /api/agents/6aa26c7ce0ac9a5ee05d2b95/conversations -> HTTP 403 (next candidate)
[2026-09-22 00:47:47] GET /api/agents/6aa26c7ce0ac9a5ee05d2b95/conversations/6aa26c825d5b4135ae6b48b5/messages -> HTTP 403 (next candidate)
[2026-09-22 00:47:47] GET /api/agents/6aa26c7ce0ac9a5ee05d2b95/conversations/6aa26c825d5b4135ae6b48b5 -> HTTP 403 (next candidate)
[2026-09-22 00:47:47] GET /api/agents/6aa26c7ce0ac9a5ee05d2b95/conversations -> HTTP 403 (next candidate)
[2026-09-22 00:47:57] GET /api/agents/6aa26c7ce0ac9a5ee05d2b95/conversations/6aa26c825d5b4135ae6b48b5/messages -> HTTP 403 (next candidate)
[2026-09-22 00:47:57] GET /api/agents/6aa26c7ce0ac9a5ee05d2b95/conversations/6aa26c825d5b4135ae6b48b5 -> HTTP 403 (next candidate)
[2026-09-22 00:47:57] GET /api/agents/6aa26c7ce0ac9a5ee05d2b95/conversations -> HTTP 403 (next candidate)
[2026-09-22 00:48:08] GET /api/agents/6aa26c7ce0ac9a5ee05d2b95/conversations/6aa26c825d5b4135ae6b48b5/messages -> HTTP 403 (next candidate)
[2026-09-22 00:48:08] GET /api/agents/6aa26c7ce0ac9a5ee05d2b95/conversations/6aa26c825d5b4135ae6b48b5 -> HTTP 403 (next candidate)
[2026-09-22 00:48:08] GET /api/agents/6aa26c7ce0ac9a5ee05d2b95/conversations -> HTTP 403 (next candidate)
[2026-09-22 00:48:18] GET /api/agents/6aa26c7ce0ac9a5ee05d2b95/conversations/6aa26c825d5b4135ae6b48b5/messages -> HTTP 403 (next candidate)
[2026-09-22 00:48:18] GET /api/agents/6aa26c7ce0ac9a5ee05d2b95/conversations/6aa26c825d5b4135ae6b48b5 -> HTTP 403 (next candidate)
[2026-09-22 00:48:18] GET /api/agents/6aa26c7ce0ac9a5ee05d2b95/conversations -> HTTP 403 (next candidate)
[2026-09-22 00:48:28] GET /api/agents/6aa26c7ce0ac9a5ee05d2b95/conversations/6aa26c825d5b4135ae6b48b5/messages -> HTTP 403 (next candidate)
[2026-09-22 00:48:28] GET /api/agents/6aa26c7ce0ac9a5ee05d2b95/conversations/6aa26c825d5b4135ae6b48b5 -> HTTP 403 (next candidate)
[2026-09-22 00:48:28] GET /api/agents/6aa26c7ce0ac9a5ee05d2b95/conversations -> HTTP 403 (next candidate)
[2026-09-22 00:48:39] GET /api/agents/6aa26c7ce0ac9a5ee05d2b95/conversations/6aa26c825d5b4135ae6b48b5/messages -> HTTP 403 (next candidate)
[2026-09-22 00:48:39] GET /api/agents/6aa26c7ce0ac9a5ee05d2b95/conversations/6aa26c825d5b4135ae6b48b5 -> HTTP 403 (next candidate)
[2026-09-22 00:48:39] GET /api/agents/6aa26c7ce0ac9a5ee05d2b95/conversations -> HTTP 403 (next candidate)
[2026-09-22 00:48:49] GET /api/agents/6aa26c7ce0ac9a5ee05d2b95/conversations/6aa26c825d5b4135ae6b48b5/messages -> HTTP 403 (next candidate)
[2026-09-22 00:48:49] GET /api/agents/6aa26c7ce0ac9a5ee05d2b95/conversations/6aa26c825d5b4135ae6b48b5 -> HTTP 403 (next candidate)
[2026-09-22 00:48:49] GET /api/agents/6aa26c7ce0ac9a5ee05d2b95/conversations -> HTTP 403 (next candidate)
[2026-09-22 00:48:59] GET /api/agents/6aa26c7ce0ac9a5ee05d2b95/conversations/6aa26c825d5b4135ae6b48b5/messages -> HTTP 403 (next candidate)
[2026-09-22 00:48:59] GET /api/agents/6aa26c7ce0ac9a5ee05d2b95/conversations/6aa26c825d5b4135ae6b48b5 -> HTTP 403 (next candidate)
[2026-09-22 00:48:59] GET /api/agents/6aa26c7ce0ac9a5ee05d2b95/conversations -> HTTP 403 (next candidate)
[2026-09-22 00:49:10] GET /api/agents/6aa26c7ce0ac9a5ee05d2b95/conversations/6aa26c825d5b4135ae6b48b5/messages -> HTTP 403 (next candidate)
[2026-09-22 00:49:10] GET /api/agents/6aa26c7ce0ac9a5ee05d2b95/conversations/6aa26c825d5b4135ae6b48b5 -> HTTP 403 (next candidate)
[2026-09-22 00:49:10] GET /api/agents/6aa26c7ce0ac9a5ee05d2b95/conversations -> HTTP 403 (next candidate)
[2026-09-22 00:49:20] GET /api/agents/6aa26c7ce0ac9a5ee05d2b95/conversations/6aa26c825d5b4135ae6b48b5/messages -> HTTP 403 (next candidate)
[2026-09-22 00:49:20] GET /api/agents/6aa26c7ce0ac9a5ee05d2b95/conversations/6aa26c825d5b4135ae6b48b5 -> HTTP 403 (next candidate)
[2026-09-22 00:49:20] GET /api/agents/6aa26c7ce0ac9a5ee05d2b95/conversations -> HTTP 403 (next candidate)
[2026-09-22 00:49:30] GET /api/agents/6aa26c7ce0ac9a5ee05d2b95/conversations/6aa26c825d5b4135ae6b48b5/messages -> HTTP 403 (next candidate)
[2026-09-22 00:49:30] GET /api/agents/6aa26c7ce0ac9a5ee05d2b95/conversations/6aa26c825d5b4135ae6b48b5 -> HTTP 403 (next candidate)
[2026-09-22 00:49:30] GET /api/agents/6aa26c7ce0ac9a5ee05d2b95/conversations -> HTTP 403 (next candidate)
[2026-09-22 00:49:41] GET /api/agents/6aa26c7ce0ac9a5ee05d2b95/conversations/6aa26c825d5b4135ae6b48b5/messages -> HTTP 403 (next candidate)
[2026-09-22 00:49:41] GET /api/agents/6aa26c7ce0ac9a5ee05d2b95/conversations/6aa26c825d5b4135ae6b48b5 -> HTTP 403 (next candidate)
[2026-09-22 00:49:41] GET /api/agents/6aa26c7ce0ac9a5ee05d2b95/conversations -> HTTP 403 (next candidate)
[2026-09-22 00:49:51] GET /api/agents/6aa26c7ce0ac9a5ee05d2b95/conversations/6aa26c825d5b4135ae6b48b5/messages -> HTTP 403 (next candidate)
[2026-09-22 00:49:51] GET /api/agents/6aa26c7ce0ac9a5ee05d2b95/conversations/6aa26c825d5b4135ae6b48b5 -> HTTP 403 (next candidate)
[2026-09-22 00:49:52] GET /api/agents/6aa26c7ce0ac9a5ee05d2b95/conversations -> HTTP 403 (next candidate)
[2026-09-22 00:50:02] GET /api/agents/6aa26c7ce0ac9a5ee05d2b95/conversations/6aa26c825d5b4135ae6b48b5/messages -> HTTP 403 (next candidate)
[2026-09-22 00:50:02] GET /api/agents/6aa26c7ce0ac9a5ee05d2b95/conversations/6aa26c825d5b4135ae6b48b5 -> HTTP 403 (next candidate)
[2026-09-22 00:50:02] GET /api/agents/6aa26c7ce0ac9a5ee05d2b95/conversations -> HTTP 403 (next candidate)
[2026-09-22 00:50:12] GET /api/agents/6aa26c7ce0ac9a5ee05d2b95/conversations/6aa26c825d5b4135ae6b48b5/messages -> HTTP 403 (next candidate)
[2026-09-22 00:50:12] GET /api/agents/6aa26c7ce0ac9a5ee05d2b95/conversations/6aa26c825d5b4135ae6b48b5 -> HTTP 403 (next candidate)
[2026-09-22 00:50:12] GET /api/agents/6aa26c7ce0ac9a5ee05d2b95/conversations -> HTTP 403 (next candidate)
[2026-09-22 00:50:22] GET /api/agents/6aa26c7ce0ac9a5ee05d2b95/conversations/6aa26c825d5b4135ae6b48b5/messages -> HTTP 403 (next candidate)
[2026-09-22 00:50:22] GET /api/agents/6aa26c7ce0ac9a5ee05d2b95/conversations/6aa26c825d5b4135ae6b48b5 -> HTTP 403 (next candidate)
[2026-09-22 00:50:23] GET /api/agents/6aa26c7ce0ac9a5ee05d2b95/conversations -> HTTP 403 (next candidate)
[2026-09-22 00:50:33] GET /api/agents/6aa26c7ce0ac9a5ee05d2b95/conversations/6aa26c825d5b4135ae6b48b5/messages -> HTTP 403 (next candidate)
[2026-09-22 00:50:33] GET /api/agents/6aa26c7ce0ac9a5ee05d2b95/conversations/6aa26c825d5b4135ae6b48b5 -> HTTP 403 (next candidate)
[2026-09-22 00:50:33] GET /api/agents/6aa26c7ce0ac9a5ee05d2b95/conversations -> HTTP 403 (next candidate)
[2026-09-22 00:50:43] GET /api/agents/6aa26c7ce0ac9a5ee05d2b95/conversations/6aa26c825d5b4135ae6b48b5/messages -> HTTP 403 (next candidate)
[2026-09-22 00:50:43] GET /api/agents/6aa26c7ce0ac9a5ee05d2b95/conversations/6aa26c825d5b4135ae6b48b5 -> HTTP 403 (next candidate)
[2026-09-22 00:50:43] GET /api/agents/6aa26c7ce0ac9a5ee05d2b95/conversations -> HTTP 403 (next candidate)
[2026-09-22 00:50:53] GET /api/agents/6aa26c7ce0ac9a5ee05d2b95/conversations/6aa26c825d5b4135ae6b48b5/messages -> HTTP 403 (next candidate)
[2026-09-22 00:50:54] GET /api/agents/6aa26c7ce0ac9a5ee05d2b95/conversations/6aa26c825d5b4135ae6b48b5 -> HTTP 403 (next candidate)
[2026-09-22 00:50:54] GET /api/agents/6aa26c7ce0ac9a5ee05d2b95/conversations -> HTTP 403 (next candidate)
[2026-09-22 00:51:04] GET /api/agents/6aa26c7ce0ac9a5ee05d2b95/conversations/6aa26c825d5b4135ae6b48b5/messages -> HTTP 403 (next candidate)
[2026-09-22 00:51:04] GET /api/agents/6aa26c7ce0ac9a5ee05d2b95/conversations/6aa26c825d5b4135ae6b48b5 -> HTTP 403 (next candidate)
[2026-09-22 00:51:04] GET /api/agents/6aa26c7ce0ac9a5ee05d2b95/conversations -> HTTP 403 (next candidate)
[2026-09-22 00:51:14] GET /api/agents/6aa26c7ce0ac9a5ee05d2b95/conversations/6aa26c825d5b4135ae6b48b5/messages -> HTTP 403 (next candidate)
[2026-09-22 00:51:14] GET /api/agents/6aa26c7ce0ac9a5ee05d2b95/conversations/6aa26c825d5b4135ae6b48b5 -> HTTP 403 (next candidate)
[2026-09-22 00:51:14] GET /api/agents/6aa26c7ce0ac9a5ee05d2b95/conversations -> HTTP 403 (next candidate)
[2026-09-22 00:51:25] GET /api/agents/6aa26c7ce0ac9a5ee05d2b95/conversations/6aa26c825d5b4135ae6b48b5/messages -> HTTP 403 (next candidate)
[2026-09-22 00:51:25] GET /api/agents/6aa26c7ce0ac9a5ee05d2b95/conversations/6aa26c825d5b4135ae6b48b5 -> HTTP 403 (next candidate)
[2026-09-22 00:51:25] GET /api/agents/6aa26c7ce0ac9a5ee05d2b95/conversations -> HTTP 403 (next candidate)
[2026-09-22 00:51:35] GET /api/agents/6aa26c7ce0ac9a5ee05d2b95/conversations/6aa26c825d5b4135ae6b48b5/messages -> HTTP 403 (next candidate)
[2026-09-22 00:51:35] GET /api/agents/6aa26c7ce0ac9a5ee05d2b95/conversations/6aa26c825d5b4135ae6b48b5 -> HTTP 403 (next candidate)
[2026-09-22 00:51:35] GET /api/agents/6aa26c7ce0ac9a5ee05d2b95/conversations -> HTTP 403 (next candidate)
[2026-09-22 00:51:45] GET /api/agents/6aa26c7ce0ac9a5ee05d2b95/conversations/6aa26c825d5b4135ae6b48b5/messages -> HTTP 403 (next candidate)
[2026-09-22 00:51:45] GET /api/agents/6aa26c7ce0ac9a5ee05d2b95/conversations/6aa26c825d5b4135ae6b48b5 -> HTTP 403 (next candidate)
[2026-09-22 00:51:45] GET /api/agents/6aa26c7ce0ac9a5ee05d2b95/conversations -> HTTP 403 (next candidate)
[2026-09-22 00:51:56] GET /api/agents/6aa26c7ce0ac9a5ee05d2b95/conversations/6aa26c825d5b4135ae6b48b5/messages -> HTTP 403 (next candidate)
[2026-09-22 00:51:56] GET /api/agents/6aa26c7ce0ac9a5ee05d2b95/conversations/6aa26c825d5b4135ae6b48b5 -> HTTP 403 (next candidate)
[2026-09-22 00:51:56] GET /api/agents/6aa26c7ce0ac9a5ee05d2b95/conversations -> HTTP 403 (next candidate)
[2026-09-22 00:52:06] GET /api/agents/6aa26c7ce0ac9a5ee05d2b95/conversations/6aa26c825d5b4135ae6b48b5/messages -> HTTP 403 (next candidate)
[2026-09-22 00:52:06] GET /api/agents/6aa26c7ce0ac9a5ee05d2b95/conversations/6aa26c825d5b4135ae6b48b5 -> HTTP 403 (next candidate)
[2026-09-22 00:52:06] GET /api/agents/6aa26c7ce0ac9a5ee05d2b95/conversations -> HTTP 403 (next candidate)
[2026-09-22 00:52:17] GET /api/agents/6aa26c7ce0ac9a5ee05d2b95/conversations/6aa26c825d5b4135ae6b48b5/messages -> HTTP 403 (next candidate)
[2026-09-22 00:52:17] GET /api/agents/6aa26c7ce0ac9a5ee05d2b95/conversations/6aa26c825d5b4135ae6b48b5 -> HTTP 403 (next candidate)
[2026-09-22 00:52:17] GET /api/agents/6aa26c7ce0ac9a5ee05d2b95/conversations -> HTTP 403 (next candidate)
[2026-09-22 00:52:27] GET /api/agents/6aa26c7ce0ac9a5ee05d2b95/conversations/6aa26c825d5b4135ae6b48b5/messages -> HTTP 403 (next candidate)
[2026-09-22 00:52:27] GET /api/agents/6aa26c7ce0ac9a5ee05d2b95/conversations/6aa26c825d5b4135ae6b48b5 -> HTTP 403 (next candidate)
[2026-09-22 00:52:27] GET /api/agents/6aa26c7ce0ac9a5ee05d2b95/conversations -> HTTP 403 (next candidate)
[2026-09-22 00:52:37] GET /api/agents/6aa26c7ce0ac9a5ee05d2b95/conversations/6aa26c825d5b4135ae6b48b5/messages -> HTTP 403 (next candidate)
[2026-09-22 00:52:37] GET /api/agents/6aa26c7ce0ac9a5ee05d2b95/conversations/6aa26c825d5b4135ae6b48b5 -> HTTP 403 (next candidate)
[2026-09-22 00:52:38] GET /api/agents/6aa26c7ce0ac9a5ee05d2b95/conversations -> HTTP 403 (next candidate)
[2026-09-22 00:52:48] GET /api/agents/6aa26c7ce0ac9a5ee05d2b95/conversations/6aa26c825d5b4135ae6b48b5/messages -> HTTP 403 (next candidate)
[2026-09-22 00:52:48] GET /api/agents/6aa26c7ce0ac9a5ee05d2b95/conversations/6aa26c825d5b4135ae6b48b5 -> HTTP 403 (next candidate)
[2026-09-22 00:52:48] GET /api/agents/6aa26c7ce0ac9a5ee05d2b95/conversations -> HTTP 403 (next candidate)
[2026-09-22 00:52:58] GET /api/agents/6aa26c7ce0ac9a5ee05d2b95/conversations/6aa26c825d5b4135ae6b48b5/messages -> HTTP 403 (next candidate)
[2026-09-22 00:52:58] GET /api/agents/6aa26c7ce0ac9a5ee05d2b95/conversations/6aa26c825d5b4135ae6b48b5 -> HTTP 403 (next candidate)
[2026-09-22 00:52:58] GET /api/agents/6aa26c7ce0ac9a5ee05d2b95/conversations -> HTTP 403 (next candidate)
[2026-09-22 00:53:08] GET /api/agents/6aa26c7ce0ac9a5ee05d2b95/conversations/6aa26c825d5b4135ae6b48b5/messages -> HTTP 403 (next candidate)
[2026-09-22 00:53:09] GET /api/agents/6aa26c7ce0ac9a5ee05d2b95/conversations/6aa26c825d5b4135ae6b48b5 -> HTTP 403 (next candidate)
[2026-09-22 00:53:09] GET /api/agents/6aa26c7ce0ac9a5ee05d2b95/conversations -> HTTP 403 (next candidate)
[2026-09-22 00:53:19] GET /api/agents/6aa26c7ce0ac9a5ee05d2b95/conversations/6aa26c825d5b4135ae6b48b5/messages -> HTTP 403 (next candidate)
[2026-09-22 00:53:19] GET /api/agents/6aa26c7ce0ac9a5ee05d2b95/conversations/6aa26c825d5b4135ae6b48b5 -> HTTP 403 (next candidate)
[2026-09-22 00:53:19] GET /api/agents/6aa26c7ce0ac9a5ee05d2b95/conversations -> HTTP 403 (next candidate)
[2026-09-22 00:53:29] GET /api/agents/6aa26c7ce0ac9a5ee05d2b95/conversations/6aa26c825d5b4135ae6b48b5/messages -> HTTP 403 (next candidate)
[2026-09-22 00:53:29] GET /api/agents/6aa26c7ce0ac9a5ee05d2b95/conversations/6aa26c825d5b4135ae6b48b5 -> HTTP 403 (next candidate)
[2026-09-22 00:53:29] GET /api/agents/6aa26c7ce0ac9a5ee05d2b95/conversations -> HTTP 403 (next candidate)
[2026-09-22 00:53:40] GET /api/agents/6aa26c7ce0ac9a5ee05d2b95/conversations/6aa26c825d5b4135ae6b48b5/messages -> HTTP 403 (next candidate)
[2026-09-22 00:53:40] GET /api/agents/6aa26c7ce0ac9a5ee05d2b95/conversations/6aa26c825d5b4135ae6b48b5 -> HTTP 403 (next candidate)
[2026-09-22 00:53:40] GET /api/agents/6aa26c7ce0ac9a5ee05d2b95/conversations -> HTTP 403 (next candidate)
[2026-09-22 00:53:50] GET /api/agents/6aa26c7ce0ac9a5ee05d2b95/conversations/6aa26c825d5b4135ae6b48b5/messages -> HTTP 403 (next candidate)
[2026-09-22 00:53:50] GET /api/agents/6aa26c7ce0ac9a5ee05d2b95/conversations/6aa26c825d5b4135ae6b48b5 -> HTTP 403 (next candidate)
[2026-09-22 00:53:50] GET /api/agents/6aa26c7ce0ac9a5ee05d2b95/conversations -> HTTP 403 (next candidate)
[2026-09-22 00:54:00] GET /api/agents/6aa26c7ce0ac9a5ee05d2b95/conversations/6aa26c825d5b4135ae6b48b5/messages -> HTTP 403 (next candidate)
[2026-09-22 00:54:01] GET /api/agents/6aa26c7ce0ac9a5ee05d2b95/conversations/6aa26c825d5b4135ae6b48b5 -> HTTP 403 (next candidate)
[2026-09-22 00:54:01] GET /api/agents/6aa26c7ce0ac9a5ee05d2b95/conversations -> HTTP 403 (next candidate)
[2026-09-22 00:54:11] GET /api/agents/6aa26c7ce0ac9a5ee05d2b95/conversations/6aa26c825d5b4135ae6b48b5/messages -> HTTP 403 (next candidate)
[2026-09-22 00:54:11] GET /api/agents/6aa26c7ce0ac9a5ee05d2b95/conversations/6aa26c825d5b4135ae6b48b5 -> HTTP 403 (next candidate)
[2026-09-22 00:54:11] GET /api/agents/6aa26c7ce0ac9a5ee05d2b95/conversations -> HTTP 403 (next candidate)
[2026-09-22 00:54:21] GET /api/agents/6aa26c7ce0ac9a5ee05d2b95/conversations/6aa26c825d5b4135ae6b48b5/messages -> HTTP 403 (next candidate)
[2026-09-22 00:54:21] GET /api/agents/6aa26c7ce0ac9a5ee05d2b95/conversations/6aa26c825d5b4135ae6b48b5 -> HTTP 403 (next candidate)
[2026-09-22 00:54:21] GET /api/agents/6aa26c7ce0ac9a5ee05d2b95/conversations -> HTTP 403 (next candidate)
[2026-09-22 00:54:32] GET /api/agents/6aa26c7ce0ac9a5ee05d2b95/conversations/6aa26c825d5b4135ae6b48b5/messages -> HTTP 403 (next candidate)
[2026-09-22 00:54:32] GET /api/agents/6aa26c7ce0ac9a5ee05d2b95/conversations/6aa26c825d5b4135ae6b48b5 -> HTTP 403 (next candidate)
[2026-09-22 00:54:32] GET /api/agents/6aa26c7ce0ac9a5ee05d2b95/conversations -> HTTP 403 (next candidate)
[2026-09-22 00:54:42] GET /api/agents/6aa26c7ce0ac9a5ee05d2b95/conversations/6aa26c825d5b4135ae6b48b5/messages -> HTTP 403 (next candidate)
[2026-09-22 00:54:42] GET /api/agents/6aa26c7ce0ac9a5ee05d2b95/conversations/6aa26c825d5b4135ae6b48b5 -> HTTP 403 (next candidate)
[2026-09-22 00:54:42] GET /api/agents/6aa26c7ce0ac9a5ee05d2b95/conversations -> HTTP 403 (next candidate)
[2026-09-22 00:54:53] GET /api/agents/6aa26c7ce0ac9a5ee05d2b95/conversations/6aa26c825d5b4135ae6b48b5/messages -> HTTP 403 (next candidate)
[2026-09-22 00:54:53] GET /api/agents/6aa26c7ce0ac9a5ee05d2b95/conversations/6aa26c825d5b4135ae6b48b5 -> HTTP 403 (next candidate)
[2026-09-22 00:54:54] GET /api/agents/6aa26c7ce0ac9a5ee05d2b95/conversations -> HTTP 403 (next candidate)
[2026-09-22 00:55:04] GET /api/agents/6aa26c7ce0ac9a5ee05d2b95/conversations/6aa26c825d5b4135ae6b48b5/messages -> HTTP 403 (next candidate)
[2026-09-22 00:55:05] GET /api/agents/6aa26c7ce0ac9a5ee05d2b95/conversations/6aa26c825d5b4135ae6b48b5 -> HTTP 403 (next candidate)
[2026-09-22 00:55:05] GET /api/agents/6aa26c7ce0ac9a5ee05d2b95/conversations -> HTTP 403 (next candidate)
[2026-09-22 00:55:15] GET /api/agents/6aa26c7ce0ac9a5ee05d2b95/conversations/6aa26c825d5b4135ae6b48b5/messages -> HTTP 403 (next candidate)
[2026-09-22 00:55:15] GET /api/agents/6aa26c7ce0ac9a5ee05d2b95/conversations/6aa26c825d5b4135ae6b48b5 -> HTTP 403 (next candidate)
[2026-09-22 00:55:15] GET /api/agents/6aa26c7ce0ac9a5ee05d2b95/conversations -> HTTP 403 (next candidate)
[2026-09-22 00:55:25] GET /api/agents/6aa26c7ce0ac9a5ee05d2b95/conversations/6aa26c825d5b4135ae6b48b5/messages -> HTTP 403 (next candidate)
[2026-09-22 00:55:25] GET /api/agents/6aa26c7ce0ac9a5ee05d2b95/conversations/6aa26c825d5b4135ae6b48b5 -> HTTP 403 (next candidate)
[2026-09-22 00:55:26] GET /api/agents/6aa26c7ce0ac9a5ee05d2b95/conversations -> HTTP 403 (next candidate)
[2026-09-22 00:55:36] GET /api/agents/6aa26c7ce0ac9a5ee05d2b95/conversations/6aa26c825d5b4135ae6b48b5/messages -> HTTP 403 (next candidate)
[2026-09-22 00:55:36] GET /api/agents/6aa26c7ce0ac9a5ee05d2b95/conversations/6aa26c825d5b4135ae6b48b5 -> HTTP 403 (next candidate)
[2026-09-22 00:55:36] GET /api/agents/6aa26c7ce0ac9a5ee05d2b95/conversations -> HTTP 403 (next candidate)
[2026-09-22 00:55:46] GET /api/agents/6aa26c7ce0ac9a5ee05d2b95/conversations/6aa26c825d5b4135ae6b48b5/messages -> HTTP 403 (next candidate)
[2026-09-22 00:55:46] GET /api/agents/6aa26c7ce0ac9a5ee05d2b95/conversations/6aa26c825d5b4135ae6b48b5 -> HTTP 403 (next candidate)
[2026-09-22 00:55:47] GET /api/agents/6aa26c7ce0ac9a5ee05d2b95/conversations -> HTTP 403 (next candidate)
[2026-09-22 00:55:57] GET /api/agents/6aa26c7ce0ac9a5ee05d2b95/conversations/6aa26c825d5b4135ae6b48b5/messages -> HTTP 403 (next candidate)
[2026-09-22 00:55:57] GET /api/agents/6aa26c7ce0ac9a5ee05d2b95/conversations/6aa26c825d5b4135ae6b48b5 -> HTTP 403 (next candidate)
[2026-09-22 00:55:57] GET /api/agents/6aa26c7ce0ac9a5ee05d2b95/conversations -> HTTP 403 (next candidate)
[2026-09-22 00:56:07] GET /api/agents/6aa26c7ce0ac9a5ee05d2b95/conversations/6aa26c825d5b4135ae6b48b5/messages -> HTTP 403 (next candidate)
[2026-09-22 00:56:07] GET /api/agents/6aa26c7ce0ac9a5ee05d2b95/conversations/6aa26c825d5b4135ae6b48b5 -> HTTP 403 (next candidate)
[2026-09-22 00:56:08] GET /api/agents/6aa26c7ce0ac9a5ee05d2b95/conversations -> HTTP 403 (next candidate)
[2026-09-22 00:56:18] GET /api/agents/6aa26c7ce0ac9a5ee05d2b95/conversations/6aa26c825d5b4135ae6b48b5/messages -> HTTP 403 (next candidate)
[2026-09-22 00:56:18] GET /api/agents/6aa26c7ce0ac9a5ee05d2b95/conversations/6aa26c825d5b4135ae6b48b5 -> HTTP 403 (next candidate)
[2026-09-22 00:56:18] GET /api/agents/6aa26c7ce0ac9a5ee05d2b95/conversations -> HTTP 403 (next candidate)
[2026-09-22 00:56:28] GET /api/agents/6aa26c7ce0ac9a5ee05d2b95/conversations/6aa26c825d5b4135ae6b48b5/messages -> HTTP 403 (next candidate)
[2026-09-22 00:56:28] GET /api/agents/6aa26c7ce0ac9a5ee05d2b95/conversations/6aa26c825d5b4135ae6b48b5 -> HTTP 403 (next candidate)
[2026-09-22 00:56:28] GET /api/agents/6aa26c7ce0ac9a5ee05d2b95/conversations -> HTTP 403 (next candidate)
[2026-09-22 00:56:39] GET /api/agents/6aa26c7ce0ac9a5ee05d2b95/conversations/6aa26c825d5b4135ae6b48b5/messages -> HTTP 403 (next candidate)
[2026-09-22 00:56:39] GET /api/agents/6aa26c7ce0ac9a5ee05d2b95/conversations/6aa26c825d5b4135ae6b48b5 -> HTTP 403 (next candidate)
[2026-09-22 00:56:39] GET /api/agents/6aa26c7ce0ac9a5ee05d2b95/conversations -> HTTP 403 (next candidate)
[2026-09-22 00:56:49] GET /api/agents/6aa26c7ce0ac9a5ee05d2b95/conversations/6aa26c825d5b4135ae6b48b5/messages -> HTTP 403 (next candidate)
[2026-09-22 00:56:49] GET /api/agents/6aa26c7ce0ac9a5ee05d2b95/conversations/6aa26c825d5b4135ae6b48b5 -> HTTP 403 (next candidate)
[2026-09-22 00:56:49] GET /api/agents/6aa26c7ce0ac9a5ee05d2b95/conversations -> HTTP 403 (next candidate)
[2026-09-22 00:56:59] GET /api/agents/6aa26c7ce0ac9a5ee05d2b95/conversations/6aa26c825d5b4135ae6b48b5/messages -> HTTP 403 (next candidate)
[2026-09-22 00:56:59] GET /api/agents/6aa26c7ce0ac9a5ee05d2b95/conversations/6aa26c825d5b4135ae6b48b5 -> HTTP 403 (next candidate)
[2026-09-22 00:57:00] GET /api/agents/6aa26c7ce0ac9a5ee05d2b95/conversations -> HTTP 403 (next candidate)
[2026-09-22 00:57:10] GET /api/agents/6aa26c7ce0ac9a5ee05d2b95/conversations/6aa26c825d5b4135ae6b48b5/messages -> HTTP 403 (next candidate)
[2026-09-22 00:57:10] GET /api/agents/6aa26c7ce0ac9a5ee05d2b95/conversations/6aa26c825d5b4135ae6b48b5 -> HTTP 403 (next candidate)
[2026-09-22 00:57:10] GET /api/agents/6aa26c7ce0ac9a5ee05d2b95/conversations -> HTTP 403 (next candidate)
[2026-09-22 00:57:20] GET /api/agents/6aa26c7ce0ac9a5ee05d2b95/conversations/6aa26c825d5b4135ae6b48b5/messages -> HTTP 403 (next candidate)
[2026-09-22 00:57:20] GET /api/agents/6aa26c7ce0ac9a5ee05d2b95/conversations/6aa26c825d5b4135ae6b48b5 -> HTTP 403 (next candidate)
[2026-09-22 00:57:21] GET /api/agents/6aa26c7ce0ac9a5ee05d2b95/conversations -> HTTP 403 (next candidate)
[2026-09-22 00:57:31] GET /api/agents/6aa26c7ce0ac9a5ee05d2b95/conversations/6aa26c825d5b4135ae6b48b5/messages -> HTTP 403 (next candidate)
[2026-09-22 00:57:31] GET /api/agents/6aa26c7ce0ac9a5ee05d2b95/conversations/6aa26c825d5b4135ae6b48b5 -> HTTP 403 (next candidate)
[2026-09-22 00:57:31] GET /api/agents/6aa26c7ce0ac9a5ee05d2b95/conversations -> HTTP 403 (next candidate)
[2026-09-22 00:57:41] GET /api/agents/6aa26c7ce0ac9a5ee05d2b95/conversations/6aa26c825d5b4135ae6b48b5/messages -> HTTP 403 (next candidate)
[2026-09-22 00:57:41] GET /api/agents/6aa26c7ce0ac9a5ee05d2b95/conversations/6aa26c825d5b4135ae6b48b5 -> HTTP 403 (next candidate)
[2026-09-22 00:57:41] GET /api/agents/6aa26c7ce0ac9a5ee05d2b95/conversations -> HTTP 403 (next candidate)
[2026-09-22 00:57:52] GET /api/agents/6aa26c7ce0ac9a5ee05d2b95/conversations/6aa26c825d5b4135ae6b48b5/messages -> HTTP 403 (next candidate)
[2026-09-22 00:57:52] GET /api/agents/6aa26c7ce0ac9a5ee05d2b95/conversations/6aa26c825d5b4135ae6b48b5 -> HTTP 403 (next candidate)
[2026-09-22 00:57:52] GET /api/agents/6aa26c7ce0ac9a5ee05d2b95/conversations -> HTTP 403 (next candidate)
[2026-09-22 00:58:02] GET /api/agents/6aa26c7ce0ac9a5ee05d2b95/conversations/6aa26c825d5b4135ae6b48b5/messages -> HTTP 403 (next candidate)
[2026-09-22 00:58:02] GET /api/agents/6aa26c7ce0ac9a5ee05d2b95/conversations/6aa26c825d5b4135ae6b48b5 -> HTTP 403 (next candidate)
[2026-09-22 00:58:02] GET /api/agents/6aa26c7ce0ac9a5ee05d2b95/conversations -> HTTP 403 (next candidate)
[2026-09-22 00:58:13] GET /api/agents/6aa26c7ce0ac9a5ee05d2b95/conversations/6aa26c825d5b4135ae6b48b5/messages -> HTTP 403 (next candidate)
[2026-09-22 00:58:13] GET /api/agents/6aa26c7ce0ac9a5ee05d2b95/conversations/6aa26c825d5b4135ae6b48b5 -> HTTP 403 (next candidate)
[2026-09-22 00:58:13] GET /api/agents/6aa26c7ce0ac9a5ee05d2b95/conversations -> HTTP 403 (next candidate)
[2026-09-22 00:58:23] GET /api/agents/6aa26c7ce0ac9a5ee05d2b95/conversations/6aa26c825d5b4135ae6b48b5/messages -> HTTP 403 (next candidate)
[2026-09-22 00:58:23] GET /api/agents/6aa26c7ce0ac9a5ee05d2b95/conversations/6aa26c825d5b4135ae6b48b5 -> HTTP 403 (next candidate)
[2026-09-22 00:58:23] GET /api/agents/6aa26c7ce0ac9a5ee05d2b95/conversations -> HTTP 403 (next candidate)
[2026-09-22 00:58:33] GET /api/agents/6aa26c7ce0ac9a5ee05d2b95/conversations/6aa26c825d5b4135ae6b48b5/messages -> HTTP 403 (next candidate)
[2026-09-22 00:58:33] GET /api/agents/6aa26c7ce0ac9a5ee05d2b95/conversations/6aa26c825d5b4135ae6b48b5 -> HTTP 403 (next candidate)
[2026-09-22 00:58:34] GET /api/agents/6aa26c7ce0ac9a5ee05d2b95/conversations -> HTTP 403 (next candidate)
[2026-09-22 00:58:44] GET /api/agents/6aa26c7ce0ac9a5ee05d2b95/conversations/6aa26c825d5b4135ae6b48b5/messages -> HTTP 403 (next candidate)
[2026-09-22 00:58:44] GET /api/agents/6aa26c7ce0ac9a5ee05d2b95/conversations/6aa26c825d5b4135ae6b48b5 -> HTTP 403 (next candidate)
[2026-09-22 00:58:44] GET /api/agents/6aa26c7ce0ac9a5ee05d2b95/conversations -> HTTP 403 (next candidate)
[2026-09-22 00:58:54] GET /api/agents/6aa26c7ce0ac9a5ee05d2b95/conversations/6aa26c825d5b4135ae6b48b5/messages -> HTTP 403 (next candidate)
[2026-09-22 00:58:54] GET /api/agents/6aa26c7ce0ac9a5ee05d2b95/conversations/6aa26c825d5b4135ae6b48b5 -> HTTP 403 (next candidate)
[2026-09-22 00:58:55] GET /api/agents/6aa26c7ce0ac9a5ee05d2b95/conversations -> HTTP 403 (next candidate)
[2026-09-22 00:59:05] GET /api/agents/6aa26c7ce0ac9a5ee05d2b95/conversations/6aa26c825d5b4135ae6b48b5/messages -> HTTP 403 (next candidate)
[2026-09-22 00:59:05] GET /api/agents/6aa26c7ce0ac9a5ee05d2b95/conversations/6aa26c825d5b4135ae6b48b5 -> HTTP 403 (next candidate)
[2026-09-22 00:59:05] GET /api/agents/6aa26c7ce0ac9a5ee05d2b95/conversations -> HTTP 403 (next candidate)
[2026-09-22 00:59:15] GET /api/agents/6aa26c7ce0ac9a5ee05d2b95/conversations/6aa26c825d5b4135ae6b48b5/messages -> HTTP 403 (next candidate)
[2026-09-22 00:59:15] GET /api/agents/6aa26c7ce0ac9a5ee05d2b95/conversations/6aa26c825d5b4135ae6b48b5 -> HTTP 403 (next candidate)
[2026-09-22 00:59:15] GET /api/agents/6aa26c7ce0ac9a5ee05d2b95/conversations -> HTTP 403 (next candidate)
[2026-09-22 00:59:25] GET /api/agents/6aa26c7ce0ac9a5ee05d2b95/conversations/6aa26c825d5b4135ae6b48b5/messages -> HTTP 403 (next candidate)
[2026-09-22 00:59:25] GET /api/agents/6aa26c7ce0ac9a5ee05d2b95/conversations/6aa26c825d5b4135ae6b48b5 -> HTTP 403 (next candidate)
[2026-09-22 00:59:26] GET /api/agents/6aa26c7ce0ac9a5ee05d2b95/conversations -> HTTP 403 (next candidate)
[2026-09-22 00:59:36] GET /api/agents/6aa26c7ce0ac9a5ee05d2b95/conversations/6aa26c825d5b4135ae6b48b5/messages -> HTTP 403 (next candidate)
[2026-09-22 00:59:36] GET /api/agents/6aa26c7ce0ac9a5ee05d2b95/conversations/6aa26c825d5b4135ae6b48b5 -> HTTP 403 (next candidate)
[2026-09-22 00:59:36] GET /api/agents/6aa26c7ce0ac9a5ee05d2b95/conversations -> HTTP 403 (next candidate)
[2026-09-22 00:59:46] GET /api/agents/6aa26c7ce0ac9a5ee05d2b95/conversations/6aa26c825d5b4135ae6b48b5/messages -> HTTP 403 (next candidate)
[2026-09-22 00:59:46] GET /api/agents/6aa26c7ce0ac9a5ee05d2b95/conversations/6aa26c825d5b4135ae6b48b5 -> HTTP 403 (next candidate)
[2026-09-22 00:59:46] GET /api/agents/6aa26c7ce0ac9a5ee05d2b95/conversations -> HTTP 403 (next candidate)
[2026-09-22 00:59:57] GET /api/agents/6aa26c7ce0ac9a5ee05d2b95/conversations/6aa26c825d5b4135ae6b48b5/messages -> HTTP 403 (next candidate)
[2026-09-22 00:59:57] GET /api/agents/6aa26c7ce0ac9a5ee05d2b95/conversations/6aa26c825d5b4135ae6b48b5 -> HTTP 403 (next candidate)
[2026-09-22 00:59:57] GET /api/agents/6aa26c7ce0ac9a5ee05d2b95/conversations -> HTTP 403 (next candidate)
[2026-09-22 01:00:07] GET /api/agents/6aa26c7ce0ac9a5ee05d2b95/conversations/6aa26c825d5b4135ae6b48b5/messages -> HTTP 403 (next candidate)
[2026-09-22 01:00:07] GET /api/agents/6aa26c7ce0ac9a5ee05d2b95/conversations/6aa26c825d5b4135ae6b48b5 -> HTTP 403 (next candidate)
[2026-09-22 01:00:07] GET /api/agents/6aa26c7ce0ac9a5ee05d2b95/conversations -> HTTP 403 (next candidate)
[2026-09-22 01:00:17] GET /api/agents/6aa26c7ce0ac9a5ee05d2b95/conversations/6aa26c825d5b4135ae6b48b5/messages -> HTTP 403 (next candidate)
[2026-09-22 01:00:17] GET /api/agents/6aa26c7ce0ac9a5ee05d2b95/conversations/6aa26c825d5b4135ae6b48b5 -> HTTP 403 (next candidate)
[2026-09-22 01:00:18] GET /api/agents/6aa26c7ce0ac9a5ee05d2b95/conversations -> HTTP 403 (next candidate)
[2026-09-22 01:00:28] GET /api/agents/6aa26c7ce0ac9a5ee05d2b95/conversations/6aa26c825d5b4135ae6b48b5/messages -> HTTP 403 (next candidate)
[2026-09-22 01:00:28] GET /api/agents/6aa26c7ce0ac9a5ee05d2b95/conversations/6aa26c825d5b4135ae6b48b5 -> HTTP 403 (next candidate)
[2026-09-22 01:00:28] GET /api/agents/6aa26c7ce0ac9a5ee05d2b95/conversations -> HTTP 403 (next candidate)
[2026-09-22 01:00:38] GET /api/agents/6aa26c7ce0ac9a5ee05d2b95/conversations/6aa26c825d5b4135ae6b48b5/messages -> HTTP 403 (next candidate)
[2026-09-22 01:00:38] GET /api/agents/6aa26c7ce0ac9a5ee05d2b95/conversations/6aa26c825d5b4135ae6b48b5 -> HTTP 403 (next candidate)
[2026-09-22 01:00:38] GET /api/agents/6aa26c7ce0ac9a5ee05d2b95/conversations -> HTTP 403 (next candidate)
[2026-09-22 01:00:48] GET /api/agents/6aa26c7ce0ac9a5ee05d2b95/conversations/6aa26c825d5b4135ae6b48b5/messages -> HTTP 403 (next candidate)
[2026-09-22 01:00:48] GET /api/agents/6aa26c7ce0ac9a5ee05d2b95/conversations/6aa26c825d5b4135ae6b48b5 -> HTTP 403 (next candidate)
[2026-09-22 01:00:49] GET /api/agents/6aa26c7ce0ac9a5ee05d2b95/conversations -> HTTP 403 (next candidate)
[2026-09-22 01:00:59] GET /api/agents/6aa26c7ce0ac9a5ee05d2b95/conversations/6aa26c825d5b4135ae6b48b5/messages -> HTTP 403 (next candidate)
[2026-09-22 01:00:59] GET /api/agents/6aa26c7ce0ac9a5ee05d2b95/conversations/6aa26c825d5b4135ae6b48b5 -> HTTP 403 (next candidate)
[2026-09-22 01:00:59] GET /api/agents/6aa26c7ce0ac9a5ee05d2b95/conversations -> HTTP 403 (next candidate)
[2026-09-22 01:01:09] GET /api/agents/6aa26c7ce0ac9a5ee05d2b95/conversations/6aa26c825d5b4135ae6b48b5/messages -> HTTP 403 (next candidate)
[2026-09-22 01:01:09] GET /api/agents/6aa26c7ce0ac9a5ee05d2b95/conversations/6aa26c825d5b4135ae6b48b5 -> HTTP 403 (next candidate)
[2026-09-22 01:01:09] GET /api/agents/6aa26c7ce0ac9a5ee05d2b95/conversations -> HTTP 403 (next candidate)
[2026-09-22 01:01:19] GET /api/agents/6aa26c7ce0ac9a5ee05d2b95/conversations/6aa26c825d5b4135ae6b48b5/messages -> HTTP 403 (next candidate)
[2026-09-22 01:01:20] GET /api/agents/6aa26c7ce0ac9a5ee05d2b95/conversations/6aa26c825d5b4135ae6b48b5 -> HTTP 403 (next candidate)
[2026-09-22 01:01:20] GET /api/agents/6aa26c7ce0ac9a5ee05d2b95/conversations -> HTTP 403 (next candidate)
[2026-09-22 01:01:30] GET /api/agents/6aa26c7ce0ac9a5ee05d2b95/conversations/6aa26c825d5b4135ae6b48b5/messages -> HTTP 403 (next candidate)
[2026-09-22 01:01:30] GET /api/agents/6aa26c7ce0ac9a5ee05d2b95/conversations/6aa26c825d5b4135ae6b48b5 -> HTTP 403 (next candidate)
[2026-09-22 01:01:30] GET /api/agents/6aa26c7ce0ac9a5ee05d2b95/conversations -> HTTP 403 (next candidate)
[2026-09-22 01:01:40] GET /api/agents/6aa26c7ce0ac9a5ee05d2b95/conversations/6aa26c825d5b4135ae6b48b5/messages -> HTTP 403 (next candidate)
[2026-09-22 01:01:40] GET /api/agents/6aa26c7ce0ac9a5ee05d2b95/conversations/6aa26c825d5b4135ae6b48b5 -> HTTP 403 (next candidate)
[2026-09-22 01:01:40] GET /api/agents/6aa26c7ce0ac9a5ee05d2b95/conversations -> HTTP 403 (next candidate)
[2026-09-22 01:01:50] GET /api/agents/6aa26c7ce0ac9a5ee05d2b95/conversations/6aa26c825d5b4135ae6b48b5/messages -> HTTP 403 (next candidate)
[2026-09-22 01:01:51] GET /api/agents/6aa26c7ce0ac9a5ee05d2b95/conversations/6aa26c825d5b4135ae6b48b5 -> HTTP 403 (next candidate)
[2026-09-22 01:01:51] GET /api/agents/6aa26c7ce0ac9a5ee05d2b95/conversations -> HTTP 403 (next candidate)
[2026-09-22 01:02:01] GET /api/agents/6aa26c7ce0ac9a5ee05d2b95/conversations/6aa26c825d5b4135ae6b48b5/messages -> HTTP 403 (next candidate)
[2026-09-22 01:02:01] GET /api/agents/6aa26c7ce0ac9a5ee05d2b95/conversations/6aa26c825d5b4135ae6b48b5 -> HTTP 403 (next candidate)
[2026-09-22 01:02:01] GET /api/agents/6aa26c7ce0ac9a5ee05d2b95/conversations -> HTTP 403 (next candidate)
[2026-09-22 01:02:11] GET /api/agents/6aa26c7ce0ac9a5ee05d2b95/conversations/6aa26c825d5b4135ae6b48b5/messages -> HTTP 403 (next candidate)
[2026-09-22 01:02:11] GET /api/agents/6aa26c7ce0ac9a5ee05d2b95/conversations/6aa26c825d5b4135ae6b48b5 -> HTTP 403 (next candidate)
[2026-09-22 01:02:11] GET /api/agents/6aa26c7ce0ac9a5ee05d2b95/conversations -> HTTP 403 (next candidate)
[2026-09-22 01:02:21] GET /api/agents/6aa26c7ce0ac9a5ee05d2b95/conversations/6aa26c825d5b4135ae6b48b5/messages -> HTTP 403 (next candidate)
[2026-09-22 01:02:22] GET /api/agents/6aa26c7ce0ac9a5ee05d2b95/conversations/6aa26c825d5b4135ae6b48b5 -> HTTP 403 (next candidate)
[2026-09-22 01:02:22] GET /api/agents/6aa26c7ce0ac9a5ee05d2b95/conversations -> HTTP 403 (next candidate)
[2026-09-22 01:02:32] GET /api/agents/6aa26c7ce0ac9a5ee05d2b95/conversations/6aa26c825d5b4135ae6b48b5/messages -> HTTP 403 (next candidate)
[2026-09-22 01:02:32] GET /api/agents/6aa26c7ce0ac9a5ee05d2b95/conversations/6aa26c825d5b4135ae6b48b5 -> HTTP 403 (next candidate)
[2026-09-22 01:02:32] GET /api/agents/6aa26c7ce0ac9a5ee05d2b95/conversations -> HTTP 403 (next candidate)
[2026-09-22 01:02:42] GET /api/agents/6aa26c7ce0ac9a5ee05d2b95/conversations/6aa26c825d5b4135ae6b48b5/messages -> HTTP 403 (next candidate)
[2026-09-22 01:02:42] GET /api/agents/6aa26c7ce0ac9a5ee05d2b95/conversations/6aa26c825d5b4135ae6b48b5 -> HTTP 403 (next candidate)
[2026-09-22 01:02:42] GET /api/agents/6aa26c7ce0ac9a5ee05d2b95/conversations -> HTTP 403 (next candidate)
[2026-09-22 01:02:53] GET /api/agents/6aa26c7ce0ac9a5ee05d2b95/conversations/6aa26c825d5b4135ae6b48b5/messages -> HTTP 403 (next candidate)
[2026-09-22 01:02:53] GET /api/agents/6aa26c7ce0ac9a5ee05d2b95/conversations/6aa26c825d5b4135ae6b48b5 -> HTTP 403 (next candidate)
[2026-09-22 01:02:53] GET /api/agents/6aa26c7ce0ac9a5ee05d2b95/conversations -> HTTP 403 (next candidate)
[2026-09-22 01:03:03] GET /api/agents/6aa26c7ce0ac9a5ee05d2b95/conversations/6aa26c825d5b4135ae6b48b5/messages -> HTTP 403 (next candidate)
[2026-09-22 01:03:03] GET /api/agents/6aa26c7ce0ac9a5ee05d2b95/conversations/6aa26c825d5b4135ae6b48b5 -> HTTP 403 (next candidate)
[2026-09-22 01:03:03] GET /api/agents/6aa26c7ce0ac9a5ee05d2b95/conversations -> HTTP 403 (next candidate)
[2026-09-22 01:03:13] GET /api/agents/6aa26c7ce0ac9a5ee05d2b95/conversations/6aa26c825d5b4135ae6b48b5/messages -> HTTP 403 (next candidate)
[2026-09-22 01:03:13] GET /api/agents/6aa26c7ce0ac9a5ee05d2b95/conversations/6aa26c825d5b4135ae6b48b5 -> HTTP 403 (next candidate)
[2026-09-22 01:03:13] GET /api/agents/6aa26c7ce0ac9a5ee05d2b95/conversations -> HTTP 403 (next candidate)
[2026-09-22 01:03:23] GET /api/agents/6aa26c7ce0ac9a5ee05d2b95/conversations/6aa26c825d5b4135ae6b48b5/messages -> HTTP 403 (next candidate)
[2026-09-22 01:03:23] GET /api/agents/6aa26c7ce0ac9a5ee05d2b95/conversations/6aa26c825d5b4135ae6b48b5 -> HTTP 403 (next candidate)
[2026-09-22 01:03:24] GET /api/agents/6aa26c7ce0ac9a5ee05d2b95/conversations -> HTTP 403 (next candidate)
[2026-09-22 01:03:34] GET /api/agents/6aa26c7ce0ac9a5ee05d2b95/conversations/6aa26c825d5b4135ae6b48b5/messages -> HTTP 403 (next candidate)
[2026-09-22 01:03:34] GET /api/agents/6aa26c7ce0ac9a5ee05d2b95/conversations/6aa26c825d5b4135ae6b48b5 -> HTTP 403 (next candidate)
[2026-09-22 01:03:34] GET /api/agents/6aa26c7ce0ac9a5ee05d2b95/conversations -> HTTP 403 (next candidate)
[2026-09-22 01:03:44] GET /api/agents/6aa26c7ce0ac9a5ee05d2b95/conversations/6aa26c825d5b4135ae6b48b5/messages -> HTTP 403 (next candidate)
[2026-09-22 01:03:44] GET /api/agents/6aa26c7ce0ac9a5ee05d2b95/conversations/6aa26c825d5b4135ae6b48b5 -> HTTP 403 (next candidate)
[2026-09-22 01:03:44] GET /api/agents/6aa26c7ce0ac9a5ee05d2b95/conversations -> HTTP 403 (next candidate)
[2026-09-22 01:03:54] GET /api/agents/6aa26c7ce0ac9a5ee05d2b95/conversations/6aa26c825d5b4135ae6b48b5/messages -> HTTP 403 (next candidate)
[2026-09-22 01:03:55] GET /api/agents/6aa26c7ce0ac9a5ee05d2b95/conversations/6aa26c825d5b4135ae6b48b5 -> HTTP 403 (next candidate)
[2026-09-22 01:03:55] GET /api/agents/6aa26c7ce0ac9a5ee05d2b95/conversations -> HTTP 403 (next candidate)
[2026-09-22 01:04:05] GET /api/agents/6aa26c7ce0ac9a5ee05d2b95/conversations/6aa26c825d5b4135ae6b48b5/messages -> HTTP 403 (next candidate)
[2026-09-22 01:04:05] GET /api/agents/6aa26c7ce0ac9a5ee05d2b95/conversations/6aa26c825d5b4135ae6b48b5 -> HTTP 403 (next candidate)
[2026-09-22 01:04:05] GET /api/agents/6aa26c7ce0ac9a5ee05d2b95/conversations -> HTTP 403 (next candidate)
[2026-09-22 01:04:15] GET /api/agents/6aa26c7ce0ac9a5ee05d2b95/conversations/6aa26c825d5b4135ae6b48b5/messages -> HTTP 403 (next candidate)
[2026-09-22 01:04:15] GET /api/agents/6aa26c7ce0ac9a5ee05d2b95/conversations/6aa26c825d5b4135ae6b48b5 -> HTTP 403 (next candidate)
[2026-09-22 01:04:15] GET /api/agents/6aa26c7ce0ac9a5ee05d2b95/conversations -> HTTP 403 (next candidate)
[2026-09-22 01:04:26] GET /api/agents/6aa26c7ce0ac9a5ee05d2b95/conversations/6aa26c825d5b4135ae6b48b5/messages -> HTTP 403 (next candidate)
[2026-09-22 01:04:26] GET /api/agents/6aa26c7ce0ac9a5ee05d2b95/conversations/6aa26c825d5b4135ae6b48b5 -> HTTP 403 (next candidate)
[2026-09-22 01:04:26] GET /api/agents/6aa26c7ce0ac9a5ee05d2b95/conversations -> HTTP 403 (next candidate)
[2026-09-22 01:04:36] GET /api/agents/6aa26c7ce0ac9a5ee05d2b95/conversations/6aa26c825d5b4135ae6b48b5/messages -> HTTP 403 (next candidate)
[2026-09-22 01:04:36] GET /api/agents/6aa26c7ce0ac9a5ee05d2b95/conversations/6aa26c825d5b4135ae6b48b5 -> HTTP 403 (next candidate)
[2026-09-22 01:04:36] GET /api/agents/6aa26c7ce0ac9a5ee05d2b95/conversations -> HTTP 403 (next candidate)
[2026-09-22 01:04:46] GET /api/agents/6aa26c7ce0ac9a5ee05d2b95/conversations/6aa26c825d5b4135ae6b48b5/messages -> HTTP 403 (next candidate)
[2026-09-22 01:04:46] GET /api/agents/6aa26c7ce0ac9a5ee05d2b95/conversations/6aa26c825d5b4135ae6b48b5 -> HTTP 403 (next candidate)
[2026-09-22 01:04:47] GET /api/agents/6aa26c7ce0ac9a5ee05d2b95/conversations -> HTTP 403 (next candidate)
[2026-09-22 01:04:57] GET /api/agents/6aa26c7ce0ac9a5ee05d2b95/conversations/6aa26c825d5b4135ae6b48b5/messages -> HTTP 403 (next candidate)
[2026-09-22 01:04:57] GET /api/agents/6aa26c7ce0ac9a5ee05d2b95/conversations/6aa26c825d5b4135ae6b48b5 -> HTTP 403 (next candidate)
[2026-09-22 01:04:57] GET /api/agents/6aa26c7ce0ac9a5ee05d2b95/conversations -> HTTP 403 (next candidate)
[2026-09-22 01:05:07] GET /api/agents/6aa26c7ce0ac9a5ee05d2b95/conversations/6aa26c825d5b4135ae6b48b5/messages -> HTTP 403 (next candidate)
[2026-09-22 01:05:07] GET /api/agents/6aa26c7ce0ac9a5ee05d2b95/conversations/6aa26c825d5b4135ae6b48b5 -> HTTP 403 (next candidate)
[2026-09-22 01:05:07] GET /api/agents/6aa26c7ce0ac9a5ee05d2b95/conversations -> HTTP 403 (next candidate)
[2026-09-22 01:05:18] GET /api/agents/6aa26c7ce0ac9a5ee05d2b95/conversations/6aa26c825d5b4135ae6b48b5/messages -> HTTP 403 (next candidate)
[2026-09-22 01:05:18] GET /api/agents/6aa26c7ce0ac9a5ee05d2b95/conversations/6aa26c825d5b4135ae6b48b5 -> HTTP 403 (next candidate)
[2026-09-22 01:05:18] GET /api/agents/6aa26c7ce0ac9a5ee05d2b95/conversations -> HTTP 403 (next candidate)
[2026-09-22 01:05:28] GET /api/agents/6aa26c7ce0ac9a5ee05d2b95/conversations/6aa26c825d5b4135ae6b48b5/messages -> HTTP 403 (next candidate)
[2026-09-22 01:05:28] GET /api/agents/6aa26c7ce0ac9a5ee05d2b95/conversations/6aa26c825d5b4135ae6b48b5 -> HTTP 403 (next candidate)
[2026-09-22 01:05:28] GET /api/agents/6aa26c7ce0ac9a5ee05d2b95/conversations -> HTTP 403 (next candidate)
[2026-09-22 01:05:38] GET /api/agents/6aa26c7ce0ac9a5ee05d2b95/conversations/6aa26c825d5b4135ae6b48b5/messages -> HTTP 403 (next candidate)
[2026-09-22 01:05:38] GET /api/agents/6aa26c7ce0ac9a5ee05d2b95/conversations/6aa26c825d5b4135ae6b48b5 -> HTTP 403 (next candidate)
[2026-09-22 01:05:38] GET /api/agents/6aa26c7ce0ac9a5ee05d2b95/conversations -> HTTP 403 (next candidate)
[2026-09-22 01:05:49] GET /api/agents/6aa26c7ce0ac9a5ee05d2b95/conversations/6aa26c825d5b4135ae6b48b5/messages -> HTTP 403 (next candidate)
[2026-09-22 01:05:49] GET /api/agents/6aa26c7ce0ac9a5ee05d2b95/conversations/6aa26c825d5b4135ae6b48b5 -> HTTP 403 (next candidate)
[2026-09-22 01:05:49] GET /api/agents/6aa26c7ce0ac9a5ee05d2b95/conversations -> HTTP 403 (next candidate)
[2026-09-22 01:05:59] GET /api/agents/6aa26c7ce0ac9a5ee05d2b95/conversations/6aa26c825d5b4135ae6b48b5/messages -> HTTP 403 (next candidate)
[2026-09-22 01:05:59] GET /api/agents/6aa26c7ce0ac9a5ee05d2b95/conversations/6aa26c825d5b4135ae6b48b5 -> HTTP 403 (next candidate)
[2026-09-22 01:05:59] GET /api/agents/6aa26c7ce0ac9a5ee05d2b95/conversations -> HTTP 403 (next candidate)
[2026-09-22 01:06:09] GET /api/agents/6aa26c7ce0ac9a5ee05d2b95/conversations/6aa26c825d5b4135ae6b48b5/messages -> HTTP 403 (next candidate)
[2026-09-22 01:06:09] GET /api/agents/6aa26c7ce0ac9a5ee05d2b95/conversations/6aa26c825d5b4135ae6b48b5 -> HTTP 403 (next candidate)
[2026-09-22 01:06:09] GET /api/agents/6aa26c7ce0ac9a5ee05d2b95/conversations -> HTTP 403 (next candidate)
[2026-09-22 01:06:20] GET /api/agents/6aa26c7ce0ac9a5ee05d2b95/conversations/6aa26c825d5b4135ae6b48b5/messages -> HTTP 403 (next candidate)
[2026-09-22 01:06:20] GET /api/agents/6aa26c7ce0ac9a5ee05d2b95/conversations/6aa26c825d5b4135ae6b48b5 -> HTTP 403 (next candidate)
[2026-09-22 01:06:20] GET /api/agents/6aa26c7ce0ac9a5ee05d2b95/conversations -> HTTP 403 (next candidate)
[2026-09-22 01:06:30] GET /api/agents/6aa26c7ce0ac9a5ee05d2b95/conversations/6aa26c825d5b4135ae6b48b5/messages -> HTTP 403 (next candidate)
[2026-09-22 01:06:30] GET /api/agents/6aa26c7ce0ac9a5ee05d2b95/conversations/6aa26c825d5b4135ae6b48b5 -> HTTP 403 (next candidate)
[2026-09-22 01:06:30] GET /api/agents/6aa26c7ce0ac9a5ee05d2b95/conversations -> HTTP 403 (next candidate)
[2026-09-22 01:06:40] GET /api/agents/6aa26c7ce0ac9a5ee05d2b95/conversations/6aa26c825d5b4135ae6b48b5/messages -> HTTP 403 (next candidate)
[2026-09-22 01:06:40] GET /api/agents/6aa26c7ce0ac9a5ee05d2b95/conversations/6aa26c825d5b4135ae6b48b5 -> HTTP 403 (next candidate)
[2026-09-22 01:06:41] GET /api/agents/6aa26c7ce0ac9a5ee05d2b95/conversations -> HTTP 403 (next candidate)
[2026-09-22 01:06:51] GET /api/agents/6aa26c7ce0ac9a5ee05d2b95/conversations/6aa26c825d5b4135ae6b48b5/messages -> HTTP 403 (next candidate)
[2026-09-22 01:06:51] GET /api/agents/6aa26c7ce0ac9a5ee05d2b95/conversations/6aa26c825d5b4135ae6b48b5 -> HTTP 403 (next candidate)
[2026-09-22 01:06:51] GET /api/agents/6aa26c7ce0ac9a5ee05d2b95/conversations -> HTTP 403 (next candidate)
[2026-09-22 01:07:01] GET /api/agents/6aa26c7ce0ac9a5ee05d2b95/conversations/6aa26c825d5b4135ae6b48b5/messages -> HTTP 403 (next candidate)
[2026-09-22 01:07:01] GET /api/agents/6aa26c7ce0ac9a5ee05d2b95/conversations/6aa26c825d5b4135ae6b48b5 -> HTTP 403 (next candidate)
[2026-09-22 01:07:01] GET /api/agents/6aa26c7ce0ac9a5ee05d2b95/conversations -> HTTP 403 (next candidate)
[2026-09-22 01:07:11] GET /api/agents/6aa26c7ce0ac9a5ee05d2b95/conversations/6aa26c825d5b4135ae6b48b5/messages -> HTTP 403 (next candidate)
[2026-09-22 01:07:12] GET /api/agents/6aa26c7ce0ac9a5ee05d2b95/conversations/6aa26c825d5b4135ae6b48b5 -> HTTP 403 (next candidate)
[2026-09-22 01:07:12] GET /api/agents/6aa26c7ce0ac9a5ee05d2b95/conversations -> HTTP 403 (next candidate)
[2026-09-22 01:07:22] GET /api/agents/6aa26c7ce0ac9a5ee05d2b95/conversations/6aa26c825d5b4135ae6b48b5/messages -> HTTP 403 (next candidate)
[2026-09-22 01:07:22] GET /api/agents/6aa26c7ce0ac9a5ee05d2b95/conversations/6aa26c825d5b4135ae6b48b5 -> HTTP 403 (next candidate)
[2026-09-22 01:07:22] GET /api/agents/6aa26c7ce0ac9a5ee05d2b95/conversations -> HTTP 403 (next candidate)
[2026-09-22 01:07:32] GET /api/agents/6aa26c7ce0ac9a5ee05d2b95/conversations/6aa26c825d5b4135ae6b48b5/messages -> HTTP 403 (next candidate)
[2026-09-22 01:07:32] GET /api/agents/6aa26c7ce0ac9a5ee05d2b95/conversations/6aa26c825d5b4135ae6b48b5 -> HTTP 403 (next candidate)
[2026-09-22 01:07:32] GET /api/agents/6aa26c7ce0ac9a5ee05d2b95/conversations -> HTTP 403 (next candidate)
[2026-09-22 01:07:42] GET /api/agents/6aa26c7ce0ac9a5ee05d2b95/conversations/6aa26c825d5b4135ae6b48b5/messages -> HTTP 403 (next candidate)
[2026-09-22 01:07:43] GET /api/agents/6aa26c7ce0ac9a5ee05d2b95/conversations/6aa26c825d5b4135ae6b48b5 -> HTTP 403 (next candidate)
[2026-09-22 01:07:43] GET /api/agents/6aa26c7ce0ac9a5ee05d2b95/conversations -> HTTP 403 (next candidate)
[2026-09-22 01:07:53] GET /api/agents/6aa26c7ce0ac9a5ee05d2b95/conversations/6aa26c825d5b4135ae6b48b5/messages -> HTTP 403 (next candidate)
[2026-09-22 01:07:53] GET /api/agents/6aa26c7ce0ac9a5ee05d2b95/conversations/6aa26c825d5b4135ae6b48b5 -> HTTP 403 (next candidate)
[2026-09-22 01:07:53] GET /api/agents/6aa26c7ce0ac9a5ee05d2b95/conversations -> HTTP 403 (next candidate)
[2026-09-22 01:08:03] GET /api/agents/6aa26c7ce0ac9a5ee05d2b95/conversations/6aa26c825d5b4135ae6b48b5/messages -> HTTP 403 (next candidate)
[2026-09-22 01:08:03] GET /api/agents/6aa26c7ce0ac9a5ee05d2b95/conversations/6aa26c825d5b4135ae6b48b5 -> HTTP 403 (next candidate)
[2026-09-22 01:08:04] GET /api/agents/6aa26c7ce0ac9a5ee05d2b95/conversations -> HTTP 403 (next candidate)
[2026-09-22 01:08:14] GET /api/agents/6aa26c7ce0ac9a5ee05d2b95/conversations/6aa26c825d5b4135ae6b48b5/messages -> HTTP 403 (next candidate)
[2026-09-22 01:08:14] GET /api/agents/6aa26c7ce0ac9a5ee05d2b95/conversations/6aa26c825d5b4135ae6b48b5 -> HTTP 403 (next candidate)
[2026-09-22 01:08:14] GET /api/agents/6aa26c7ce0ac9a5ee05d2b95/conversations -> HTTP 403 (next candidate)
[2026-09-22 01:08:24] GET /api/agents/6aa26c7ce0ac9a5ee05d2b95/conversations/6aa26c825d5b4135ae6b48b5/messages -> HTTP 403 (next candidate)
[2026-09-22 01:08:24] GET /api/agents/6aa26c7ce0ac9a5ee05d2b95/conversations/6aa26c825d5b4135ae6b48b5 -> HTTP 403 (next candidate)
[2026-09-22 01:08:24] GET /api/agents/6aa26c7ce0ac9a5ee05d2b95/conversations -> HTTP 403 (next candidate)
[2026-09-22 01:08:34] GET /api/agents/6aa26c7ce0ac9a5ee05d2b95/conversations/6aa26c825d5b4135ae6b48b5/messages -> HTTP 403 (next candidate)
[2026-09-22 01:08:35] GET /api/agents/6aa26c7ce0ac9a5ee05d2b95/conversations/6aa26c825d5b4135ae6b48b5 -> HTTP 403 (next candidate)
[2026-09-22 01:08:35] GET /api/agents/6aa26c7ce0ac9a5ee05d2b95/conversations -> HTTP 403 (next candidate)
[2026-09-22 01:08:45] GET /api/agents/6aa26c7ce0ac9a5ee05d2b95/conversations/6aa26c825d5b4135ae6b48b5/messages -> HTTP 403 (next candidate)
[2026-09-22 01:08:45] GET /api/agents/6aa26c7ce0ac9a5ee05d2b95/conversations/6aa26c825d5b4135ae6b48b5 -> HTTP 403 (next candidate)
[2026-09-22 01:08:45] GET /api/agents/6aa26c7ce0ac9a5ee05d2b95/conversations -> HTTP 403 (next candidate)
[2026-09-22 01:08:55] GET /api/agents/6aa26c7ce0ac9a5ee05d2b95/conversations/6aa26c825d5b4135ae6b48b5/messages -> HTTP 403 (next candidate)
[2026-09-22 01:08:55] GET /api/agents/6aa26c7ce0ac9a5ee05d2b95/conversations/6aa26c825d5b4135ae6b48b5 -> HTTP 403 (next candidate)
[2026-09-22 01:08:55] GET /api/agents/6aa26c7ce0ac9a5ee05d2b95/conversations -> HTTP 403 (next candidate)
[2026-09-22 01:09:06] GET /api/agents/6aa26c7ce0ac9a5ee05d2b95/conversations/6aa26c825d5b4135ae6b48b5/messages -> HTTP 403 (next candidate)
[2026-09-22 01:09:06] GET /api/agents/6aa26c7ce0ac9a5ee05d2b95/conversations/6aa26c825d5b4135ae6b48b5 -> HTTP 403 (next candidate)
[2026-09-22 01:09:06] GET /api/agents/6aa26c7ce0ac9a5ee05d2b95/conversations -> HTTP 403 (next candidate)
[2026-09-22 01:09:16] GET /api/agents/6aa26c7ce0ac9a5ee05d2b95/conversations/6aa26c825d5b4135ae6b48b5/messages -> HTTP 403 (next candidate)
[2026-09-22 01:09:16] GET /api/agents/6aa26c7ce0ac9a5ee05d2b95/conversations/6aa26c825d5b4135ae6b48b5 -> HTTP 403 (next candidate)
[2026-09-22 01:09:16] GET /api/agents/6aa26c7ce0ac9a5ee05d2b95/conversations -> HTTP 403 (next candidate)
[2026-09-22 01:09:26] GET /api/agents/6aa26c7ce0ac9a5ee05d2b95/conversations/6aa26c825d5b4135ae6b48b5/messages -> HTTP 403 (next candidate)
[2026-09-22 01:09:26] GET /api/agents/6aa26c7ce0ac9a5ee05d2b95/conversations/6aa26c825d5b4135ae6b48b5 -> HTTP 403 (next candidate)
[2026-09-22 01:09:26] GET /api/agents/6aa26c7ce0ac9a5ee05d2b95/conversations -> HTTP 403 (next candidate)
[2026-09-22 01:09:37] GET /api/agents/6aa26c7ce0ac9a5ee05d2b95/conversations/6aa26c825d5b4135ae6b48b5/messages -> HTTP 403 (next candidate)
[2026-09-22 01:09:37] GET /api/agents/6aa26c7ce0ac9a5ee05d2b95/conversations/6aa26c825d5b4135ae6b48b5 -> HTTP 403 (next candidate)
[2026-09-22 01:09:37] GET /api/agents/6aa26c7ce0ac9a5ee05d2b95/conversations -> HTTP 403 (next candidate)
[2026-09-22 01:09:47] GET /api/agents/6aa26c7ce0ac9a5ee05d2b95/conversations/6aa26c825d5b4135ae6b48b5/messages -> HTTP 403 (next candidate)
[2026-09-22 01:09:47] GET /api/agents/6aa26c7ce0ac9a5ee05d2b95/conversations/6aa26c825d5b4135ae6b48b5 -> HTTP 403 (next candidate)
[2026-09-22 01:09:47] GET /api/agents/6aa26c7ce0ac9a5ee05d2b95/conversations -> HTTP 403 (next candidate)
[2026-09-22 01:09:57] GET /api/agents/6aa26c7ce0ac9a5ee05d2b95/conversations/6aa26c825d5b4135ae6b48b5/messages -> HTTP 403 (next candidate)
[2026-09-22 01:09:58] GET /api/agents/6aa26c7ce0ac9a5ee05d2b95/conversations/6aa26c825d5b4135ae6b48b5 -> HTTP 403 (next candidate)
[2026-09-22 01:09:58] GET /api/agents/6aa26c7ce0ac9a5ee05d2b95/conversations -> HTTP 403 (next candidate)
[2026-09-22 01:10:08] GET /api/agents/6aa26c7ce0ac9a5ee05d2b95/conversations/6aa26c825d5b4135ae6b48b5/messages -> HTTP 403 (next candidate)
[2026-09-22 01:10:08] GET /api/agents/6aa26c7ce0ac9a5ee05d2b95/conversations/6aa26c825d5b4135ae6b48b5 -> HTTP 403 (next candidate)
[2026-09-22 01:10:08] GET /api/agents/6aa26c7ce0ac9a5ee05d2b95/conversations -> HTTP 403 (next candidate)
[2026-09-22 01:10:18] GET /api/agents/6aa26c7ce0ac9a5ee05d2b95/conversations/6aa26c825d5b4135ae6b48b5/messages -> HTTP 403 (next candidate)
[2026-09-22 01:10:18] GET /api/agents/6aa26c7ce0ac9a5ee05d2b95/conversations/6aa26c825d5b4135ae6b48b5 -> HTTP 403 (next candidate)
[2026-09-22 01:10:18] GET /api/agents/6aa26c7ce0ac9a5ee05d2b95/conversations -> HTTP 403 (next candidate)
[2026-09-22 01:10:28] GET /api/agents/6aa26c7ce0ac9a5ee05d2b95/conversations/6aa26c825d5b4135ae6b48b5/messages -> HTTP 403 (next candidate)
[2026-09-22 01:10:29] GET /api/agents/6aa26c7ce0ac9a5ee05d2b95/conversations/6aa26c825d5b4135ae6b48b5 -> HTTP 403 (next candidate)
[2026-09-22 01:10:29] GET /api/agents/6aa26c7ce0ac9a5ee05d2b95/conversations -> HTTP 403 (next candidate)
[2026-09-22 01:10:39] GET /api/agents/6aa26c7ce0ac9a5ee05d2b95/conversations/6aa26c825d5b4135ae6b48b5/messages -> HTTP 403 (next candidate)
[2026-09-22 01:10:39] GET /api/agents/6aa26c7ce0ac9a5ee05d2b95/conversations/6aa26c825d5b4135ae6b48b5 -> HTTP 403 (next candidate)
[2026-09-22 01:10:39] GET /api/agents/6aa26c7ce0ac9a5ee05d2b95/conversations -> HTTP 403 (next candidate)
[2026-09-22 01:10:49] GET /api/agents/6aa26c7ce0ac9a5ee05d2b95/conversations/6aa26c825d5b4135ae6b48b5/messages -> HTTP 403 (next candidate)
[2026-09-22 01:10:49] GET /api/agents/6aa26c7ce0ac9a5ee05d2b95/conversations/6aa26c825d5b4135ae6b48b5 -> HTTP 403 (next candidate)
[2026-09-22 01:10:49] GET /api/agents/6aa26c7ce0ac9a5ee05d2b95/conversations -> HTTP 403 (next candidate)
[2026-09-22 01:11:00] GET /api/agents/6aa26c7ce0ac9a5ee05d2b95/conversations/6aa26c825d5b4135ae6b48b5/messages -> HTTP 403 (next candidate)
[2026-09-22 01:11:00] GET /api/agents/6aa26c7ce0ac9a5ee05d2b95/conversations/6aa26c825d5b4135ae6b48b5 -> HTTP 403 (next candidate)
[2026-09-22 01:11:00] GET /api/agents/6aa26c7ce0ac9a5ee05d2b95/conversations -> HTTP 403 (next candidate)
[2026-09-22 01:11:10] GET /api/agents/6aa26c7ce0ac9a5ee05d2b95/conversations/6aa26c825d5b4135ae6b48b5/messages -> HTTP 403 (next candidate)
[2026-09-22 01:11:10] GET /api/agents/6aa26c7ce0ac9a5ee05d2b95/conversations/6aa26c825d5b4135ae6b48b5 -> HTTP 403 (next candidate)
[2026-09-22 01:11:11] GET /api/agents/6aa26c7ce0ac9a5ee05d2b95/conversations -> HTTP 403 (next candidate)
[2026-09-22 01:11:21] GET /api/agents/6aa26c7ce0ac9a5ee05d2b95/conversations/6aa26c825d5b4135ae6b48b5/messages -> HTTP 403 (next candidate)
[2026-09-22 01:11:21] GET /api/agents/6aa26c7ce0ac9a5ee05d2b95/conversations/6aa26c825d5b4135ae6b48b5 -> HTTP 403 (next candidate)
[2026-09-22 01:11:21] GET /api/agents/6aa26c7ce0ac9a5ee05d2b95/conversations -> HTTP 403 (next candidate)
[2026-09-22 01:11:31] GET /api/agents/6aa26c7ce0ac9a5ee05d2b95/conversations/6aa26c825d5b4135ae6b48b5/messages -> HTTP 403 (next candidate)
[2026-09-22 01:11:31] GET /api/agents/6aa26c7ce0ac9a5ee05d2b95/conversations/6aa26c825d5b4135ae6b48b5 -> HTTP 403 (next candidate)
[2026-09-22 01:11:31] GET /api/agents/6aa26c7ce0ac9a5ee05d2b95/conversations -> HTTP 403 (next candidate)
[2026-09-22 01:11:42] GET /api/agents/6aa26c7ce0ac9a5ee05d2b95/conversations/6aa26c825d5b4135ae6b48b5/messages -> HTTP 403 (next candidate)
[2026-09-22 01:11:42] GET /api/agents/6aa26c7ce0ac9a5ee05d2b95/conversations/6aa26c825d5b4135ae6b48b5 -> HTTP 403 (next candidate)
[2026-09-22 01:11:42] GET /api/agents/6aa26c7ce0ac9a5ee05d2b95/conversations -> HTTP 403 (next candidate)
[2026-09-22 01:11:52] GET /api/agents/6aa26c7ce0ac9a5ee05d2b95/conversations/6aa26c825d5b4135ae6b48b5/messages -> HTTP 403 (next candidate)
[2026-09-22 01:11:52] GET /api/agents/6aa26c7ce0ac9a5ee05d2b95/conversations/6aa26c825d5b4135ae6b48b5 -> HTTP 403 (next candidate)
[2026-09-22 01:11:52] GET /api/agents/6aa26c7ce0ac9a5ee05d2b95/conversations -> HTTP 403 (next candidate)
[2026-09-22 01:12:02] GET /api/agents/6aa26c7ce0ac9a5ee05d2b95/conversations/6aa26c825d5b4135ae6b48b5/messages -> HTTP 403 (next candidate)
[2026-09-22 01:12:02] GET /api/agents/6aa26c7ce0ac9a5ee05d2b95/conversations/6aa26c825d5b4135ae6b48b5 -> HTTP 403 (next candidate)
[2026-09-22 01:12:02] GET /api/agents/6aa26c7ce0ac9a5ee05d2b95/conversations -> HTTP 403 (next candidate)
[2026-09-22 01:12:13] GET /api/agents/6aa26c7ce0ac9a5ee05d2b95/conversations/6aa26c825d5b4135ae6b48b5/messages -> HTTP 403 (next candidate)
[2026-09-22 01:12:13] GET /api/agents/6aa26c7ce0ac9a5ee05d2b95/conversations/6aa26c825d5b4135ae6b48b5 -> HTTP 403 (next candidate)
[2026-09-22 01:12:13] GET /api/agents/6aa26c7ce0ac9a5ee05d2b95/conversations -> HTTP 403 (next candidate)
[2026-09-22 01:12:23] GET /api/agents/6aa26c7ce0ac9a5ee05d2b95/conversations/6aa26c825d5b4135ae6b48b5/messages -> HTTP 403 (next candidate)
[2026-09-22 01:12:23] GET /api/agents/6aa26c7ce0ac9a5ee05d2b95/conversations/6aa26c825d5b4135ae6b48b5 -> HTTP 403 (next candidate)
[2026-09-22 01:12:23] GET /api/agents/6aa26c7ce0ac9a5ee05d2b95/conversations -> HTTP 403 (next candidate)
[2026-09-22 01:12:33] GET /api/agents/6aa26c7ce0ac9a5ee05d2b95/conversations/6aa26c825d5b4135ae6b48b5/messages -> HTTP 403 (next candidate)
[2026-09-22 01:12:34] GET /api/agents/6aa26c7ce0ac9a5ee05d2b95/conversations/6aa26c825d5b4135ae6b48b5 -> HTTP 403 (next candidate)
[2026-09-22 01:12:34] GET /api/agents/6aa26c7ce0ac9a5ee05d2b95/conversations -> HTTP 403 (next candidate)
[2026-09-22 01:12:44] GET /api/agents/6aa26c7ce0ac9a5ee05d2b95/conversations/6aa26c825d5b4135ae6b48b5/messages -> HTTP 403 (next candidate)
[2026-09-22 01:12:44] GET /api/agents/6aa26c7ce0ac9a5ee05d2b95/conversations/6aa26c825d5b4135ae6b48b5 -> HTTP 403 (next candidate)
[2026-09-22 01:12:44] GET /api/agents/6aa26c7ce0ac9a5ee05d2b95/conversations -> HTTP 403 (next candidate)
[2026-09-22 01:12:54] GET /api/agents/6aa26c7ce0ac9a5ee05d2b95/conversations/6aa26c825d5b4135ae6b48b5/messages -> HTTP 403 (next candidate)
[2026-09-22 01:12:54] GET /api/agents/6aa26c7ce0ac9a5ee05d2b95/conversations/6aa26c825d5b4135ae6b48b5 -> HTTP 403 (next candidate)
[2026-09-22 01:12:54] GET /api/agents/6aa26c7ce0ac9a5ee05d2b95/conversations -> HTTP 403 (next candidate)
[2026-09-22 01:13:05] GET /api/agents/6aa26c7ce0ac9a5ee05d2b95/conversations/6aa26c825d5b4135ae6b48b5/messages -> HTTP 403 (next candidate)
[2026-09-22 01:13:05] GET /api/agents/6aa26c7ce0ac9a5ee05d2b95/conversations/6aa26c825d5b4135ae6b48b5 -> HTTP 403 (next candidate)
[2026-09-22 01:13:05] GET /api/agents/6aa26c7ce0ac9a5ee05d2b95/conversations -> HTTP 403 (next candidate)
[2026-09-22 01:13:15] GET /api/agents/6aa26c7ce0ac9a5ee05d2b95/conversations/6aa26c825d5b4135ae6b48b5/messages -> HTTP 403 (next candidate)
[2026-09-22 01:13:15] GET /api/agents/6aa26c7ce0ac9a5ee05d2b95/conversations/6aa26c825d5b4135ae6b48b5 -> HTTP 403 (next candidate)
[2026-09-22 01:13:15] GET /api/agents/6aa26c7ce0ac9a5ee05d2b95/conversations -> HTTP 403 (next candidate)
[2026-09-22 01:13:25] GET /api/agents/6aa26c7ce0ac9a5ee05d2b95/conversations/6aa26c825d5b4135ae6b48b5/messages -> HTTP 403 (next candidate)
[2026-09-22 01:13:25] GET /api/agents/6aa26c7ce0ac9a5ee05d2b95/conversations/6aa26c825d5b4135ae6b48b5 -> HTTP 403 (next candidate)
[2026-09-22 01:13:25] GET /api/agents/6aa26c7ce0ac9a5ee05d2b95/conversations -> HTTP 403 (next candidate)
[2026-09-22 01:13:36] GET /api/agents/6aa26c7ce0ac9a5ee05d2b95/conversations/6aa26c825d5b4135ae6b48b5/messages -> HTTP 403 (next candidate)
[2026-09-22 01:13:36] GET /api/agents/6aa26c7ce0ac9a5ee05d2b95/conversations/6aa26c825d5b4135ae6b48b5 -> HTTP 403 (next candidate)
[2026-09-22 01:13:36] GET /api/agents/6aa26c7ce0ac9a5ee05d2b95/conversations -> HTTP 403 (next candidate)
[2026-09-22 01:13:46] GET /api/agents/6aa26c7ce0ac9a5ee05d2b95/conversations/6aa26c825d5b4135ae6b48b5/messages -> HTTP 403 (next candidate)
[2026-09-22 01:13:46] GET /api/agents/6aa26c7ce0ac9a5ee05d2b95/conversations/6aa26c825d5b4135ae6b48b5 -> HTTP 403 (next candidate)
[2026-09-22 01:13:46] GET /api/agents/6aa26c7ce0ac9a5ee05d2b95/conversations -> HTTP 403 (next candidate)
[2026-09-22 01:13:56] GET /api/agents/6aa26c7ce0ac9a5ee05d2b95/conversations/6aa26c825d5b4135ae6b48b5/messages -> HTTP 403 (next candidate)
[2026-09-22 01:13:56] GET /api/agents/6aa26c7ce0ac9a5ee05d2b95/conversations/6aa26c825d5b4135ae6b48b5 -> HTTP 403 (next candidate)
[2026-09-22 01:13:57] GET /api/agents/6aa26c7ce0ac9a5ee05d2b95/conversations -> HTTP 403 (next candidate)
[2026-09-22 01:14:07] GET /api/agents/6aa26c7ce0ac9a5ee05d2b95/conversations/6aa26c825d5b4135ae6b48b5/messages -> HTTP 403 (next candidate)
[2026-09-22 01:14:07] GET /api/agents/6aa26c7ce0ac9a5ee05d2b95/conversations/6aa26c825d5b4135ae6b48b5 -> HTTP 403 (next candidate)
[2026-09-22 01:14:07] GET /api/agents/6aa26c7ce0ac9a5ee05d2b95/conversations -> HTTP 403 (next candidate)
[2026-09-22 01:14:17] GET /api/agents/6aa26c7ce0ac9a5ee05d2b95/conversations/6aa26c825d5b4135ae6b48b5/messages -> HTTP 403 (next candidate)
[2026-09-22 01:14:17] GET /api/agents/6aa26c7ce0ac9a5ee05d2b95/conversations/6aa26c825d5b4135ae6b48b5 -> HTTP 403 (next candidate)
[2026-09-22 01:14:17] GET /api/agents/6aa26c7ce0ac9a5ee05d2b95/conversations -> HTTP 403 (next candidate)
[2026-09-22 01:14:27] GET /api/agents/6aa26c7ce0ac9a5ee05d2b95/conversations/6aa26c825d5b4135ae6b48b5/messages -> HTTP 403 (next candidate)
[2026-09-22 01:14:27] GET /api/agents/6aa26c7ce0ac9a5ee05d2b95/conversations/6aa26c825d5b4135ae6b48b5 -> HTTP 403 (next candidate)
[2026-09-22 01:14:28] GET /api/agents/6aa26c7ce0ac9a5ee05d2b95/conversations -> HTTP 403 (next candidate)
[2026-09-22 01:14:38] GET /api/agents/6aa26c7ce0ac9a5ee05d2b95/conversations/6aa26c825d5b4135ae6b48b5/messages -> HTTP 403 (next candidate)
[2026-09-22 01:14:38] GET /api/agents/6aa26c7ce0ac9a5ee05d2b95/conversations/6aa26c825d5b4135ae6b48b5 -> HTTP 403 (next candidate)
[2026-09-22 01:14:38] GET /api/agents/6aa26c7ce0ac9a5ee05d2b95/conversations -> HTTP 403 (next candidate)
[2026-09-22 01:14:48] GET /api/agents/6aa26c7ce0ac9a5ee05d2b95/conversations/6aa26c825d5b4135ae6b48b5/messages -> HTTP 403 (next candidate)
[2026-09-22 01:14:48] GET /api/agents/6aa26c7ce0ac9a5ee05d2b95/conversations/6aa26c825d5b4135ae6b48b5 -> HTTP 403 (next candidate)
[2026-09-22 01:14:48] GET /api/agents/6aa26c7ce0ac9a5ee05d2b95/conversations -> HTTP 403 (next candidate)
[2026-09-22 01:14:58] GET /api/agents/6aa26c7ce0ac9a5ee05d2b95/conversations/6aa26c825d5b4135ae6b48b5/messages -> HTTP 403 (next candidate)
[2026-09-22 01:14:59] GET /api/agents/6aa26c7ce0ac9a5ee05d2b95/conversations/6aa26c825d5b4135ae6b48b5 -> HTTP 403 (next candidate)
[2026-09-22 01:14:59] GET /api/agents/6aa26c7ce0ac9a5ee05d2b95/conversations -> HTTP 403 (next candidate)
[2026-09-22 01:15:09] GET /api/agents/6aa26c7ce0ac9a5ee05d2b95/conversations/6aa26c825d5b4135ae6b48b5/messages -> HTTP 403 (next candidate)
[2026-09-22 01:15:09] GET /api/agents/6aa26c7ce0ac9a5ee05d2b95/conversations/6aa26c825d5b4135ae6b48b5 -> HTTP 403 (next candidate)
[2026-09-22 01:15:09] GET /api/agents/6aa26c7ce0ac9a5ee05d2b95/conversations -> HTTP 403 (next candidate)
[2026-09-22 01:15:19] GET /api/agents/6aa26c7ce0ac9a5ee05d2b95/conversations/6aa26c825d5b4135ae6b48b5/messages -> HTTP 403 (next candidate)
[2026-09-22 01:15:20] GET /api/agents/6aa26c7ce0ac9a5ee05d2b95/conversations/6aa26c825d5b4135ae6b48b5 -> HTTP 403 (next candidate)
[2026-09-22 01:15:20] GET /api/agents/6aa26c7ce0ac9a5ee05d2b95/conversations -> HTTP 403 (next candidate)
[2026-09-22 01:15:30] GET /api/agents/6aa26c7ce0ac9a5ee05d2b95/conversations/6aa26c825d5b4135ae6b48b5/messages -> HTTP 403 (next candidate)
[2026-09-22 01:15:30] GET /api/agents/6aa26c7ce0ac9a5ee05d2b95/conversations/6aa26c825d5b4135ae6b48b5 -> HTTP 403 (next candidate)
[2026-09-22 01:15:30] GET /api/agents/6aa26c7ce0ac9a5ee05d2b95/conversations -> HTTP 403 (next candidate)
[2026-09-22 01:15:40] GET /api/agents/6aa26c7ce0ac9a5ee05d2b95/conversations/6aa26c825d5b4135ae6b48b5/messages -> HTTP 403 (next candidate)
[2026-09-22 01:15:40] GET /api/agents/6aa26c7ce0ac9a5ee05d2b95/conversations/6aa26c825d5b4135ae6b48b5 -> HTTP 403 (next candidate)
[2026-09-22 01:15:40] GET /api/agents/6aa26c7ce0ac9a5ee05d2b95/conversations -> HTTP 403 (next candidate)
[2026-09-22 01:15:50] GET /api/agents/6aa26c7ce0ac9a5ee05d2b95/conversations/6aa26c825d5b4135ae6b48b5/messages -> HTTP 403 (next candidate)
[2026-09-22 01:15:50] GET /api/agents/6aa26c7ce0ac9a5ee05d2b95/conversations/6aa26c825d5b4135ae6b48b5 -> HTTP 403 (next candidate)
[2026-09-22 01:15:51] GET /api/agents/6aa26c7ce0ac9a5ee05d2b95/conversations -> HTTP 403 (next candidate)
[2026-09-22 01:16:01] GET /api/agents/6aa26c7ce0ac9a5ee05d2b95/conversations/6aa26c825d5b4135ae6b48b5/messages -> HTTP 403 (next candidate)
[2026-09-22 01:16:01] GET /api/agents/6aa26c7ce0ac9a5ee05d2b95/conversations/6aa26c825d5b4135ae6b48b5 -> HTTP 403 (next candidate)
[2026-09-22 01:16:01] GET /api/agents/6aa26c7ce0ac9a5ee05d2b95/conversations -> HTTP 403 (next candidate)
[2026-09-22 01:16:11] GET /api/agents/6aa26c7ce0ac9a5ee05d2b95/conversations/6aa26c825d5b4135ae6b48b5/messages -> HTTP 403 (next candidate)
[2026-09-22 01:16:11] GET /api/agents/6aa26c7ce0ac9a5ee05d2b95/conversations/6aa26c825d5b4135ae6b48b5 -> HTTP 403 (next candidate)
[2026-09-22 01:16:11] GET /api/agents/6aa26c7ce0ac9a5ee05d2b95/conversations -> HTTP 403 (next candidate)
[2026-09-22 01:16:21] GET /api/agents/6aa26c7ce0ac9a5ee05d2b95/conversations/6aa26c825d5b4135ae6b48b5/messages -> HTTP 403 (next candidate)
[2026-09-22 01:16:22] GET /api/agents/6aa26c7ce0ac9a5ee05d2b95/conversations/6aa26c825d5b4135ae6b48b5 -> HTTP 403 (next candidate)
[2026-09-22 01:16:22] GET /api/agents/6aa26c7ce0ac9a5ee05d2b95/conversations -> HTTP 403 (next candidate)
[2026-09-22 01:16:32] GET /api/agents/6aa26c7ce0ac9a5ee05d2b95/conversations/6aa26c825d5b4135ae6b48b5/messages -> HTTP 403 (next candidate)
[2026-09-22 01:16:32] GET /api/agents/6aa26c7ce0ac9a5ee05d2b95/conversations/6aa26c825d5b4135ae6b48b5 -> HTTP 403 (next candidate)
[2026-09-22 01:16:32] GET /api/agents/6aa26c7ce0ac9a5ee05d2b95/conversations -> HTTP 403 (next candidate)
[2026-09-22 01:16:42] GET /api/agents/6aa26c7ce0ac9a5ee05d2b95/conversations/6aa26c825d5b4135ae6b48b5/messages -> HTTP 403 (next candidate)
[2026-09-22 01:16:42] GET /api/agents/6aa26c7ce0ac9a5ee05d2b95/conversations/6aa26c825d5b4135ae6b48b5 -> HTTP 403 (next candidate)
[2026-09-22 01:16:42] GET /api/agents/6aa26c7ce0ac9a5ee05d2b95/conversations -> HTTP 403 (next candidate)
[2026-09-22 01:16:52] GET /api/agents/6aa26c7ce0ac9a5ee05d2b95/conversations/6aa26c825d5b4135ae6b48b5/messages -> HTTP 403 (next candidate)
[2026-09-22 01:16:53] GET /api/agents/6aa26c7ce0ac9a5ee05d2b95/conversations/6aa26c825d5b4135ae6b48b5 -> HTTP 403 (next candidate)
[2026-09-22 01:16:53] GET /api/agents/6aa26c7ce0ac9a5ee05d2b95/conversations -> HTTP 403 (next candidate)
[2026-09-22 01:17:03] GET /api/agents/6aa26c7ce0ac9a5ee05d2b95/conversations/6aa26c825d5b4135ae6b48b5/messages -> HTTP 403 (next candidate)
[2026-09-22 01:17:03] GET /api/agents/6aa26c7ce0ac9a5ee05d2b95/conversations/6aa26c825d5b4135ae6b48b5 -> HTTP 403 (next candidate)
[2026-09-22 01:17:03] GET /api/agents/6aa26c7ce0ac9a5ee05d2b95/conversations -> HTTP 403 (next candidate)
[2026-09-22 01:17:13] GET /api/agents/6aa26c7ce0ac9a5ee05d2b95/conversations/6aa26c825d5b4135ae6b48b5/messages -> HTTP 403 (next candidate)
[2026-09-22 01:17:13] GET /api/agents/6aa26c7ce0ac9a5ee05d2b95/conversations/6aa26c825d5b4135ae6b48b5 -> HTTP 403 (next candidate)
[2026-09-22 01:17:13] GET /api/agents/6aa26c7ce0ac9a5ee05d2b95/conversations -> HTTP 403 (next candidate)
[2026-09-22 01:17:23] GET /api/agents/6aa26c7ce0ac9a5ee05d2b95/conversations/6aa26c825d5b4135ae6b48b5/messages -> HTTP 403 (next candidate)
[2026-09-22 01:17:24] GET /api/agents/6aa26c7ce0ac9a5ee05d2b95/conversations/6aa26c825d5b4135ae6b48b5 -> HTTP 403 (next candidate)
[2026-09-22 01:17:24] GET /api/agents/6aa26c7ce0ac9a5ee05d2b95/conversations -> HTTP 403 (next candidate)
[2026-09-22 01:17:34] GET /api/agents/6aa26c7ce0ac9a5ee05d2b95/conversations/6aa26c825d5b4135ae6b48b5/messages -> HTTP 403 (next candidate)
[2026-09-22 01:17:34] GET /api/agents/6aa26c7ce0ac9a5ee05d2b95/conversations/6aa26c825d5b4135ae6b48b5 -> HTTP 403 (next candidate)
[2026-09-22 01:17:34] GET /api/agents/6aa26c7ce0ac9a5ee05d2b95/conversations -> HTTP 403 (next candidate)
[2026-09-22 01:17:44] GET /api/agents/6aa26c7ce0ac9a5ee05d2b95/conversations/6aa26c825d5b4135ae6b48b5/messages -> HTTP 403 (next candidate)
[2026-09-22 01:17:44] GET /api/agents/6aa26c7ce0ac9a5ee05d2b95/conversations/6aa26c825d5b4135ae6b48b5 -> HTTP 403 (next candidate)
[2026-09-22 01:17:44] GET /api/agents/6aa26c7ce0ac9a5ee05d2b95/conversations -> HTTP 403 (next candidate)
[2026-09-22 01:17:55] GET /api/agents/6aa26c7ce0ac9a5ee05d2b95/conversations/6aa26c825d5b4135ae6b48b5/messages -> HTTP 403 (next candidate)
[2026-09-22 01:17:55] GET /api/agents/6aa26c7ce0ac9a5ee05d2b95/conversations/6aa26c825d5b4135ae6b48b5 -> HTTP 403 (next candidate)
[2026-09-22 01:17:55] GET /api/agents/6aa26c7ce0ac9a5ee05d2b95/conversations -> HTTP 403 (next candidate)
[2026-09-22 01:18:05] GET /api/agents/6aa26c7ce0ac9a5ee05d2b95/conversations/6aa26c825d5b4135ae6b48b5/messages -> HTTP 403 (next candidate)
[2026-09-22 01:18:05] GET /api/agents/6aa26c7ce0ac9a5ee05d2b95/conversations/6aa26c825d5b4135ae6b48b5 -> HTTP 403 (next candidate)
[2026-09-22 01:18:05] GET /api/agents/6aa26c7ce0ac9a5ee05d2b95/conversations -> HTTP 403 (next candidate)
[2026-09-22 01:18:15] GET /api/agents/6aa26c7ce0ac9a5ee05d2b95/conversations/6aa26c825d5b4135ae6b48b5/messages -> HTTP 403 (next candidate)
[2026-09-22 01:18:16] GET /api/agents/6aa26c7ce0ac9a5ee05d2b95/conversations/6aa26c825d5b4135ae6b48b5 -> HTTP 403 (next candidate)
[2026-09-22 01:18:16] GET /api/agents/6aa26c7ce0ac9a5ee05d2b95/conversations -> HTTP 403 (next candidate)
[2026-09-22 01:18:26] GET /api/agents/6aa26c7ce0ac9a5ee05d2b95/conversations/6aa26c825d5b4135ae6b48b5/messages -> HTTP 403 (next candidate)
[2026-09-22 01:18:26] GET /api/agents/6aa26c7ce0ac9a5ee05d2b95/conversations/6aa26c825d5b4135ae6b48b5 -> HTTP 403 (next candidate)
[2026-09-22 01:18:26] GET /api/agents/6aa26c7ce0ac9a5ee05d2b95/conversations -> HTTP 403 (next candidate)
[2026-09-22 01:18:36] GET /api/agents/6aa26c7ce0ac9a5ee05d2b95/conversations/6aa26c825d5b4135ae6b48b5/messages -> HTTP 403 (next candidate)
[2026-09-22 01:18:36] GET /api/agents/6aa26c7ce0ac9a5ee05d2b95/conversations/6aa26c825d5b4135ae6b48b5 -> HTTP 403 (next candidate)
[2026-09-22 01:18:36] GET /api/agents/6aa26c7ce0ac9a5ee05d2b95/conversations -> HTTP 403 (next candidate)
[2026-09-22 01:18:47] GET /api/agents/6aa26c7ce0ac9a5ee05d2b95/conversations/6aa26c825d5b4135ae6b48b5/messages -> HTTP 403 (next candidate)
[2026-09-22 01:18:47] GET /api/agents/6aa26c7ce0ac9a5ee05d2b95/conversations/6aa26c825d5b4135ae6b48b5 -> HTTP 403 (next candidate)
[2026-09-22 01:18:47] GET /api/agents/6aa26c7ce0ac9a5ee05d2b95/conversations -> HTTP 403 (next candidate)
[2026-09-22 01:18:57] GET /api/agents/6aa26c7ce0ac9a5ee05d2b95/conversations/6aa26c825d5b4135ae6b48b5/messages -> HTTP 403 (next candidate)
[2026-09-22 01:18:57] GET /api/agents/6aa26c7ce0ac9a5ee05d2b95/conversations/6aa26c825d5b4135ae6b48b5 -> HTTP 403 (next candidate)
[2026-09-22 01:18:57] GET /api/agents/6aa26c7ce0ac9a5ee05d2b95/conversations -> HTTP 403 (next candidate)
[2026-09-22 01:19:07] GET /api/agents/6aa26c7ce0ac9a5ee05d2b95/conversations/6aa26c825d5b4135ae6b48b5/messages -> HTTP 403 (next candidate)
[2026-09-22 01:19:07] GET /api/agents/6aa26c7ce0ac9a5ee05d2b95/conversations/6aa26c825d5b4135ae6b48b5 -> HTTP 403 (next candidate)
[2026-09-22 01:19:08] GET /api/agents/6aa26c7ce0ac9a5ee05d2b95/conversations -> HTTP 403 (next candidate)
[2026-09-22 01:19:18] GET /api/agents/6aa26c7ce0ac9a5ee05d2b95/conversations/6aa26c825d5b4135ae6b48b5/messages -> HTTP 403 (next candidate)
[2026-09-22 01:19:18] GET /api/agents/6aa26c7ce0ac9a5ee05d2b95/conversations/6aa26c825d5b4135ae6b48b5 -> HTTP 403 (next candidate)
[2026-09-22 01:19:18] GET /api/agents/6aa26c7ce0ac9a5ee05d2b95/conversations -> HTTP 403 (next candidate)
[2026-09-22 01:19:28] GET /api/agents/6aa26c7ce0ac9a5ee05d2b95/conversations/6aa26c825d5b4135ae6b48b5/messages -> HTTP 403 (next candidate)
[2026-09-22 01:19:28] GET /api/agents/6aa26c7ce0ac9a5ee05d2b95/conversations/6aa26c825d5b4135ae6b48b5 -> HTTP 403 (next candidate)
[2026-09-22 01:19:28] GET /api/agents/6aa26c7ce0ac9a5ee05d2b95/conversations -> HTTP 403 (next candidate)
[2026-09-22 01:19:38] GET /api/agents/6aa26c7ce0ac9a5ee05d2b95/conversations/6aa26c825d5b4135ae6b48b5/messages -> HTTP 403 (next candidate)
[2026-09-22 01:19:39] GET /api/agents/6aa26c7ce0ac9a5ee05d2b95/conversations/6aa26c825d5b4135ae6b48b5 -> HTTP 403 (next candidate)
[2026-09-22 01:19:39] GET /api/agents/6aa26c7ce0ac9a5ee05d2b95/conversations -> HTTP 403 (next candidate)
[2026-09-22 01:19:49] GET /api/agents/6aa26c7ce0ac9a5ee05d2b95/conversations/6aa26c825d5b4135ae6b48b5/messages -> HTTP 403 (next candidate)
[2026-09-22 01:19:49] GET /api/agents/6aa26c7ce0ac9a5ee05d2b95/conversations/6aa26c825d5b4135ae6b48b5 -> HTTP 403 (next candidate)
[2026-09-22 01:19:49] GET /api/agents/6aa26c7ce0ac9a5ee05d2b95/conversations -> HTTP 403 (next candidate)
[2026-09-22 01:19:59] GET /api/agents/6aa26c7ce0ac9a5ee05d2b95/conversations/6aa26c825d5b4135ae6b48b5/messages -> HTTP 403 (next candidate)
[2026-09-22 01:19:59] GET /api/agents/6aa26c7ce0ac9a5ee05d2b95/conversations/6aa26c825d5b4135ae6b48b5 -> HTTP 403 (next candidate)
[2026-09-22 01:19:59] GET /api/agents/6aa26c7ce0ac9a5ee05d2b95/conversations -> HTTP 403 (next candidate)
[2026-09-22 01:20:09] GET /api/agents/6aa26c7ce0ac9a5ee05d2b95/conversations/6aa26c825d5b4135ae6b48b5/messages -> HTTP 403 (next candidate)
[2026-09-22 01:20:10] GET /api/agents/6aa26c7ce0ac9a5ee05d2b95/conversations/6aa26c825d5b4135ae6b48b5 -> HTTP 403 (next candidate)
[2026-09-22 01:20:10] GET /api/agents/6aa26c7ce0ac9a5ee05d2b95/conversations -> HTTP 403 (next candidate)
[2026-09-22 01:20:20] GET /api/agents/6aa26c7ce0ac9a5ee05d2b95/conversations/6aa26c825d5b4135ae6b48b5/messages -> HTTP 403 (next candidate)
[2026-09-22 01:20:20] GET /api/agents/6aa26c7ce0ac9a5ee05d2b95/conversations/6aa26c825d5b4135ae6b48b5 -> HTTP 403 (next candidate)
[2026-09-22 01:20:20] GET /api/agents/6aa26c7ce0ac9a5ee05d2b95/conversations -> HTTP 403 (next candidate)
[2026-09-22 01:20:30] GET /api/agents/6aa26c7ce0ac9a5ee05d2b95/conversations/6aa26c825d5b4135ae6b48b5/messages -> HTTP 403 (next candidate)
[2026-09-22 01:20:30] GET /api/agents/6aa26c7ce0ac9a5ee05d2b95/conversations/6aa26c825d5b4135ae6b48b5 -> HTTP 403 (next candidate)
[2026-09-22 01:20:31] GET /api/agents/6aa26c7ce0ac9a5ee05d2b95/conversations -> HTTP 403 (next candidate)
[2026-09-22 01:20:41] GET /api/agents/6aa26c7ce0ac9a5ee05d2b95/conversations/6aa26c825d5b4135ae6b48b5/messages -> HTTP 403 (next candidate)
[2026-09-22 01:20:41] GET /api/agents/6aa26c7ce0ac9a5ee05d2b95/conversations/6aa26c825d5b4135ae6b48b5 -> HTTP 403 (next candidate)
[2026-09-22 01:20:41] GET /api/agents/6aa26c7ce0ac9a5ee05d2b95/conversations -> HTTP 403 (next candidate)
[2026-09-22 01:20:51] GET /api/agents/6aa26c7ce0ac9a5ee05d2b95/conversations/6aa26c825d5b4135ae6b48b5/messages -> HTTP 403 (next candidate)
[2026-09-22 01:20:51] GET /api/agents/6aa26c7ce0ac9a5ee05d2b95/conversations/6aa26c825d5b4135ae6b48b5 -> HTTP 403 (next candidate)
[2026-09-22 01:20:51] GET /api/agents/6aa26c7ce0ac9a5ee05d2b95/conversations -> HTTP 403 (next candidate)
[2026-09-22 01:21:01] GET /api/agents/6aa26c7ce0ac9a5ee05d2b95/conversations/6aa26c825d5b4135ae6b48b5/messages -> HTTP 403 (next candidate)
[2026-09-22 01:21:02] GET /api/agents/6aa26c7ce0ac9a5ee05d2b95/conversations/6aa26c825d5b4135ae6b48b5 -> HTTP 403 (next candidate)
[2026-09-22 01:21:02] GET /api/agents/6aa26c7ce0ac9a5ee05d2b95/conversations -> HTTP 403 (next candidate)
[2026-09-22 01:21:12] GET /api/agents/6aa26c7ce0ac9a5ee05d2b95/conversations/6aa26c825d5b4135ae6b48b5/messages -> HTTP 403 (next candidate)
[2026-09-22 01:21:12] GET /api/agents/6aa26c7ce0ac9a5ee05d2b95/conversations/6aa26c825d5b4135ae6b48b5 -> HTTP 403 (next candidate)
[2026-09-22 01:21:12] GET /api/agents/6aa26c7ce0ac9a5ee05d2b95/conversations -> HTTP 403 (next candidate)
[2026-09-22 01:21:22] GET /api/agents/6aa26c7ce0ac9a5ee05d2b95/conversations/6aa26c825d5b4135ae6b48b5/messages -> HTTP 403 (next candidate)
[2026-09-22 01:21:22] GET /api/agents/6aa26c7ce0ac9a5ee05d2b95/conversations/6aa26c825d5b4135ae6b48b5 -> HTTP 403 (next candidate)
[2026-09-22 01:21:22] GET /api/agents/6aa26c7ce0ac9a5ee05d2b95/conversations -> HTTP 403 (next candidate)
[2026-09-22 01:21:32] GET /api/agents/6aa26c7ce0ac9a5ee05d2b95/conversations/6aa26c825d5b4135ae6b48b5/messages -> HTTP 403 (next candidate)
[2026-09-22 01:21:33] GET /api/agents/6aa26c7ce0ac9a5ee05d2b95/conversations/6aa26c825d5b4135ae6b48b5 -> HTTP 403 (next candidate)
[2026-09-22 01:21:33] GET /api/agents/6aa26c7ce0ac9a5ee05d2b95/conversations -> HTTP 403 (next candidate)
[2026-09-22 01:21:43] GET /api/agents/6aa26c7ce0ac9a5ee05d2b95/conversations/6aa26c825d5b4135ae6b48b5/messages -> HTTP 403 (next candidate)
[2026-09-22 01:21:43] GET /api/agents/6aa26c7ce0ac9a5ee05d2b95/conversations/6aa26c825d5b4135ae6b48b5 -> HTTP 403 (next candidate)
[2026-09-22 01:21:43] GET /api/agents/6aa26c7ce0ac9a5ee05d2b95/conversations -> HTTP 403 (next candidate)
[2026-09-22 01:21:53] GET /api/agents/6aa26c7ce0ac9a5ee05d2b95/conversations/6aa26c825d5b4135ae6b48b5/messages -> HTTP 403 (next candidate)
[2026-09-22 01:21:53] GET /api/agents/6aa26c7ce0ac9a5ee05d2b95/conversations/6aa26c825d5b4135ae6b48b5 -> HTTP 403 (next candidate)
[2026-09-22 01:21:54] GET /api/agents/6aa26c7ce0ac9a5ee05d2b95/conversations -> HTTP 403 (next candidate)
[2026-09-22 01:22:04] GET /api/agents/6aa26c7ce0ac9a5ee05d2b95/conversations/6aa26c825d5b4135ae6b48b5/messages -> HTTP 403 (next candidate)
[2026-09-22 01:22:04] GET /api/agents/6aa26c7ce0ac9a5ee05d2b95/conversations/6aa26c825d5b4135ae6b48b5 -> HTTP 403 (next candidate)
[2026-09-22 01:22:04] GET /api/agents/6aa26c7ce0ac9a5ee05d2b95/conversations -> HTTP 403 (next candidate)
[2026-09-22 01:22:14] GET /api/agents/6aa26c7ce0ac9a5ee05d2b95/conversations/6aa26c825d5b4135ae6b48b5/messages -> HTTP 403 (next candidate)
[2026-09-22 01:22:14] GET /api/agents/6aa26c7ce0ac9a5ee05d2b95/conversations/6aa26c825d5b4135ae6b48b5 -> HTTP 403 (next candidate)
[2026-09-22 01:22:15] GET /api/agents/6aa26c7ce0ac9a5ee05d2b95/conversations -> HTTP 403 (next candidate)
[2026-09-22 01:22:25] GET /api/agents/6aa26c7ce0ac9a5ee05d2b95/conversations/6aa26c825d5b4135ae6b48b5/messages -> HTTP 403 (next candidate)
[2026-09-22 01:22:25] GET /api/agents/6aa26c7ce0ac9a5ee05d2b95/conversations/6aa26c825d5b4135ae6b48b5 -> HTTP 403 (next candidate)
[2026-09-22 01:22:25] GET /api/agents/6aa26c7ce0ac9a5ee05d2b95/conversations -> HTTP 403 (next candidate)
[2026-09-22 01:22:35] GET /api/agents/6aa26c7ce0ac9a5ee05d2b95/conversations/6aa26c825d5b4135ae6b48b5/messages -> HTTP 403 (next candidate)
[2026-09-22 01:22:35] GET /api/agents/6aa26c7ce0ac9a5ee05d2b95/conversations/6aa26c825d5b4135ae6b48b5 -> HTTP 403 (next candidate)
[2026-09-22 01:22:35] GET /api/agents/6aa26c7ce0ac9a5ee05d2b95/conversations -> HTTP 403 (next candidate)
[2026-09-22 01:22:45] GET /api/agents/6aa26c7ce0ac9a5ee05d2b95/conversations/6aa26c825d5b4135ae6b48b5/messages -> HTTP 403 (next candidate)
[2026-09-22 01:22:45] GET /api/agents/6aa26c7ce0ac9a5ee05d2b95/conversations/6aa26c825d5b4135ae6b48b5 -> HTTP 403 (next candidate)
[2026-09-22 01:22:46] GET /api/agents/6aa26c7ce0ac9a5ee05d2b95/conversations -> HTTP 403 (next candidate)
[2026-09-22 01:22:56] GET /api/agents/6aa26c7ce0ac9a5ee05d2b95/conversations/6aa26c825d5b4135ae6b48b5/messages -> HTTP 403 (next candidate)
[2026-09-22 01:22:56] GET /api/agents/6aa26c7ce0ac9a5ee05d2b95/conversations/6aa26c825d5b4135ae6b48b5 -> HTTP 403 (next candidate)
[2026-09-22 01:22:56] GET /api/agents/6aa26c7ce0ac9a5ee05d2b95/conversations -> HTTP 403 (next candidate)
[2026-09-22 01:23:06] GET /api/agents/6aa26c7ce0ac9a5ee05d2b95/conversations/6aa26c825d5b4135ae6b48b5/messages -> HTTP 403 (next candidate)
[2026-09-22 01:23:06] GET /api/agents/6aa26c7ce0ac9a5ee05d2b95/conversations/6aa26c825d5b4135ae6b48b5 -> HTTP 403 (next candidate)
[2026-09-22 01:23:06] GET /api/agents/6aa26c7ce0ac9a5ee05d2b95/conversations -> HTTP 403 (next candidate)
[2026-09-22 01:23:17] GET /api/agents/6aa26c7ce0ac9a5ee05d2b95/conversations/6aa26c825d5b4135ae6b48b5/messages -> HTTP 403 (next candidate)
[2026-09-22 01:23:17] GET /api/agents/6aa26c7ce0ac9a5ee05d2b95/conversations/6aa26c825d5b4135ae6b48b5 -> HTTP 403 (next candidate)
[2026-09-22 01:23:17] GET /api/agents/6aa26c7ce0ac9a5ee05d2b95/conversations -> HTTP 403 (next candidate)
[2026-09-22 01:23:27] GET /api/agents/6aa26c7ce0ac9a5ee05d2b95/conversations/6aa26c825d5b4135ae6b48b5/messages -> HTTP 403 (next candidate)
[2026-09-22 01:23:27] GET /api/agents/6aa26c7ce0ac9a5ee05d2b95/conversations/6aa26c825d5b4135ae6b48b5 -> HTTP 403 (next candidate)
[2026-09-22 01:23:27] GET /api/agents/6aa26c7ce0ac9a5ee05d2b95/conversations -> HTTP 403 (next candidate)
[2026-09-22 01:23:37] GET /api/agents/6aa26c7ce0ac9a5ee05d2b95/conversations/6aa26c825d5b4135ae6b48b5/messages -> HTTP 403 (next candidate)
[2026-09-22 01:23:37] GET /api/agents/6aa26c7ce0ac9a5ee05d2b95/conversations/6aa26c825d5b4135ae6b48b5 -> HTTP 403 (next candidate)
[2026-09-22 01:23:37] GET /api/agents/6aa26c7ce0ac9a5ee05d2b95/conversations -> HTTP 403 (next candidate)
[2026-09-22 01:23:48] GET /api/agents/6aa26c7ce0ac9a5ee05d2b95/conversations/6aa26c825d5b4135ae6b48b5/messages -> HTTP 403 (next candidate)
[2026-09-22 01:23:48] GET /api/agents/6aa26c7ce0ac9a5ee05d2b95/conversations/6aa26c825d5b4135ae6b48b5 -> HTTP 403 (next candidate)
[2026-09-22 01:23:48] GET /api/agents/6aa26c7ce0ac9a5ee05d2b95/conversations -> HTTP 403 (next candidate)
[2026-09-22 01:23:58] GET /api/agents/6aa26c7ce0ac9a5ee05d2b95/conversations/6aa26c825d5b4135ae6b48b5/messages -> HTTP 403 (next candidate)
[2026-09-22 01:23:58] GET /api/agents/6aa26c7ce0ac9a5ee05d2b95/conversations/6aa26c825d5b4135ae6b48b5 -> HTTP 403 (next candidate)
[2026-09-22 01:23:58] GET /api/agents/6aa26c7ce0ac9a5ee05d2b95/conversations -> HTTP 403 (next candidate)
[2026-09-22 01:24:09] GET /api/agents/6aa26c7ce0ac9a5ee05d2b95/conversations/6aa26c825d5b4135ae6b48b5/messages -> HTTP 403 (next candidate)
[2026-09-22 01:24:09] GET /api/agents/6aa26c7ce0ac9a5ee05d2b95/conversations/6aa26c825d5b4135ae6b48b5 -> HTTP 403 (next candidate)
[2026-09-22 01:24:09] GET /api/agents/6aa26c7ce0ac9a5ee05d2b95/conversations -> HTTP 403 (next candidate)
[2026-09-22 01:24:19] GET /api/agents/6aa26c7ce0ac9a5ee05d2b95/conversations/6aa26c825d5b4135ae6b48b5/messages -> HTTP 403 (next candidate)
[2026-09-22 01:24:19] GET /api/agents/6aa26c7ce0ac9a5ee05d2b95/conversations/6aa26c825d5b4135ae6b48b5 -> HTTP 403 (next candidate)
[2026-09-22 01:24:19] GET /api/agents/6aa26c7ce0ac9a5ee05d2b95/conversations -> HTTP 403 (next candidate)
[2026-09-22 01:24:29] GET /api/agents/6aa26c7ce0ac9a5ee05d2b95/conversations/6aa26c825d5b4135ae6b48b5/messages -> HTTP 403 (next candidate)
[2026-09-22 01:24:29] GET /api/agents/6aa26c7ce0ac9a5ee05d2b95/conversations/6aa26c825d5b4135ae6b48b5 -> HTTP 403 (next candidate)
[2026-09-22 01:24:29] GET /api/agents/6aa26c7ce0ac9a5ee05d2b95/conversations -> HTTP 403 (next candidate)
[2026-09-22 01:24:40] GET /api/agents/6aa26c7ce0ac9a5ee05d2b95/conversations/6aa26c825d5b4135ae6b48b5/messages -> HTTP 403 (next candidate)
[2026-09-22 01:24:40] GET /api/agents/6aa26c7ce0ac9a5ee05d2b95/conversations/6aa26c825d5b4135ae6b48b5 -> HTTP 403 (next candidate)
[2026-09-22 01:24:40] GET /api/agents/6aa26c7ce0ac9a5ee05d2b95/conversations -> HTTP 403 (next candidate)
[2026-09-22 01:24:50] GET /api/agents/6aa26c7ce0ac9a5ee05d2b95/conversations/6aa26c825d5b4135ae6b48b5/messages -> HTTP 403 (next candidate)
[2026-09-22 01:24:50] GET /api/agents/6aa26c7ce0ac9a5ee05d2b95/conversations/6aa26c825d5b4135ae6b48b5 -> HTTP 403 (next candidate)
[2026-09-22 01:24:50] GET /api/agents/6aa26c7ce0ac9a5ee05d2b95/conversations -> HTTP 403 (next candidate)
[2026-09-22 01:25:00] GET /api/agents/6aa26c7ce0ac9a5ee05d2b95/conversations/6aa26c825d5b4135ae6b48b5/messages -> HTTP 403 (next candidate)
[2026-09-22 01:25:01] GET /api/agents/6aa26c7ce0ac9a5ee05d2b95/conversations/6aa26c825d5b4135ae6b48b5 -> HTTP 403 (next candidate)
[2026-09-22 01:25:01] GET /api/agents/6aa26c7ce0ac9a5ee05d2b95/conversations -> HTTP 403 (next candidate)
[2026-09-22 01:25:11] GET /api/agents/6aa26c7ce0ac9a5ee05d2b95/conversations/6aa26c825d5b4135ae6b48b5/messages -> HTTP 403 (next candidate)
[2026-09-22 01:25:11] GET /api/agents/6aa26c7ce0ac9a5ee05d2b95/conversations/6aa26c825d5b4135ae6b48b5 -> HTTP 403 (next candidate)
[2026-09-22 01:25:11] GET /api/agents/6aa26c7ce0ac9a5ee05d2b95/conversations -> HTTP 403 (next candidate)
[2026-09-22 01:25:21] GET /api/agents/6aa26c7ce0ac9a5ee05d2b95/conversations/6aa26c825d5b4135ae6b48b5/messages -> HTTP 403 (next candidate)
[2026-09-22 01:25:21] GET /api/agents/6aa26c7ce0ac9a5ee05d2b95/conversations/6aa26c825d5b4135ae6b48b5 -> HTTP 403 (next candidate)
[2026-09-22 01:25:21] GET /api/agents/6aa26c7ce0ac9a5ee05d2b95/conversations -> HTTP 403 (next candidate)
[2026-09-22 01:25:32] GET /api/agents/6aa26c7ce0ac9a5ee05d2b95/conversations/6aa26c825d5b4135ae6b48b5/messages -> HTTP 403 (next candidate)
[2026-09-22 01:25:32] GET /api/agents/6aa26c7ce0ac9a5ee05d2b95/conversations/6aa26c825d5b4135ae6b48b5 -> HTTP 403 (next candidate)
[2026-09-22 01:25:32] GET /api/agents/6aa26c7ce0ac9a5ee05d2b95/conversations -> HTTP 403 (next candidate)
[2026-09-22 01:25:42] GET /api/agents/6aa26c7ce0ac9a5ee05d2b95/conversations/6aa26c825d5b4135ae6b48b5/messages -> HTTP 403 (next candidate)
[2026-09-22 01:25:42] GET /api/agents/6aa26c7ce0ac9a5ee05d2b95/conversations/6aa26c825d5b4135ae6b48b5 -> HTTP 403 (next candidate)
[2026-09-22 01:25:42] GET /api/agents/6aa26c7ce0ac9a5ee05d2b95/conversations -> HTTP 403 (next candidate)
[2026-09-22 01:25:52] GET /api/agents/6aa26c7ce0ac9a5ee05d2b95/conversations/6aa26c825d5b4135ae6b48b5/messages -> HTTP 403 (next candidate)
[2026-09-22 01:25:52] GET /api/agents/6aa26c7ce0ac9a5ee05d2b95/conversations/6aa26c825d5b4135ae6b48b5 -> HTTP 403 (next candidate)
[2026-09-22 01:25:52] GET /api/agents/6aa26c7ce0ac9a5ee05d2b95/conversations -> HTTP 403 (next candidate)
[2026-09-22 01:26:03] GET /api/agents/6aa26c7ce0ac9a5ee05d2b95/conversations/6aa26c825d5b4135ae6b48b5/messages -> HTTP 403 (next candidate)
[2026-09-22 01:26:03] GET /api/agents/6aa26c7ce0ac9a5ee05d2b95/conversations/6aa26c825d5b4135ae6b48b5 -> HTTP 403 (next candidate)
[2026-09-22 01:26:03] GET /api/agents/6aa26c7ce0ac9a5ee05d2b95/conversations -> HTTP 403 (next candidate)
[2026-09-22 01:26:13] GET /api/agents/6aa26c7ce0ac9a5ee05d2b95/conversations/6aa26c825d5b4135ae6b48b5/messages -> HTTP 403 (next candidate)
[2026-09-22 01:26:13] GET /api/agents/6aa26c7ce0ac9a5ee05d2b95/conversations/6aa26c825d5b4135ae6b48b5 -> HTTP 403 (next candidate)
[2026-09-22 01:26:13] GET /api/agents/6aa26c7ce0ac9a5ee05d2b95/conversations -> HTTP 403 (next candidate)
[2026-09-22 01:26:23] GET /api/agents/6aa26c7ce0ac9a5ee05d2b95/conversations/6aa26c825d5b4135ae6b48b5/messages -> HTTP 403 (next candidate)
[2026-09-22 01:26:24] GET /api/agents/6aa26c7ce0ac9a5ee05d2b95/conversations/6aa26c825d5b4135ae6b48b5 -> HTTP 403 (next candidate)
[2026-09-22 01:26:24] GET /api/agents/6aa26c7ce0ac9a5ee05d2b95/conversations -> HTTP 403 (next candidate)
[2026-09-22 01:26:34] GET /api/agents/6aa26c7ce0ac9a5ee05d2b95/conversations/6aa26c825d5b4135ae6b48b5/messages -> HTTP 403 (next candidate)
[2026-09-22 01:26:34] GET /api/agents/6aa26c7ce0ac9a5ee05d2b95/conversations/6aa26c825d5b4135ae6b48b5 -> HTTP 403 (next candidate)
[2026-09-22 01:26:34] GET /api/agents/6aa26c7ce0ac9a5ee05d2b95/conversations -> HTTP 403 (next candidate)
[2026-09-22 01:26:45] GET /api/agents/6aa26c7ce0ac9a5ee05d2b95/conversations/6aa26c825d5b4135ae6b48b5/messages -> HTTP 403 (next candidate)
[2026-09-22 01:26:45] GET /api/agents/6aa26c7ce0ac9a5ee05d2b95/conversations/6aa26c825d5b4135ae6b48b5 -> HTTP 403 (next candidate)
[2026-09-22 01:26:45] GET /api/agents/6aa26c7ce0ac9a5ee05d2b95/conversations -> HTTP 403 (next candidate)
[2026-09-22 01:26:55] GET /api/agents/6aa26c7ce0ac9a5ee05d2b95/conversations/6aa26c825d5b4135ae6b48b5/messages -> HTTP 403 (next candidate)
[2026-09-22 01:26:55] GET /api/agents/6aa26c7ce0ac9a5ee05d2b95/conversations/6aa26c825d5b4135ae6b48b5 -> HTTP 403 (next candidate)
[2026-09-22 01:26:55] GET /api/agents/6aa26c7ce0ac9a5ee05d2b95/conversations -> HTTP 403 (next candidate)
[2026-09-22 01:27:05] GET /api/agents/6aa26c7ce0ac9a5ee05d2b95/conversations/6aa26c825d5b4135ae6b48b5/messages -> HTTP 403 (next candidate)
[2026-09-22 01:27:05] GET /api/agents/6aa26c7ce0ac9a5ee05d2b95/conversations/6aa26c825d5b4135ae6b48b5 -> HTTP 403 (next candidate)
[2026-09-22 01:27:05] GET /api/agents/6aa26c7ce0ac9a5ee05d2b95/conversations -> HTTP 403 (next candidate)
[2026-09-22 01:27:16] GET /api/agents/6aa26c7ce0ac9a5ee05d2b95/conversations/6aa26c825d5b4135ae6b48b5/messages -> HTTP 403 (next candidate)
[2026-09-22 01:27:16] GET /api/agents/6aa26c7ce0ac9a5ee05d2b95/conversations/6aa26c825d5b4135ae6b48b5 -> HTTP 403 (next candidate)
[2026-09-22 01:27:16] GET /api/agents/6aa26c7ce0ac9a5ee05d2b95/conversations -> HTTP 403 (next candidate)
[2026-09-22 01:27:26] GET /api/agents/6aa26c7ce0ac9a5ee05d2b95/conversations/6aa26c825d5b4135ae6b48b5/messages -> HTTP 403 (next candidate)
[2026-09-22 01:27:26] GET /api/agents/6aa26c7ce0ac9a5ee05d2b95/conversations/6aa26c825d5b4135ae6b48b5 -> HTTP 403 (next candidate)
[2026-09-22 01:27:26] GET /api/agents/6aa26c7ce0ac9a5ee05d2b95/conversations -> HTTP 403 (next candidate)
[2026-09-22 01:27:36] GET /api/agents/6aa26c7ce0ac9a5ee05d2b95/conversations/6aa26c825d5b4135ae6b48b5/messages -> HTTP 403 (next candidate)
[2026-09-22 01:27:36] GET /api/agents/6aa26c7ce0ac9a5ee05d2b95/conversations/6aa26c825d5b4135ae6b48b5 -> HTTP 403 (next candidate)
[2026-09-22 01:27:37] GET /api/agents/6aa26c7ce0ac9a5ee05d2b95/conversations -> HTTP 403 (next candidate)
[2026-09-22 01:27:47] GET /api/agents/6aa26c7ce0ac9a5ee05d2b95/conversations/6aa26c825d5b4135ae6b48b5/messages -> HTTP 403 (next candidate)
[2026-09-22 01:27:47] GET /api/agents/6aa26c7ce0ac9a5ee05d2b95/conversations/6aa26c825d5b4135ae6b48b5 -> HTTP 403 (next candidate)
[2026-09-22 01:27:47] GET /api/agents/6aa26c7ce0ac9a5ee05d2b95/conversations -> HTTP 403 (next candidate)
[2026-09-22 01:27:57] GET /api/agents/6aa26c7ce0ac9a5ee05d2b95/conversations/6aa26c825d5b4135ae6b48b5/messages -> HTTP 403 (next candidate)
[2026-09-22 01:27:57] GET /api/agents/6aa26c7ce0ac9a5ee05d2b95/conversations/6aa26c825d5b4135ae6b48b5 -> HTTP 403 (next candidate)
[2026-09-22 01:27:57] GET /api/agents/6aa26c7ce0ac9a5ee05d2b95/conversations -> HTTP 403 (next candidate)
[2026-09-22 01:28:08] GET /api/agents/6aa26c7ce0ac9a5ee05d2b95/conversations/6aa26c825d5b4135ae6b48b5/messages -> HTTP 403 (next candidate)
[2026-09-22 01:28:08] GET /api/agents/6aa26c7ce0ac9a5ee05d2b95/conversations/6aa26c825d5b4135ae6b48b5 -> HTTP 403 (next candidate)
[2026-09-22 01:28:08] GET /api/agents/6aa26c7ce0ac9a5ee05d2b95/conversations -> HTTP 403 (next candidate)
[2026-09-22 01:28:18] GET /api/agents/6aa26c7ce0ac9a5ee05d2b95/conversations/6aa26c825d5b4135ae6b48b5/messages -> HTTP 403 (next candidate)
[2026-09-22 01:28:18] GET /api/agents/6aa26c7ce0ac9a5ee05d2b95/conversations/6aa26c825d5b4135ae6b48b5 -> HTTP 403 (next candidate)
[2026-09-22 01:28:18] GET /api/agents/6aa26c7ce0ac9a5ee05d2b95/conversations -> HTTP 403 (next candidate)
[2026-09-22 01:28:28] GET /api/agents/6aa26c7ce0ac9a5ee05d2b95/conversations/6aa26c825d5b4135ae6b48b5/messages -> HTTP 403 (next candidate)
[2026-09-22 01:28:28] GET /api/agents/6aa26c7ce0ac9a5ee05d2b95/conversations/6aa26c825d5b4135ae6b48b5 -> HTTP 403 (next candidate)
[2026-09-22 01:28:28] GET /api/agents/6aa26c7ce0ac9a5ee05d2b95/conversations -> HTTP 403 (next candidate)
[2026-09-22 01:28:39] GET /api/agents/6aa26c7ce0ac9a5ee05d2b95/conversations/6aa26c825d5b4135ae6b48b5/messages -> HTTP 403 (next candidate)
[2026-09-22 01:28:39] GET /api/agents/6aa26c7ce0ac9a5ee05d2b95/conversations/6aa26c825d5b4135ae6b48b5 -> HTTP 403 (next candidate)
[2026-09-22 01:28:39] GET /api/agents/6aa26c7ce0ac9a5ee05d2b95/conversations -> HTTP 403 (next candidate)
[2026-09-22 01:28:49] GET /api/agents/6aa26c7ce0ac9a5ee05d2b95/conversations/6aa26c825d5b4135ae6b48b5/messages -> HTTP 403 (next candidate)
[2026-09-22 01:28:49] GET /api/agents/6aa26c7ce0ac9a5ee05d2b95/conversations/6aa26c825d5b4135ae6b48b5 -> HTTP 403 (next candidate)
[2026-09-22 01:28:49] GET /api/agents/6aa26c7ce0ac9a5ee05d2b95/conversations -> HTTP 403 (next candidate)
[2026-09-22 01:28:59] GET /api/agents/6aa26c7ce0ac9a5ee05d2b95/conversations/6aa26c825d5b4135ae6b48b5/messages -> HTTP 403 (next candidate)
[2026-09-22 01:28:59] GET /api/agents/6aa26c7ce0ac9a5ee05d2b95/conversations/6aa26c825d5b4135ae6b48b5 -> HTTP 403 (next candidate)
[2026-09-22 01:29:00] GET /api/agents/6aa26c7ce0ac9a5ee05d2b95/conversations -> HTTP 403 (next candidate)
[2026-09-22 01:29:10] GET /api/agents/6aa26c7ce0ac9a5ee05d2b95/conversations/6aa26c825d5b4135ae6b48b5/messages -> HTTP 403 (next candidate)
[2026-09-22 01:29:10] GET /api/agents/6aa26c7ce0ac9a5ee05d2b95/conversations/6aa26c825d5b4135ae6b48b5 -> HTTP 403 (next candidate)
[2026-09-22 01:29:10] GET /api/agents/6aa26c7ce0ac9a5ee05d2b95/conversations -> HTTP 403 (next candidate)
[2026-09-22 01:29:20] GET /api/agents/6aa26c7ce0ac9a5ee05d2b95/conversations/6aa26c825d5b4135ae6b48b5/messages -> HTTP 403 (next candidate)
[2026-09-22 01:29:20] GET /api/agents/6aa26c7ce0ac9a5ee05d2b95/conversations/6aa26c825d5b4135ae6b48b5 -> HTTP 403 (next candidate)
[2026-09-22 01:29:20] GET /api/agents/6aa26c7ce0ac9a5ee05d2b95/conversations -> HTTP 403 (next candidate)
[2026-09-22 01:29:31] GET /api/agents/6aa26c7ce0ac9a5ee05d2b95/conversations/6aa26c825d5b4135ae6b48b5/messages -> HTTP 403 (next candidate)
[2026-09-22 01:29:31] GET /api/agents/6aa26c7ce0ac9a5ee05d2b95/conversations/6aa26c825d5b4135ae6b48b5 -> HTTP 403 (next candidate)
[2026-09-22 01:29:31] GET /api/agents/6aa26c7ce0ac9a5ee05d2b95/conversations -> HTTP 403 (next candidate)
[2026-09-22 01:29:41] GET /api/agents/6aa26c7ce0ac9a5ee05d2b95/conversations/6aa26c825d5b4135ae6b48b5/messages -> HTTP 403 (next candidate)
[2026-09-22 01:29:41] GET /api/agents/6aa26c7ce0ac9a5ee05d2b95/conversations/6aa26c825d5b4135ae6b48b5 -> HTTP 403 (next candidate)
[2026-09-22 01:29:41] GET /api/agents/6aa26c7ce0ac9a5ee05d2b95/conversations -> HTTP 403 (next candidate)
[2026-09-22 01:29:51] GET /api/agents/6aa26c7ce0ac9a5ee05d2b95/conversations/6aa26c825d5b4135ae6b48b5/messages -> HTTP 403 (next candidate)
[2026-09-22 01:29:51] GET /api/agents/6aa26c7ce0ac9a5ee05d2b95/conversations/6aa26c825d5b4135ae6b48b5 -> HTTP 403 (next candidate)
[2026-09-22 01:29:51] GET /api/agents/6aa26c7ce0ac9a5ee05d2b95/conversations -> HTTP 403 (next candidate)
[2026-09-22 01:30:02] GET /api/agents/6aa26c7ce0ac9a5ee05d2b95/conversations/6aa26c825d5b4135ae6b48b5/messages -> HTTP 403 (next candidate)
[2026-09-22 01:30:02] GET /api/agents/6aa26c7ce0ac9a5ee05d2b95/conversations/6aa26c825d5b4135ae6b48b5 -> HTTP 403 (next candidate)
[2026-09-22 01:30:02] GET /api/agents/6aa26c7ce0ac9a5ee05d2b95/conversations -> HTTP 403 (next candidate)
[2026-09-22 01:30:12] GET /api/agents/6aa26c7ce0ac9a5ee05d2b95/conversations/6aa26c825d5b4135ae6b48b5/messages -> HTTP 403 (next candidate)
[2026-09-22 01:30:12] GET /api/agents/6aa26c7ce0ac9a5ee05d2b95/conversations/6aa26c825d5b4135ae6b48b5 -> HTTP 403 (next candidate)
[2026-09-22 01:30:12] GET /api/agents/6aa26c7ce0ac9a5ee05d2b95/conversations -> HTTP 403 (next candidate)
[2026-09-22 01:30:22] GET /api/agents/6aa26c7ce0ac9a5ee05d2b95/conversations/6aa26c825d5b4135ae6b48b5/messages -> HTTP 403 (next candidate)
[2026-09-22 01:30:22] GET /api/agents/6aa26c7ce0ac9a5ee05d2b95/conversations/6aa26c825d5b4135ae6b48b5 -> HTTP 403 (next candidate)
[2026-09-22 01:30:23] GET /api/agents/6aa26c7ce0ac9a5ee05d2b95/conversations -> HTTP 403 (next candidate)
[2026-09-22 01:30:33] GET /api/agents/6aa26c7ce0ac9a5ee05d2b95/conversations/6aa26c825d5b4135ae6b48b5/messages -> HTTP 403 (next candidate)
[2026-09-22 01:30:33] GET /api/agents/6aa26c7ce0ac9a5ee05d2b95/conversations/6aa26c825d5b4135ae6b48b5 -> HTTP 403 (next candidate)
[2026-09-22 01:30:33] GET /api/agents/6aa26c7ce0ac9a5ee05d2b95/conversations -> HTTP 403 (next candidate)
[2026-09-22 01:30:43] GET /api/agents/6aa26c7ce0ac9a5ee05d2b95/conversations/6aa26c825d5b4135ae6b48b5/messages -> HTTP 403 (next candidate)
[2026-09-22 01:30:43] GET /api/agents/6aa26c7ce0ac9a5ee05d2b95/conversations/6aa26c825d5b4135ae6b48b5 -> HTTP 403 (next candidate)
[2026-09-22 01:30:43] GET /api/agents/6aa26c7ce0ac9a5ee05d2b95/conversations -> HTTP 403 (next candidate)
[2026-09-22 01:30:54] GET /api/agents/6aa26c7ce0ac9a5ee05d2b95/conversations/6aa26c825d5b4135ae6b48b5/messages -> HTTP 403 (next candidate)
[2026-09-22 01:30:54] GET /api/agents/6aa26c7ce0ac9a5ee05d2b95/conversations/6aa26c825d5b4135ae6b48b5 -> HTTP 403 (next candidate)
[2026-09-22 01:30:54] GET /api/agents/6aa26c7ce0ac9a5ee05d2b95/conversations -> HTTP 403 (next candidate)
[2026-09-22 01:31:04] GET /api/agents/6aa26c7ce0ac9a5ee05d2b95/conversations/6aa26c825d5b4135ae6b48b5/messages -> HTTP 403 (next candidate)
[2026-09-22 01:31:04] GET /api/agents/6aa26c7ce0ac9a5ee05d2b95/conversations/6aa26c825d5b4135ae6b48b5 -> HTTP 403 (next candidate)
[2026-09-22 01:31:04] GET /api/agents/6aa26c7ce0ac9a5ee05d2b95/conversations -> HTTP 403 (next candidate)
[2026-09-22 01:31:14] GET /api/agents/6aa26c7ce0ac9a5ee05d2b95/conversations/6aa26c825d5b4135ae6b48b5/messages -> HTTP 403 (next candidate)
[2026-09-22 01:31:14] GET /api/agents/6aa26c7ce0ac9a5ee05d2b95/conversations/6aa26c825d5b4135ae6b48b5 -> HTTP 403 (next candidate)
[2026-09-22 01:31:14] GET /api/agents/6aa26c7ce0ac9a5ee05d2b95/conversations -> HTTP 403 (next candidate)
[2026-09-22 01:31:25] GET /api/agents/6aa26c7ce0ac9a5ee05d2b95/conversations/6aa26c825d5b4135ae6b48b5/messages -> HTTP 403 (next candidate)
[2026-09-22 01:31:25] GET /api/agents/6aa26c7ce0ac9a5ee05d2b95/conversations/6aa26c825d5b4135ae6b48b5 -> HTTP 403 (next candidate)
[2026-09-22 01:31:25] GET /api/agents/6aa26c7ce0ac9a5ee05d2b95/conversations -> HTTP 403 (next candidate)
[2026-09-22 01:31:35] GET /api/agents/6aa26c7ce0ac9a5ee05d2b95/conversations/6aa26c825d5b4135ae6b48b5/messages -> HTTP 403 (next candidate)
[2026-09-22 01:31:35] GET /api/agents/6aa26c7ce0ac9a5ee05d2b95/conversations/6aa26c825d5b4135ae6b48b5 -> HTTP 403 (next candidate)
[2026-09-22 01:31:35] GET /api/agents/6aa26c7ce0ac9a5ee05d2b95/conversations -> HTTP 403 (next candidate)
[2026-09-22 01:31:45] GET /api/agents/6aa26c7ce0ac9a5ee05d2b95/conversations/6aa26c825d5b4135ae6b48b5/messages -> HTTP 403 (next candidate)
[2026-09-22 01:31:46] GET /api/agents/6aa26c7ce0ac9a5ee05d2b95/conversations/6aa26c825d5b4135ae6b48b5 -> HTTP 403 (next candidate)
[2026-09-22 01:31:46] GET /api/agents/6aa26c7ce0ac9a5ee05d2b95/conversations -> HTTP 403 (next candidate)
[2026-09-22 01:31:56] GET /api/agents/6aa26c7ce0ac9a5ee05d2b95/conversations/6aa26c825d5b4135ae6b48b5/messages -> HTTP 403 (next candidate)
[2026-09-22 01:31:56] GET /api/agents/6aa26c7ce0ac9a5ee05d2b95/conversations/6aa26c825d5b4135ae6b48b5 -> HTTP 403 (next candidate)
[2026-09-22 01:31:56] GET /api/agents/6aa26c7ce0ac9a5ee05d2b95/conversations -> HTTP 403 (next candidate)
[2026-09-22 01:32:06] GET /api/agents/6aa26c7ce0ac9a5ee05d2b95/conversations/6aa26c825d5b4135ae6b48b5/messages -> HTTP 403 (next candidate)
[2026-09-22 01:32:06] GET /api/agents/6aa26c7ce0ac9a5ee05d2b95/conversations/6aa26c825d5b4135ae6b48b5 -> HTTP 403 (next candidate)
[2026-09-22 01:32:07] GET /api/agents/6aa26c7ce0ac9a5ee05d2b95/conversations -> HTTP 403 (next candidate)
[2026-09-22 01:32:17] GET /api/agents/6aa26c7ce0ac9a5ee05d2b95/conversations/6aa26c825d5b4135ae6b48b5/messages -> HTTP 403 (next candidate)
[2026-09-22 01:32:17] GET /api/agents/6aa26c7ce0ac9a5ee05d2b95/conversations/6aa26c825d5b4135ae6b48b5 -> HTTP 403 (next candidate)
[2026-09-22 01:32:17] GET /api/agents/6aa26c7ce0ac9a5ee05d2b95/conversations -> HTTP 403 (next candidate)
[2026-09-22 01:32:27] GET /api/agents/6aa26c7ce0ac9a5ee05d2b95/conversations/6aa26c825d5b4135ae6b48b5/messages -> HTTP 403 (next candidate)
[2026-09-22 01:32:27] GET /api/agents/6aa26c7ce0ac9a5ee05d2b95/conversations/6aa26c825d5b4135ae6b48b5 -> HTTP 403 (next candidate)
[2026-09-22 01:32:27] GET /api/agents/6aa26c7ce0ac9a5ee05d2b95/conversations -> HTTP 403 (next candidate)
[2026-09-22 01:32:37] GET /api/agents/6aa26c7ce0ac9a5ee05d2b95/conversations/6aa26c825d5b4135ae6b48b5/messages -> HTTP 403 (next candidate)
[2026-09-22 01:32:37] GET /api/agents/6aa26c7ce0ac9a5ee05d2b95/conversations/6aa26c825d5b4135ae6b48b5 -> HTTP 403 (next candidate)
[2026-09-22 01:32:37] GET /api/agents/6aa26c7ce0ac9a5ee05d2b95/conversations -> HTTP 403 (next candidate)
[2026-09-22 01:32:48] GET /api/agents/6aa26c7ce0ac9a5ee05d2b95/conversations/6aa26c825d5b4135ae6b48b5/messages -> HTTP 403 (next candidate)
[2026-09-22 01:32:48] GET /api/agents/6aa26c7ce0ac9a5ee05d2b95/conversations/6aa26c825d5b4135ae6b48b5 -> HTTP 403 (next candidate)
[2026-09-22 01:32:48] GET /api/agents/6aa26c7ce0ac9a5ee05d2b95/conversations -> HTTP 403 (next candidate)
[2026-09-22 01:32:58] GET /api/agents/6aa26c7ce0ac9a5ee05d2b95/conversations/6aa26c825d5b4135ae6b48b5/messages -> HTTP 403 (next candidate)
[2026-09-22 01:32:58] GET /api/agents/6aa26c7ce0ac9a5ee05d2b95/conversations/6aa26c825d5b4135ae6b48b5 -> HTTP 403 (next candidate)
[2026-09-22 01:32:58] GET /api/agents/6aa26c7ce0ac9a5ee05d2b95/conversations -> HTTP 403 (next candidate)
[2026-09-22 01:33:08] GET /api/agents/6aa26c7ce0ac9a5ee05d2b95/conversations/6aa26c825d5b4135ae6b48b5/messages -> HTTP 403 (next candidate)
[2026-09-22 01:33:08] GET /api/agents/6aa26c7ce0ac9a5ee05d2b95/conversations/6aa26c825d5b4135ae6b48b5 -> HTTP 403 (next candidate)
[2026-09-22 01:33:08] GET /api/agents/6aa26c7ce0ac9a5ee05d2b95/conversations -> HTTP 403 (next candidate)
[2026-09-22 01:33:19] GET /api/agents/6aa26c7ce0ac9a5ee05d2b95/conversations/6aa26c825d5b4135ae6b48b5/messages -> HTTP 403 (next candidate)
[2026-09-22 01:33:19] GET /api/agents/6aa26c7ce0ac9a5ee05d2b95/conversations/6aa26c825d5b4135ae6b48b5 -> HTTP 403 (next candidate)
[2026-09-22 01:33:19] GET /api/agents/6aa26c7ce0ac9a5ee05d2b95/conversations -> HTTP 403 (next candidate)
[2026-09-22 01:33:29] GET /api/agents/6aa26c7ce0ac9a5ee05d2b95/conversations/6aa26c825d5b4135ae6b48b5/messages -> HTTP 403 (next candidate)
[2026-09-22 01:33:29] GET /api/agents/6aa26c7ce0ac9a5ee05d2b95/conversations/6aa26c825d5b4135ae6b48b5 -> HTTP 403 (next candidate)
[2026-09-22 01:33:29] GET /api/agents/6aa26c7ce0ac9a5ee05d2b95/conversations -> HTTP 403 (next candidate)
[2026-09-22 01:33:39] GET /api/agents/6aa26c7ce0ac9a5ee05d2b95/conversations/6aa26c825d5b4135ae6b48b5/messages -> HTTP 403 (next candidate)
[2026-09-22 01:33:39] GET /api/agents/6aa26c7ce0ac9a5ee05d2b95/conversations/6aa26c825d5b4135ae6b48b5 -> HTTP 403 (next candidate)
[2026-09-22 01:33:39] GET /api/agents/6aa26c7ce0ac9a5ee05d2b95/conversations -> HTTP 403 (next candidate)
[2026-09-22 01:33:50] GET /api/agents/6aa26c7ce0ac9a5ee05d2b95/conversations/6aa26c825d5b4135ae6b48b5/messages -> HTTP 403 (next candidate)
[2026-09-22 01:33:50] GET /api/agents/6aa26c7ce0ac9a5ee05d2b95/conversations/6aa26c825d5b4135ae6b48b5 -> HTTP 403 (next candidate)
[2026-09-22 01:33:50] GET /api/agents/6aa26c7ce0ac9a5ee05d2b95/conversations -> HTTP 403 (next candidate)
[2026-09-22 01:34:00] GET /api/agents/6aa26c7ce0ac9a5ee05d2b95/conversations/6aa26c825d5b4135ae6b48b5/messages -> HTTP 403 (next candidate)
[2026-09-22 01:34:00] GET /api/agents/6aa26c7ce0ac9a5ee05d2b95/conversations/6aa26c825d5b4135ae6b48b5 -> HTTP 403 (next candidate)
[2026-09-22 01:34:00] GET /api/agents/6aa26c7ce0ac9a5ee05d2b95/conversations -> HTTP 403 (next candidate)
[2026-09-22 01:34:10] GET /api/agents/6aa26c7ce0ac9a5ee05d2b95/conversations/6aa26c825d5b4135ae6b48b5/messages -> HTTP 403 (next candidate)
[2026-09-22 01:34:10] GET /api/agents/6aa26c7ce0ac9a5ee05d2b95/conversations/6aa26c825d5b4135ae6b48b5 -> HTTP 403 (next candidate)
[2026-09-22 01:34:10] GET /api/agents/6aa26c7ce0ac9a5ee05d2b95/conversations -> HTTP 403 (next candidate)
[2026-09-22 01:34:20] GET /api/agents/6aa26c7ce0ac9a5ee05d2b95/conversations/6aa26c825d5b4135ae6b48b5/messages -> HTTP 403 (next candidate)
[2026-09-22 01:34:21] GET /api/agents/6aa26c7ce0ac9a5ee05d2b95/conversations/6aa26c825d5b4135ae6b48b5 -> HTTP 403 (next candidate)
[2026-09-22 01:34:21] GET /api/agents/6aa26c7ce0ac9a5ee05d2b95/conversations -> HTTP 403 (next candidate)
[2026-09-22 01:34:31] GET /api/agents/6aa26c7ce0ac9a5ee05d2b95/conversations/6aa26c825d5b4135ae6b48b5/messages -> HTTP 403 (next candidate)
[2026-09-22 01:34:31] GET /api/agents/6aa26c7ce0ac9a5ee05d2b95/conversations/6aa26c825d5b4135ae6b48b5 -> HTTP 403 (next candidate)
[2026-09-22 01:34:31] GET /api/agents/6aa26c7ce0ac9a5ee05d2b95/conversations -> HTTP 403 (next candidate)
[2026-09-22 01:34:41] GET /api/agents/6aa26c7ce0ac9a5ee05d2b95/conversations/6aa26c825d5b4135ae6b48b5/messages -> HTTP 403 (next candidate)
[2026-09-22 01:34:41] GET /api/agents/6aa26c7ce0ac9a5ee05d2b95/conversations/6aa26c825d5b4135ae6b48b5 -> HTTP 403 (next candidate)
[2026-09-22 01:34:41] GET /api/agents/6aa26c7ce0ac9a5ee05d2b95/conversations -> HTTP 403 (next candidate)
[2026-09-22 01:34:52] GET /api/agents/6aa26c7ce0ac9a5ee05d2b95/conversations/6aa26c825d5b4135ae6b48b5/messages -> HTTP 403 (next candidate)
[2026-09-22 01:34:52] GET /api/agents/6aa26c7ce0ac9a5ee05d2b95/conversations/6aa26c825d5b4135ae6b48b5 -> HTTP 403 (next candidate)
[2026-09-22 01:34:52] GET /api/agents/6aa26c7ce0ac9a5ee05d2b95/conversations -> HTTP 403 (next candidate)
[2026-09-22 01:35:02] GET /api/agents/6aa26c7ce0ac9a5ee05d2b95/conversations/6aa26c825d5b4135ae6b48b5/messages -> HTTP 403 (next candidate)
[2026-09-22 01:35:02] GET /api/agents/6aa26c7ce0ac9a5ee05d2b95/conversations/6aa26c825d5b4135ae6b48b5 -> HTTP 403 (next candidate)
[2026-09-22 01:35:02] GET /api/agents/6aa26c7ce0ac9a5ee05d2b95/conversations -> HTTP 403 (next candidate)
[2026-09-22 01:35:12] GET /api/agents/6aa26c7ce0ac9a5ee05d2b95/conversations/6aa26c825d5b4135ae6b48b5/messages -> HTTP 403 (next candidate)
[2026-09-22 01:35:12] GET /api/agents/6aa26c7ce0ac9a5ee05d2b95/conversations/6aa26c825d5b4135ae6b48b5 -> HTTP 403 (next candidate)
[2026-09-22 01:35:12] GET /api/agents/6aa26c7ce0ac9a5ee05d2b95/conversations -> HTTP 403 (next candidate)
[2026-09-22 01:35:23] GET /api/agents/6aa26c7ce0ac9a5ee05d2b95/conversations/6aa26c825d5b4135ae6b48b5/messages -> HTTP 403 (next candidate)
[2026-09-22 01:35:23] GET /api/agents/6aa26c7ce0ac9a5ee05d2b95/conversations/6aa26c825d5b4135ae6b48b5 -> HTTP 403 (next candidate)
[2026-09-22 01:35:23] GET /api/agents/6aa26c7ce0ac9a5ee05d2b95/conversations -> HTTP 403 (next candidate)
[2026-09-22 01:35:33] GET /api/agents/6aa26c7ce0ac9a5ee05d2b95/conversations/6aa26c825d5b4135ae6b48b5/messages -> HTTP 403 (next candidate)
[2026-09-22 01:35:33] GET /api/agents/6aa26c7ce0ac9a5ee05d2b95/conversations/6aa26c825d5b4135ae6b48b5 -> HTTP 403 (next candidate)
[2026-09-22 01:35:33] GET /api/agents/6aa26c7ce0ac9a5ee05d2b95/conversations -> HTTP 403 (next candidate)
[2026-09-22 01:35:43] GET /api/agents/6aa26c7ce0ac9a5ee05d2b95/conversations/6aa26c825d5b4135ae6b48b5/messages -> HTTP 403 (next candidate)
[2026-09-22 01:35:43] GET /api/agents/6aa26c7ce0ac9a5ee05d2b95/conversations/6aa26c825d5b4135ae6b48b5 -> HTTP 403 (next candidate)
[2026-09-22 01:35:43] GET /api/agents/6aa26c7ce0ac9a5ee05d2b95/conversations -> HTTP 403 (next candidate)
[2026-09-22 01:35:54] GET /api/agents/6aa26c7ce0ac9a5ee05d2b95/conversations/6aa26c825d5b4135ae6b48b5/messages -> HTTP 403 (next candidate)
[2026-09-22 01:35:54] GET /api/agents/6aa26c7ce0ac9a5ee05d2b95/conversations/6aa26c825d5b4135ae6b48b5 -> HTTP 403 (next candidate)
[2026-09-22 01:35:54] GET /api/agents/6aa26c7ce0ac9a5ee05d2b95/conversations -> HTTP 403 (next candidate)
[2026-09-22 01:36:04] GET /api/agents/6aa26c7ce0ac9a5ee05d2b95/conversations/6aa26c825d5b4135ae6b48b5/messages -> HTTP 403 (next candidate)
[2026-09-22 01:36:04] GET /api/agents/6aa26c7ce0ac9a5ee05d2b95/conversations/6aa26c825d5b4135ae6b48b5 -> HTTP 403 (next candidate)
[2026-09-22 01:36:04] GET /api/agents/6aa26c7ce0ac9a5ee05d2b95/conversations -> HTTP 403 (next candidate)
[2026-09-22 01:36:14] GET /api/agents/6aa26c7ce0ac9a5ee05d2b95/conversations/6aa26c825d5b4135ae6b48b5/messages -> HTTP 403 (next candidate)
[2026-09-22 01:36:14] GET /api/agents/6aa26c7ce0ac9a5ee05d2b95/conversations/6aa26c825d5b4135ae6b48b5 -> HTTP 403 (next candidate)
[2026-09-22 01:36:14] GET /api/agents/6aa26c7ce0ac9a5ee05d2b95/conversations -> HTTP 403 (next candidate)
[2026-09-22 01:36:25] GET /api/agents/6aa26c7ce0ac9a5ee05d2b95/conversations/6aa26c825d5b4135ae6b48b5/messages -> HTTP 403 (next candidate)
[2026-09-22 01:36:25] GET /api/agents/6aa26c7ce0ac9a5ee05d2b95/conversations/6aa26c825d5b4135ae6b48b5 -> HTTP 403 (next candidate)
[2026-09-22 01:36:25] GET /api/agents/6aa26c7ce0ac9a5ee05d2b95/conversations -> HTTP 403 (next candidate)
[2026-09-22 01:36:35] GET /api/agents/6aa26c7ce0ac9a5ee05d2b95/conversations/6aa26c825d5b4135ae6b48b5/messages -> HTTP 403 (next candidate)
[2026-09-22 01:36:35] GET /api/agents/6aa26c7ce0ac9a5ee05d2b95/conversations/6aa26c825d5b4135ae6b48b5 -> HTTP 403 (next candidate)
[2026-09-22 01:36:35] GET /api/agents/6aa26c7ce0ac9a5ee05d2b95/conversations -> HTTP 403 (next candidate)
[2026-09-22 01:36:45] GET /api/agents/6aa26c7ce0ac9a5ee05d2b95/conversations/6aa26c825d5b4135ae6b48b5/messages -> HTTP 403 (next candidate)
[2026-09-22 01:36:45] GET /api/agents/6aa26c7ce0ac9a5ee05d2b95/conversations/6aa26c825d5b4135ae6b48b5 -> HTTP 403 (next candidate)
[2026-09-22 01:36:45] GET /api/agents/6aa26c7ce0ac9a5ee05d2b95/conversations -> HTTP 403 (next candidate)
[2026-09-22 01:36:56] GET /api/agents/6aa26c7ce0ac9a5ee05d2b95/conversations/6aa26c825d5b4135ae6b48b5/messages -> HTTP 403 (next candidate)
[2026-09-22 01:36:56] GET /api/agents/6aa26c7ce0ac9a5ee05d2b95/conversations/6aa26c825d5b4135ae6b48b5 -> HTTP 403 (next candidate)
[2026-09-22 01:36:56] GET /api/agents/6aa26c7ce0ac9a5ee05d2b95/conversations -> HTTP 403 (next candidate)
[2026-09-22 01:37:06] GET /api/agents/6aa26c7ce0ac9a5ee05d2b95/conversations/6aa26c825d5b4135ae6b48b5/messages -> HTTP 403 (next candidate)
[2026-09-22 01:37:06] GET /api/agents/6aa26c7ce0ac9a5ee05d2b95/conversations/6aa26c825d5b4135ae6b48b5 -> HTTP 403 (next candidate)
[2026-09-22 01:37:06] GET /api/agents/6aa26c7ce0ac9a5ee05d2b95/conversations -> HTTP 403 (next candidate)
[2026-09-22 01:37:16] GET /api/agents/6aa26c7ce0ac9a5ee05d2b95/conversations/6aa26c825d5b4135ae6b48b5/messages -> HTTP 403 (next candidate)
[2026-09-22 01:37:16] GET /api/agents/6aa26c7ce0ac9a5ee05d2b95/conversations/6aa26c825d5b4135ae6b48b5 -> HTTP 403 (next candidate)
[2026-09-22 01:37:16] GET /api/agents/6aa26c7ce0ac9a5ee05d2b95/conversations -> HTTP 403 (next candidate)
[2026-09-22 01:37:27] GET /api/agents/6aa26c7ce0ac9a5ee05d2b95/conversations/6aa26c825d5b4135ae6b48b5/messages -> HTTP 403 (next candidate)
[2026-09-22 01:37:27] GET /api/agents/6aa26c7ce0ac9a5ee05d2b95/conversations/6aa26c825d5b4135ae6b48b5 -> HTTP 403 (next candidate)
[2026-09-22 01:37:27] GET /api/agents/6aa26c7ce0ac9a5ee05d2b95/conversations -> HTTP 403 (next candidate)
[2026-09-22 01:37:37] GET /api/agents/6aa26c7ce0ac9a5ee05d2b95/conversations/6aa26c825d5b4135ae6b48b5/messages -> HTTP 403 (next candidate)
[2026-09-22 01:37:37] GET /api/agents/6aa26c7ce0ac9a5ee05d2b95/conversations/6aa26c825d5b4135ae6b48b5 -> HTTP 403 (next candidate)
[2026-09-22 01:37:37] GET /api/agents/6aa26c7ce0ac9a5ee05d2b95/conversations -> HTTP 403 (next candidate)
[2026-09-22 01:37:47] GET /api/agents/6aa26c7ce0ac9a5ee05d2b95/conversations/6aa26c825d5b4135ae6b48b5/messages -> HTTP 403 (next candidate)
[2026-09-22 01:37:47] GET /api/agents/6aa26c7ce0ac9a5ee05d2b95/conversations/6aa26c825d5b4135ae6b48b5 -> HTTP 403 (next candidate)
[2026-09-22 01:37:47] GET /api/agents/6aa26c7ce0ac9a5ee05d2b95/conversations -> HTTP 403 (next candidate)
[2026-09-22 01:37:58] GET /api/agents/6aa26c7ce0ac9a5ee05d2b95/conversations/6aa26c825d5b4135ae6b48b5/messages -> HTTP 403 (next candidate)
[2026-09-22 01:37:58] GET /api/agents/6aa26c7ce0ac9a5ee05d2b95/conversations/6aa26c825d5b4135ae6b48b5 -> HTTP 403 (next candidate)
[2026-09-22 01:37:58] GET /api/agents/6aa26c7ce0ac9a5ee05d2b95/conversations -> HTTP 403 (next candidate)
[2026-09-22 01:38:08] GET /api/agents/6aa26c7ce0ac9a5ee05d2b95/conversations/6aa26c825d5b4135ae6b48b5/messages -> HTTP 403 (next candidate)
[2026-09-22 01:38:08] GET /api/agents/6aa26c7ce0ac9a5ee05d2b95/conversations/6aa26c825d5b4135ae6b48b5 -> HTTP 403 (next candidate)
[2026-09-22 01:38:08] GET /api/agents/6aa26c7ce0ac9a5ee05d2b95/conversations -> HTTP 403 (next candidate)
[2026-09-22 01:38:18] GET /api/agents/6aa26c7ce0ac9a5ee05d2b95/conversations/6aa26c825d5b4135ae6b48b5/messages -> HTTP 403 (next candidate)
[2026-09-22 01:38:19] GET /api/agents/6aa26c7ce0ac9a5ee05d2b95/conversations/6aa26c825d5b4135ae6b48b5 -> HTTP 403 (next candidate)
[2026-09-22 01:38:19] GET /api/agents/6aa26c7ce0ac9a5ee05d2b95/conversations -> HTTP 403 (next candidate)
[2026-09-22 01:38:29] GET /api/agents/6aa26c7ce0ac9a5ee05d2b95/conversations/6aa26c825d5b4135ae6b48b5/messages -> HTTP 403 (next candidate)
[2026-09-22 01:38:29] GET /api/agents/6aa26c7ce0ac9a5ee05d2b95/conversations/6aa26c825d5b4135ae6b48b5 -> HTTP 403 (next candidate)
[2026-09-22 01:38:29] GET /api/agents/6aa26c7ce0ac9a5ee05d2b95/conversations -> HTTP 403 (next candidate)
[2026-09-22 01:38:39] GET /api/agents/6aa26c7ce0ac9a5ee05d2b95/conversations/6aa26c825d5b4135ae6b48b5/messages -> HTTP 403 (next candidate)
[2026-09-22 01:38:39] GET /api/agents/6aa26c7ce0ac9a5ee05d2b95/conversations/6aa26c825d5b4135ae6b48b5 -> HTTP 403 (next candidate)
[2026-09-22 01:38:39] GET /api/agents/6aa26c7ce0ac9a5ee05d2b95/conversations -> HTTP 403 (next candidate)
[2026-09-22 01:38:49] GET /api/agents/6aa26c7ce0ac9a5ee05d2b95/conversations/6aa26c825d5b4135ae6b48b5/messages -> HTTP 403 (next candidate)
[2026-09-22 01:38:50] GET /api/agents/6aa26c7ce0ac9a5ee05d2b95/conversations/6aa26c825d5b4135ae6b48b5 -> HTTP 403 (next candidate)
[2026-09-22 01:38:50] GET /api/agents/6aa26c7ce0ac9a5ee05d2b95/conversations -> HTTP 403 (next candidate)
[2026-09-22 01:39:00] GET /api/agents/6aa26c7ce0ac9a5ee05d2b95/conversations/6aa26c825d5b4135ae6b48b5/messages -> HTTP 403 (next candidate)
[2026-09-22 01:39:00] GET /api/agents/6aa26c7ce0ac9a5ee05d2b95/conversations/6aa26c825d5b4135ae6b48b5 -> HTTP 403 (next candidate)
[2026-09-22 01:39:00] GET /api/agents/6aa26c7ce0ac9a5ee05d2b95/conversations -> HTTP 403 (next candidate)
[2026-09-22 01:39:10] GET /api/agents/6aa26c7ce0ac9a5ee05d2b95/conversations/6aa26c825d5b4135ae6b48b5/messages -> HTTP 403 (next candidate)
[2026-09-22 01:39:10] GET /api/agents/6aa26c7ce0ac9a5ee05d2b95/conversations/6aa26c825d5b4135ae6b48b5 -> HTTP 403 (next candidate)
[2026-09-22 01:39:10] GET /api/agents/6aa26c7ce0ac9a5ee05d2b95/conversations -> HTTP 403 (next candidate)
[2026-09-22 01:39:20] GET /api/agents/6aa26c7ce0ac9a5ee05d2b95/conversations/6aa26c825d5b4135ae6b48b5/messages -> HTTP 403 (next candidate)
[2026-09-22 01:39:21] GET /api/agents/6aa26c7ce0ac9a5ee05d2b95/conversations/6aa26c825d5b4135ae6b48b5 -> HTTP 403 (next candidate)
[2026-09-22 01:39:21] GET /api/agents/6aa26c7ce0ac9a5ee05d2b95/conversations -> HTTP 403 (next candidate)
[2026-09-22 01:39:31] GET /api/agents/6aa26c7ce0ac9a5ee05d2b95/conversations/6aa26c825d5b4135ae6b48b5/messages -> HTTP 403 (next candidate)
[2026-09-22 01:39:31] GET /api/agents/6aa26c7ce0ac9a5ee05d2b95/conversations/6aa26c825d5b4135ae6b48b5 -> HTTP 403 (next candidate)
[2026-09-22 01:39:31] GET /api/agents/6aa26c7ce0ac9a5ee05d2b95/conversations -> HTTP 403 (next candidate)
[2026-09-22 01:39:41] GET /api/agents/6aa26c7ce0ac9a5ee05d2b95/conversations/6aa26c825d5b4135ae6b48b5/messages -> HTTP 403 (next candidate)
[2026-09-22 01:39:41] GET /api/agents/6aa26c7ce0ac9a5ee05d2b95/conversations/6aa26c825d5b4135ae6b48b5 -> HTTP 403 (next candidate)
[2026-09-22 01:39:42] GET /api/agents/6aa26c7ce0ac9a5ee05d2b95/conversations -> HTTP 403 (next candidate)
[2026-09-22 01:39:52] GET /api/agents/6aa26c7ce0ac9a5ee05d2b95/conversations/6aa26c825d5b4135ae6b48b5/messages -> HTTP 403 (next candidate)
[2026-09-22 01:39:52] GET /api/agents/6aa26c7ce0ac9a5ee05d2b95/conversations/6aa26c825d5b4135ae6b48b5 -> HTTP 403 (next candidate)
[2026-09-22 01:39:52] GET /api/agents/6aa26c7ce0ac9a5ee05d2b95/conversations -> HTTP 403 (next candidate)
[2026-09-22 01:40:02] GET /api/agents/6aa26c7ce0ac9a5ee05d2b95/conversations/6aa26c825d5b4135ae6b48b5/messages -> HTTP 403 (next candidate)
[2026-09-22 01:40:02] GET /api/agents/6aa26c7ce0ac9a5ee05d2b95/conversations/6aa26c825d5b4135ae6b48b5 -> HTTP 403 (next candidate)
[2026-09-22 01:40:02] GET /api/agents/6aa26c7ce0ac9a5ee05d2b95/conversations -> HTTP 403 (next candidate)
[2026-09-22 01:40:12] GET /api/agents/6aa26c7ce0ac9a5ee05d2b95/conversations/6aa26c825d5b4135ae6b48b5/messages -> HTTP 403 (next candidate)
[2026-09-22 01:40:12] GET /api/agents/6aa26c7ce0ac9a5ee05d2b95/conversations/6aa26c825d5b4135ae6b48b5 -> HTTP 403 (next candidate)
[2026-09-22 01:40:13] GET /api/agents/6aa26c7ce0ac9a5ee05d2b95/conversations -> HTTP 403 (next candidate)
[2026-09-22 01:40:23] GET /api/agents/6aa26c7ce0ac9a5ee05d2b95/conversations/6aa26c825d5b4135ae6b48b5/messages -> HTTP 403 (next candidate)
[2026-09-22 01:40:23] GET /api/agents/6aa26c7ce0ac9a5ee05d2b95/conversations/6aa26c825d5b4135ae6b48b5 -> HTTP 403 (next candidate)
[2026-09-22 01:40:23] GET /api/agents/6aa26c7ce0ac9a5ee05d2b95/conversations -> HTTP 403 (next candidate)
[2026-09-22 01:40:33] GET /api/agents/6aa26c7ce0ac9a5ee05d2b95/conversations/6aa26c825d5b4135ae6b48b5/messages -> HTTP 403 (next candidate)
[2026-09-22 01:40:33] GET /api/agents/6aa26c7ce0ac9a5ee05d2b95/conversations/6aa26c825d5b4135ae6b48b5 -> HTTP 403 (next candidate)
[2026-09-22 01:40:33] GET /api/agents/6aa26c7ce0ac9a5ee05d2b95/conversations -> HTTP 403 (next candidate)
[2026-09-22 01:40:43] GET /api/agents/6aa26c7ce0ac9a5ee05d2b95/conversations/6aa26c825d5b4135ae6b48b5/messages -> HTTP 403 (next candidate)
[2026-09-22 01:40:43] GET /api/agents/6aa26c7ce0ac9a5ee05d2b95/conversations/6aa26c825d5b4135ae6b48b5 -> HTTP 403 (next candidate)
[2026-09-22 01:40:44] GET /api/agents/6aa26c7ce0ac9a5ee05d2b95/conversations -> HTTP 403 (next candidate)
[2026-09-22 01:40:54] GET /api/agents/6aa26c7ce0ac9a5ee05d2b95/conversations/6aa26c825d5b4135ae6b48b5/messages -> HTTP 403 (next candidate)
[2026-09-22 01:40:54] GET /api/agents/6aa26c7ce0ac9a5ee05d2b95/conversations/6aa26c825d5b4135ae6b48b5 -> HTTP 403 (next candidate)
[2026-09-22 01:40:54] GET /api/agents/6aa26c7ce0ac9a5ee05d2b95/conversations -> HTTP 403 (next candidate)
[2026-09-22 01:41:04] GET /api/agents/6aa26c7ce0ac9a5ee05d2b95/conversations/6aa26c825d5b4135ae6b48b5/messages -> HTTP 403 (next candidate)
[2026-09-22 01:41:05] GET /api/agents/6aa26c7ce0ac9a5ee05d2b95/conversations/6aa26c825d5b4135ae6b48b5 -> HTTP 403 (next candidate)
[2026-09-22 01:41:05] GET /api/agents/6aa26c7ce0ac9a5ee05d2b95/conversations -> HTTP 403 (next candidate)
[2026-09-22 01:41:15] GET /api/agents/6aa26c7ce0ac9a5ee05d2b95/conversations/6aa26c825d5b4135ae6b48b5/messages -> HTTP 403 (next candidate)
[2026-09-22 01:41:15] GET /api/agents/6aa26c7ce0ac9a5ee05d2b95/conversations/6aa26c825d5b4135ae6b48b5 -> HTTP 403 (next candidate)
[2026-09-22 01:41:15] GET /api/agents/6aa26c7ce0ac9a5ee05d2b95/conversations -> HTTP 403 (next candidate)
[2026-09-22 01:41:25] GET /api/agents/6aa26c7ce0ac9a5ee05d2b95/conversations/6aa26c825d5b4135ae6b48b5/messages -> HTTP 403 (next candidate)
[2026-09-22 01:41:25] GET /api/agents/6aa26c7ce0ac9a5ee05d2b95/conversations/6aa26c825d5b4135ae6b48b5 -> HTTP 403 (next candidate)
[2026-09-22 01:41:25] GET /api/agents/6aa26c7ce0ac9a5ee05d2b95/conversations -> HTTP 403 (next candidate)
[2026-09-22 01:41:35] GET /api/agents/6aa26c7ce0ac9a5ee05d2b95/conversations/6aa26c825d5b4135ae6b48b5/messages -> HTTP 403 (next candidate)
[2026-09-22 01:41:35] GET /api/agents/6aa26c7ce0ac9a5ee05d2b95/conversations/6aa26c825d5b4135ae6b48b5 -> HTTP 403 (next candidate)
[2026-09-22 01:41:36] GET /api/agents/6aa26c7ce0ac9a5ee05d2b95/conversations -> HTTP 403 (next candidate)
[2026-09-22 01:41:46] GET /api/agents/6aa26c7ce0ac9a5ee05d2b95/conversations/6aa26c825d5b4135ae6b48b5/messages -> HTTP 403 (next candidate)
[2026-09-22 01:41:46] GET /api/agents/6aa26c7ce0ac9a5ee05d2b95/conversations/6aa26c825d5b4135ae6b48b5 -> HTTP 403 (next candidate)
[2026-09-22 01:41:46] GET /api/agents/6aa26c7ce0ac9a5ee05d2b95/conversations -> HTTP 403 (next candidate)
[2026-09-22 01:41:56] GET /api/agents/6aa26c7ce0ac9a5ee05d2b95/conversations/6aa26c825d5b4135ae6b48b5/messages -> HTTP 403 (next candidate)
[2026-09-22 01:41:56] GET /api/agents/6aa26c7ce0ac9a5ee05d2b95/conversations/6aa26c825d5b4135ae6b48b5 -> HTTP 403 (next candidate)
[2026-09-22 01:41:56] GET /api/agents/6aa26c7ce0ac9a5ee05d2b95/conversations -> HTTP 403 (next candidate)
[2026-09-22 01:42:06] GET /api/agents/6aa26c7ce0ac9a5ee05d2b95/conversations/6aa26c825d5b4135ae6b48b5/messages -> HTTP 403 (next candidate)
[2026-09-22 01:42:06] GET /api/agents/6aa26c7ce0ac9a5ee05d2b95/conversations/6aa26c825d5b4135ae6b48b5 -> HTTP 403 (next candidate)
[2026-09-22 01:42:07] GET /api/agents/6aa26c7ce0ac9a5ee05d2b95/conversations -> HTTP 403 (next candidate)
[2026-09-22 01:42:17] GET /api/agents/6aa26c7ce0ac9a5ee05d2b95/conversations/6aa26c825d5b4135ae6b48b5/messages -> HTTP 403 (next candidate)
[2026-09-22 01:42:17] GET /api/agents/6aa26c7ce0ac9a5ee05d2b95/conversations/6aa26c825d5b4135ae6b48b5 -> HTTP 403 (next candidate)
[2026-09-22 01:42:17] GET /api/agents/6aa26c7ce0ac9a5ee05d2b95/conversations -> HTTP 403 (next candidate)
[2026-09-22 01:42:27] GET /api/agents/6aa26c7ce0ac9a5ee05d2b95/conversations/6aa26c825d5b4135ae6b48b5/messages -> HTTP 403 (next candidate)
[2026-09-22 01:42:27] GET /api/agents/6aa26c7ce0ac9a5ee05d2b95/conversations/6aa26c825d5b4135ae6b48b5 -> HTTP 403 (next candidate)
[2026-09-22 01:42:27] GET /api/agents/6aa26c7ce0ac9a5ee05d2b95/conversations -> HTTP 403 (next candidate)
[2026-09-22 01:42:37] GET /api/agents/6aa26c7ce0ac9a5ee05d2b95/conversations/6aa26c825d5b4135ae6b48b5/messages -> HTTP 403 (next candidate)
[2026-09-22 01:42:37] GET /api/agents/6aa26c7ce0ac9a5ee05d2b95/conversations/6aa26c825d5b4135ae6b48b5 -> HTTP 403 (next candidate)
[2026-09-22 01:42:37] GET /api/agents/6aa26c7ce0ac9a5ee05d2b95/conversations -> HTTP 403 (next candidate)
[2026-09-22 01:42:48] GET /api/agents/6aa26c7ce0ac9a5ee05d2b95/conversations/6aa26c825d5b4135ae6b48b5/messages -> HTTP 403 (next candidate)
[2026-09-22 01:42:48] GET /api/agents/6aa26c7ce0ac9a5ee05d2b95/conversations/6aa26c825d5b4135ae6b48b5 -> HTTP 403 (next candidate)
[2026-09-22 01:42:48] GET /api/agents/6aa26c7ce0ac9a5ee05d2b95/conversations -> HTTP 403 (next candidate)
[2026-09-22 01:42:58] GET /api/agents/6aa26c7ce0ac9a5ee05d2b95/conversations/6aa26c825d5b4135ae6b48b5/messages -> HTTP 403 (next candidate)
[2026-09-22 01:42:58] GET /api/agents/6aa26c7ce0ac9a5ee05d2b95/conversations/6aa26c825d5b4135ae6b48b5 -> HTTP 403 (next candidate)
[2026-09-22 01:42:58] GET /api/agents/6aa26c7ce0ac9a5ee05d2b95/conversations -> HTTP 403 (next candidate)
[2026-09-22 01:43:08] GET /api/agents/6aa26c7ce0ac9a5ee05d2b95/conversations/6aa26c825d5b4135ae6b48b5/messages -> HTTP 403 (next candidate)
[2026-09-22 01:43:08] GET /api/agents/6aa26c7ce0ac9a5ee05d2b95/conversations/6aa26c825d5b4135ae6b48b5 -> HTTP 403 (next candidate)
[2026-09-22 01:43:08] GET /api/agents/6aa26c7ce0ac9a5ee05d2b95/conversations -> HTTP 403 (next candidate)
[2026-09-22 01:43:19] GET /api/agents/6aa26c7ce0ac9a5ee05d2b95/conversations/6aa26c825d5b4135ae6b48b5/messages -> HTTP 403 (next candidate)
[2026-09-22 01:43:19] GET /api/agents/6aa26c7ce0ac9a5ee05d2b95/conversations/6aa26c825d5b4135ae6b48b5 -> HTTP 403 (next candidate)
[2026-09-22 01:43:19] GET /api/agents/6aa26c7ce0ac9a5ee05d2b95/conversations -> HTTP 403 (next candidate)
[2026-09-22 01:43:29] GET /api/agents/6aa26c7ce0ac9a5ee05d2b95/conversations/6aa26c825d5b4135ae6b48b5/messages -> HTTP 403 (next candidate)
[2026-09-22 01:43:29] GET /api/agents/6aa26c7ce0ac9a5ee05d2b95/conversations/6aa26c825d5b4135ae6b48b5 -> HTTP 403 (next candidate)
[2026-09-22 01:43:29] GET /api/agents/6aa26c7ce0ac9a5ee05d2b95/conversations -> HTTP 403 (next candidate)
[2026-09-22 01:43:39] GET /api/agents/6aa26c7ce0ac9a5ee05d2b95/conversations/6aa26c825d5b4135ae6b48b5/messages -> HTTP 403 (next candidate)
[2026-09-22 01:43:39] GET /api/agents/6aa26c7ce0ac9a5ee05d2b95/conversations/6aa26c825d5b4135ae6b48b5 -> HTTP 403 (next candidate)
[2026-09-22 01:43:39] GET /api/agents/6aa26c7ce0ac9a5ee05d2b95/conversations -> HTTP 403 (next candidate)
[2026-09-22 01:43:50] GET /api/agents/6aa26c7ce0ac9a5ee05d2b95/conversations/6aa26c825d5b4135ae6b48b5/messages -> HTTP 403 (next candidate)
[2026-09-22 01:43:50] GET /api/agents/6aa26c7ce0ac9a5ee05d2b95/conversations/6aa26c825d5b4135ae6b48b5 -> HTTP 403 (next candidate)
[2026-09-22 01:43:50] GET /api/agents/6aa26c7ce0ac9a5ee05d2b95/conversations -> HTTP 403 (next candidate)
[2026-09-22 01:44:00] GET /api/agents/6aa26c7ce0ac9a5ee05d2b95/conversations/6aa26c825d5b4135ae6b48b5/messages -> HTTP 403 (next candidate)
[2026-09-22 01:44:00] GET /api/agents/6aa26c7ce0ac9a5ee05d2b95/conversations/6aa26c825d5b4135ae6b48b5 -> HTTP 403 (next candidate)
[2026-09-22 01:44:00] GET /api/agents/6aa26c7ce0ac9a5ee05d2b95/conversations -> HTTP 403 (next candidate)
[2026-09-22 01:44:10] GET /api/agents/6aa26c7ce0ac9a5ee05d2b95/conversations/6aa26c825d5b4135ae6b48b5/messages -> HTTP 403 (next candidate)
[2026-09-22 01:44:10] GET /api/agents/6aa26c7ce0ac9a5ee05d2b95/conversations/6aa26c825d5b4135ae6b48b5 -> HTTP 403 (next candidate)
[2026-09-22 01:44:10] GET /api/agents/6aa26c7ce0ac9a5ee05d2b95/conversations -> HTTP 403 (next candidate)
[2026-09-22 01:44:21] GET /api/agents/6aa26c7ce0ac9a5ee05d2b95/conversations/6aa26c825d5b4135ae6b48b5/messages -> HTTP 403 (next candidate)
[2026-09-22 01:44:21] GET /api/agents/6aa26c7ce0ac9a5ee05d2b95/conversations/6aa26c825d5b4135ae6b48b5 -> HTTP 403 (next candidate)
[2026-09-22 01:44:21] GET /api/agents/6aa26c7ce0ac9a5ee05d2b95/conversations -> HTTP 403 (next candidate)
[2026-09-22 01:44:31] GET /api/agents/6aa26c7ce0ac9a5ee05d2b95/conversations/6aa26c825d5b4135ae6b48b5/messages -> HTTP 403 (next candidate)
[2026-09-22 01:44:31] GET /api/agents/6aa26c7ce0ac9a5ee05d2b95/conversations/6aa26c825d5b4135ae6b48b5 -> HTTP 403 (next candidate)
[2026-09-22 01:44:31] GET /api/agents/6aa26c7ce0ac9a5ee05d2b95/conversations -> HTTP 403 (next candidate)
[2026-09-22 01:44:41] GET /api/agents/6aa26c7ce0ac9a5ee05d2b95/conversations/6aa26c825d5b4135ae6b48b5/messages -> HTTP 403 (next candidate)
[2026-09-22 01:44:41] GET /api/agents/6aa26c7ce0ac9a5ee05d2b95/conversations/6aa26c825d5b4135ae6b48b5 -> HTTP 403 (next candidate)
[2026-09-22 01:44:41] GET /api/agents/6aa26c7ce0ac9a5ee05d2b95/conversations -> HTTP 403 (next candidate)
[2026-09-22 01:44:52] GET /api/agents/6aa26c7ce0ac9a5ee05d2b95/conversations/6aa26c825d5b4135ae6b48b5/messages -> HTTP 403 (next candidate)
[2026-09-22 01:44:52] GET /api/agents/6aa26c7ce0ac9a5ee05d2b95/conversations/6aa26c825d5b4135ae6b48b5 -> HTTP 403 (next candidate)
[2026-09-22 01:44:52] GET /api/agents/6aa26c7ce0ac9a5ee05d2b95/conversations -> HTTP 403 (next candidate)
[2026-09-22 01:45:02] GET /api/agents/6aa26c7ce0ac9a5ee05d2b95/conversations/6aa26c825d5b4135ae6b48b5/messages -> HTTP 403 (next candidate)
[2026-09-22 01:45:02] GET /api/agents/6aa26c7ce0ac9a5ee05d2b95/conversations/6aa26c825d5b4135ae6b48b5 -> HTTP 403 (next candidate)
[2026-09-22 01:45:02] GET /api/agents/6aa26c7ce0ac9a5ee05d2b95/conversations -> HTTP 403 (next candidate)
[2026-09-22 01:45:12] GET /api/agents/6aa26c7ce0ac9a5ee05d2b95/conversations/6aa26c825d5b4135ae6b48b5/messages -> HTTP 403 (next candidate)
[2026-09-22 01:45:12] GET /api/agents/6aa26c7ce0ac9a5ee05d2b95/conversations/6aa26c825d5b4135ae6b48b5 -> HTTP 403 (next candidate)
[2026-09-22 01:45:12] GET /api/agents/6aa26c7ce0ac9a5ee05d2b95/conversations -> HTTP 403 (next candidate)
[2026-09-22 01:45:23] GET /api/agents/6aa26c7ce0ac9a5ee05d2b95/conversations/6aa26c825d5b4135ae6b48b5/messages -> HTTP 403 (next candidate)
[2026-09-22 01:45:23] GET /api/agents/6aa26c7ce0ac9a5ee05d2b95/conversations/6aa26c825d5b4135ae6b48b5 -> HTTP 403 (next candidate)
[2026-09-22 01:45:23] GET /api/agents/6aa26c7ce0ac9a5ee05d2b95/conversations -> HTTP 403 (next candidate)
[2026-09-22 01:45:33] GET /api/agents/6aa26c7ce0ac9a5ee05d2b95/conversations/6aa26c825d5b4135ae6b48b5/messages -> HTTP 403 (next candidate)
[2026-09-22 01:45:33] GET /api/agents/6aa26c7ce0ac9a5ee05d2b95/conversations/6aa26c825d5b4135ae6b48b5 -> HTTP 403 (next candidate)
[2026-09-22 01:45:33] GET /api/agents/6aa26c7ce0ac9a5ee05d2b95/conversations -> HTTP 403 (next candidate)
[2026-09-22 01:45:44] GET /api/agents/6aa26c7ce0ac9a5ee05d2b95/conversations/6aa26c825d5b4135ae6b48b5/messages -> HTTP 403 (next candidate)
[2026-09-22 01:45:44] GET /api/agents/6aa26c7ce0ac9a5ee05d2b95/conversations/6aa26c825d5b4135ae6b48b5 -> HTTP 403 (next candidate)
[2026-09-22 01:45:44] GET /api/agents/6aa26c7ce0ac9a5ee05d2b95/conversations -> HTTP 403 (next candidate)
[2026-09-22 01:45:54] GET /api/agents/6aa26c7ce0ac9a5ee05d2b95/conversations/6aa26c825d5b4135ae6b48b5/messages -> HTTP 403 (next candidate)
[2026-09-22 01:45:54] GET /api/agents/6aa26c7ce0ac9a5ee05d2b95/conversations/6aa26c825d5b4135ae6b48b5 -> HTTP 403 (next candidate)
[2026-09-22 01:45:54] GET /api/agents/6aa26c7ce0ac9a5ee05d2b95/conversations -> HTTP 403 (next candidate)
[2026-09-22 01:46:04] GET /api/agents/6aa26c7ce0ac9a5ee05d2b95/conversations/6aa26c825d5b4135ae6b48b5/messages -> HTTP 403 (next candidate)
[2026-09-22 01:46:04] GET /api/agents/6aa26c7ce0ac9a5ee05d2b95/conversations/6aa26c825d5b4135ae6b48b5 -> HTTP 403 (next candidate)
[2026-09-22 01:46:04] GET /api/agents/6aa26c7ce0ac9a5ee05d2b95/conversations -> HTTP 403 (next candidate)
[2026-09-22 01:46:15] GET /api/agents/6aa26c7ce0ac9a5ee05d2b95/conversations/6aa26c825d5b4135ae6b48b5/messages -> HTTP 403 (next candidate)
[2026-09-22 01:46:15] GET /api/agents/6aa26c7ce0ac9a5ee05d2b95/conversations/6aa26c825d5b4135ae6b48b5 -> HTTP 403 (next candidate)
[2026-09-22 01:46:15] GET /api/agents/6aa26c7ce0ac9a5ee05d2b95/conversations -> HTTP 403 (next candidate)
[2026-09-22 01:46:25] GET /api/agents/6aa26c7ce0ac9a5ee05d2b95/conversations/6aa26c825d5b4135ae6b48b5/messages -> HTTP 403 (next candidate)
[2026-09-22 01:46:25] GET /api/agents/6aa26c7ce0ac9a5ee05d2b95/conversations/6aa26c825d5b4135ae6b48b5 -> HTTP 403 (next candidate)
[2026-09-22 01:46:25] GET /api/agents/6aa26c7ce0ac9a5ee05d2b95/conversations -> HTTP 403 (next candidate)
[2026-09-22 01:46:35] GET /api/agents/6aa26c7ce0ac9a5ee05d2b95/conversations/6aa26c825d5b4135ae6b48b5/messages -> HTTP 403 (next candidate)
[2026-09-22 01:46:35] GET /api/agents/6aa26c7ce0ac9a5ee05d2b95/conversations/6aa26c825d5b4135ae6b48b5 -> HTTP 403 (next candidate)
[2026-09-22 01:46:35] GET /api/agents/6aa26c7ce0ac9a5ee05d2b95/conversations -> HTTP 403 (next candidate)
[2026-09-22 01:46:45] GET /api/agents/6aa26c7ce0ac9a5ee05d2b95/conversations/6aa26c825d5b4135ae6b48b5/messages -> HTTP 403 (next candidate)
[2026-09-22 01:46:46] GET /api/agents/6aa26c7ce0ac9a5ee05d2b95/conversations/6aa26c825d5b4135ae6b48b5 -> HTTP 403 (next candidate)
[2026-09-22 01:46:46] GET /api/agents/6aa26c7ce0ac9a5ee05d2b95/conversations -> HTTP 403 (next candidate)
[2026-09-22 01:46:56] GET /api/agents/6aa26c7ce0ac9a5ee05d2b95/conversations/6aa26c825d5b4135ae6b48b5/messages -> HTTP 403 (next candidate)
[2026-09-22 01:46:56] GET /api/agents/6aa26c7ce0ac9a5ee05d2b95/conversations/6aa26c825d5b4135ae6b48b5 -> HTTP 403 (next candidate)
[2026-09-22 01:46:56] GET /api/agents/6aa26c7ce0ac9a5ee05d2b95/conversations -> HTTP 403 (next candidate)
[2026-09-22 01:47:06] GET /api/agents/6aa26c7ce0ac9a5ee05d2b95/conversations/6aa26c825d5b4135ae6b48b5/messages -> HTTP 403 (next candidate)
[2026-09-22 01:47:06] GET /api/agents/6aa26c7ce0ac9a5ee05d2b95/conversations/6aa26c825d5b4135ae6b48b5 -> HTTP 403 (next candidate)
[2026-09-22 01:47:07] GET /api/agents/6aa26c7ce0ac9a5ee05d2b95/conversations -> HTTP 403 (next candidate)
[2026-09-22 01:47:17] GET /api/agents/6aa26c7ce0ac9a5ee05d2b95/conversations/6aa26c825d5b4135ae6b48b5/messages -> HTTP 403 (next candidate)
[2026-09-22 01:47:17] GET /api/agents/6aa26c7ce0ac9a5ee05d2b95/conversations/6aa26c825d5b4135ae6b48b5 -> HTTP 403 (next candidate)
[2026-09-22 01:47:17] GET /api/agents/6aa26c7ce0ac9a5ee05d2b95/conversations -> HTTP 403 (next candidate)
[2026-09-22 01:47:27] GET /api/agents/6aa26c7ce0ac9a5ee05d2b95/conversations/6aa26c825d5b4135ae6b48b5/messages -> HTTP 403 (next candidate)
[2026-09-22 01:47:27] GET /api/agents/6aa26c7ce0ac9a5ee05d2b95/conversations/6aa26c825d5b4135ae6b48b5 -> HTTP 403 (next candidate)
[2026-09-22 01:47:27] GET /api/agents/6aa26c7ce0ac9a5ee05d2b95/conversations -> HTTP 403 (next candidate)
[2026-09-22 01:47:37] GET /api/agents/6aa26c7ce0ac9a5ee05d2b95/conversations/6aa26c825d5b4135ae6b48b5/messages -> HTTP 403 (next candidate)
[2026-09-22 01:47:38] GET /api/agents/6aa26c7ce0ac9a5ee05d2b95/conversations/6aa26c825d5b4135ae6b48b5 -> HTTP 403 (next candidate)
[2026-09-22 01:47:38] GET /api/agents/6aa26c7ce0ac9a5ee05d2b95/conversations -> HTTP 403 (next candidate)
[2026-09-22 01:47:48] GET /api/agents/6aa26c7ce0ac9a5ee05d2b95/conversations/6aa26c825d5b4135ae6b48b5/messages -> HTTP 403 (next candidate)
[2026-09-22 01:47:48] GET /api/agents/6aa26c7ce0ac9a5ee05d2b95/conversations/6aa26c825d5b4135ae6b48b5 -> HTTP 403 (next candidate)
[2026-09-22 01:47:48] GET /api/agents/6aa26c7ce0ac9a5ee05d2b95/conversations -> HTTP 403 (next candidate)
[2026-09-22 01:47:58] GET /api/agents/6aa26c7ce0ac9a5ee05d2b95/conversations/6aa26c825d5b4135ae6b48b5/messages -> HTTP 403 (next candidate)
[2026-09-22 01:47:58] GET /api/agents/6aa26c7ce0ac9a5ee05d2b95/conversations/6aa26c825d5b4135ae6b48b5 -> HTTP 403 (next candidate)
[2026-09-22 01:47:58] GET /api/agents/6aa26c7ce0ac9a5ee05d2b95/conversations -> HTTP 403 (next candidate)
[2026-09-22 01:48:08] GET /api/agents/6aa26c7ce0ac9a5ee05d2b95/conversations/6aa26c825d5b4135ae6b48b5/messages -> HTTP 403 (next candidate)
[2026-09-22 01:48:08] GET /api/agents/6aa26c7ce0ac9a5ee05d2b95/conversations/6aa26c825d5b4135ae6b48b5 -> HTTP 403 (next candidate)
[2026-09-22 01:48:09] GET /api/agents/6aa26c7ce0ac9a5ee05d2b95/conversations -> HTTP 403 (next candidate)
[2026-09-22 01:48:19] GET /api/agents/6aa26c7ce0ac9a5ee05d2b95/conversations/6aa26c825d5b4135ae6b48b5/messages -> HTTP 403 (next candidate)
[2026-09-22 01:48:19] GET /api/agents/6aa26c7ce0ac9a5ee05d2b95/conversations/6aa26c825d5b4135ae6b48b5 -> HTTP 403 (next candidate)
[2026-09-22 01:48:19] GET /api/agents/6aa26c7ce0ac9a5ee05d2b95/conversations -> HTTP 403 (next candidate)
[2026-09-22 01:48:29] GET /api/agents/6aa26c7ce0ac9a5ee05d2b95/conversations/6aa26c825d5b4135ae6b48b5/messages -> HTTP 403 (next candidate)
[2026-09-22 01:48:29] GET /api/agents/6aa26c7ce0ac9a5ee05d2b95/conversations/6aa26c825d5b4135ae6b48b5 -> HTTP 403 (next candidate)
[2026-09-22 01:48:29] GET /api/agents/6aa26c7ce0ac9a5ee05d2b95/conversations -> HTTP 403 (next candidate)
[2026-09-22 01:48:40] GET /api/agents/6aa26c7ce0ac9a5ee05d2b95/conversations/6aa26c825d5b4135ae6b48b5/messages -> HTTP 403 (next candidate)
[2026-09-22 01:48:40] GET /api/agents/6aa26c7ce0ac9a5ee05d2b95/conversations/6aa26c825d5b4135ae6b48b5 -> HTTP 403 (next candidate)
[2026-09-22 01:48:40] GET /api/agents/6aa26c7ce0ac9a5ee05d2b95/conversations -> HTTP 403 (next candidate)
[2026-09-22 01:48:50] GET /api/agents/6aa26c7ce0ac9a5ee05d2b95/conversations/6aa26c825d5b4135ae6b48b5/messages -> HTTP 403 (next candidate)
[2026-09-22 01:48:50] GET /api/agents/6aa26c7ce0ac9a5ee05d2b95/conversations/6aa26c825d5b4135ae6b48b5 -> HTTP 403 (next candidate)
[2026-09-22 01:48:50] GET /api/agents/6aa26c7ce0ac9a5ee05d2b95/conversations -> HTTP 403 (next candidate)
[2026-09-22 01:49:00] GET /api/agents/6aa26c7ce0ac9a5ee05d2b95/conversations/6aa26c825d5b4135ae6b48b5/messages -> HTTP 403 (next candidate)
[2026-09-22 01:49:00] GET /api/agents/6aa26c7ce0ac9a5ee05d2b95/conversations/6aa26c825d5b4135ae6b48b5 -> HTTP 403 (next candidate)
[2026-09-22 01:49:00] GET /api/agents/6aa26c7ce0ac9a5ee05d2b95/conversations -> HTTP 403 (next candidate)
[2026-09-22 01:49:11] GET /api/agents/6aa26c7ce0ac9a5ee05d2b95/conversations/6aa26c825d5b4135ae6b48b5/messages -> HTTP 403 (next candidate)
[2026-09-22 01:49:11] GET /api/agents/6aa26c7ce0ac9a5ee05d2b95/conversations/6aa26c825d5b4135ae6b48b5 -> HTTP 403 (next candidate)
[2026-09-22 01:49:11] GET /api/agents/6aa26c7ce0ac9a5ee05d2b95/conversations -> HTTP 403 (next candidate)
[2026-09-22 01:49:21] GET /api/agents/6aa26c7ce0ac9a5ee05d2b95/conversations/6aa26c825d5b4135ae6b48b5/messages -> HTTP 403 (next candidate)
[2026-09-22 01:49:21] GET /api/agents/6aa26c7ce0ac9a5ee05d2b95/conversations/6aa26c825d5b4135ae6b48b5 -> HTTP 403 (next candidate)
[2026-09-22 01:49:21] GET /api/agents/6aa26c7ce0ac9a5ee05d2b95/conversations -> HTTP 403 (next candidate)
[2026-09-22 01:49:31] GET /api/agents/6aa26c7ce0ac9a5ee05d2b95/conversations/6aa26c825d5b4135ae6b48b5/messages -> HTTP 403 (next candidate)
[2026-09-22 01:49:32] GET /api/agents/6aa26c7ce0ac9a5ee05d2b95/conversations/6aa26c825d5b4135ae6b48b5 -> HTTP 403 (next candidate)
[2026-09-22 01:49:32] GET /api/agents/6aa26c7ce0ac9a5ee05d2b95/conversations -> HTTP 403 (next candidate)
[2026-09-22 01:49:42] GET /api/agents/6aa26c7ce0ac9a5ee05d2b95/conversations/6aa26c825d5b4135ae6b48b5/messages -> HTTP 403 (next candidate)
[2026-09-22 01:49:42] GET /api/agents/6aa26c7ce0ac9a5ee05d2b95/conversations/6aa26c825d5b4135ae6b48b5 -> HTTP 403 (next candidate)
[2026-09-22 01:49:42] GET /api/agents/6aa26c7ce0ac9a5ee05d2b95/conversations -> HTTP 403 (next candidate)
[2026-09-22 01:49:52] GET /api/agents/6aa26c7ce0ac9a5ee05d2b95/conversations/6aa26c825d5b4135ae6b48b5/messages -> HTTP 403 (next candidate)
[2026-09-22 01:49:53] GET /api/agents/6aa26c7ce0ac9a5ee05d2b95/conversations/6aa26c825d5b4135ae6b48b5 -> HTTP 403 (next candidate)
[2026-09-22 01:49:53] GET /api/agents/6aa26c7ce0ac9a5ee05d2b95/conversations -> HTTP 403 (next candidate)
[2026-09-22 01:50:03] GET /api/agents/6aa26c7ce0ac9a5ee05d2b95/conversations/6aa26c825d5b4135ae6b48b5/messages -> HTTP 403 (next candidate)
[2026-09-22 01:50:03] GET /api/agents/6aa26c7ce0ac9a5ee05d2b95/conversations/6aa26c825d5b4135ae6b48b5 -> HTTP 403 (next candidate)
[2026-09-22 01:50:03] GET /api/agents/6aa26c7ce0ac9a5ee05d2b95/conversations -> HTTP 403 (next candidate)
[2026-09-22 01:50:13] GET /api/agents/6aa26c7ce0ac9a5ee05d2b95/conversations/6aa26c825d5b4135ae6b48b5/messages -> HTTP 403 (next candidate)
[2026-09-22 01:50:13] GET /api/agents/6aa26c7ce0ac9a5ee05d2b95/conversations/6aa26c825d5b4135ae6b48b5 -> HTTP 403 (next candidate)
[2026-09-22 01:50:13] GET /api/agents/6aa26c7ce0ac9a5ee05d2b95/conversations -> HTTP 403 (next candidate)
[2026-09-22 01:50:24] GET /api/agents/6aa26c7ce0ac9a5ee05d2b95/conversations/6aa26c825d5b4135ae6b48b5/messages -> HTTP 403 (next candidate)
[2026-09-22 01:50:24] GET /api/agents/6aa26c7ce0ac9a5ee05d2b95/conversations/6aa26c825d5b4135ae6b48b5 -> HTTP 403 (next candidate)
[2026-09-22 01:50:24] GET /api/agents/6aa26c7ce0ac9a5ee05d2b95/conversations -> HTTP 403 (next candidate)
[2026-09-22 01:50:34] GET /api/agents/6aa26c7ce0ac9a5ee05d2b95/conversations/6aa26c825d5b4135ae6b48b5/messages -> HTTP 403 (next candidate)
[2026-09-22 01:50:34] GET /api/agents/6aa26c7ce0ac9a5ee05d2b95/conversations/6aa26c825d5b4135ae6b48b5 -> HTTP 403 (next candidate)
[2026-09-22 01:50:34] GET /api/agents/6aa26c7ce0ac9a5ee05d2b95/conversations -> HTTP 403 (next candidate)
[2026-09-22 01:50:44] GET /api/agents/6aa26c7ce0ac9a5ee05d2b95/conversations/6aa26c825d5b4135ae6b48b5/messages -> HTTP 403 (next candidate)
[2026-09-22 01:50:44] GET /api/agents/6aa26c7ce0ac9a5ee05d2b95/conversations/6aa26c825d5b4135ae6b48b5 -> HTTP 403 (next candidate)
[2026-09-22 01:50:44] GET /api/agents/6aa26c7ce0ac9a5ee05d2b95/conversations -> HTTP 403 (next candidate)
[2026-09-22 01:50:54] GET /api/agents/6aa26c7ce0ac9a5ee05d2b95/conversations/6aa26c825d5b4135ae6b48b5/messages -> HTTP 403 (next candidate)
[2026-09-22 01:50:55] GET /api/agents/6aa26c7ce0ac9a5ee05d2b95/conversations/6aa26c825d5b4135ae6b48b5 -> HTTP 403 (next candidate)
[2026-09-22 01:50:55] GET /api/agents/6aa26c7ce0ac9a5ee05d2b95/conversations -> HTTP 403 (next candidate)
[2026-09-22 01:51:05] GET /api/agents/6aa26c7ce0ac9a5ee05d2b95/conversations/6aa26c825d5b4135ae6b48b5/messages -> HTTP 403 (next candidate)
[2026-09-22 01:51:05] GET /api/agents/6aa26c7ce0ac9a5ee05d2b95/conversations/6aa26c825d5b4135ae6b48b5 -> HTTP 403 (next candidate)
[2026-09-22 01:51:05] GET /api/agents/6aa26c7ce0ac9a5ee05d2b95/conversations -> HTTP 403 (next candidate)
[2026-09-22 01:51:15] GET /api/agents/6aa26c7ce0ac9a5ee05d2b95/conversations/6aa26c825d5b4135ae6b48b5/messages -> HTTP 403 (next candidate)
[2026-09-22 01:51:15] GET /api/agents/6aa26c7ce0ac9a5ee05d2b95/conversations/6aa26c825d5b4135ae6b48b5 -> HTTP 403 (next candidate)
[2026-09-22 01:51:15] GET /api/agents/6aa26c7ce0ac9a5ee05d2b95/conversations -> HTTP 403 (next candidate)
[2026-09-22 01:51:25] GET /api/agents/6aa26c7ce0ac9a5ee05d2b95/conversations/6aa26c825d5b4135ae6b48b5/messages -> HTTP 403 (next candidate)
[2026-09-22 01:51:26] GET /api/agents/6aa26c7ce0ac9a5ee05d2b95/conversations/6aa26c825d5b4135ae6b48b5 -> HTTP 403 (next candidate)
[2026-09-22 01:51:26] GET /api/agents/6aa26c7ce0ac9a5ee05d2b95/conversations -> HTTP 403 (next candidate)
[2026-09-22 01:51:36] GET /api/agents/6aa26c7ce0ac9a5ee05d2b95/conversations/6aa26c825d5b4135ae6b48b5/messages -> HTTP 403 (next candidate)
[2026-09-22 01:51:36] GET /api/agents/6aa26c7ce0ac9a5ee05d2b95/conversations/6aa26c825d5b4135ae6b48b5 -> HTTP 403 (next candidate)
[2026-09-22 01:51:36] GET /api/agents/6aa26c7ce0ac9a5ee05d2b95/conversations -> HTTP 403 (next candidate)
[2026-09-22 01:51:46] GET /api/agents/6aa26c7ce0ac9a5ee05d2b95/conversations/6aa26c825d5b4135ae6b48b5/messages -> HTTP 403 (next candidate)
[2026-09-22 01:51:46] GET /api/agents/6aa26c7ce0ac9a5ee05d2b95/conversations/6aa26c825d5b4135ae6b48b5 -> HTTP 403 (next candidate)
[2026-09-22 01:51:46] GET /api/agents/6aa26c7ce0ac9a5ee05d2b95/conversations -> HTTP 403 (next candidate)
[2026-09-22 01:51:56] GET /api/agents/6aa26c7ce0ac9a5ee05d2b95/conversations/6aa26c825d5b4135ae6b48b5/messages -> HTTP 403 (next candidate)
[2026-09-22 01:51:57] GET /api/agents/6aa26c7ce0ac9a5ee05d2b95/conversations/6aa26c825d5b4135ae6b48b5 -> HTTP 403 (next candidate)
[2026-09-22 01:51:57] GET /api/agents/6aa26c7ce0ac9a5ee05d2b95/conversations -> HTTP 403 (next candidate)
[2026-09-22 01:52:07] GET /api/agents/6aa26c7ce0ac9a5ee05d2b95/conversations/6aa26c825d5b4135ae6b48b5/messages -> HTTP 403 (next candidate)
[2026-09-22 01:52:07] GET /api/agents/6aa26c7ce0ac9a5ee05d2b95/conversations/6aa26c825d5b4135ae6b48b5 -> HTTP 403 (next candidate)
[2026-09-22 01:52:07] GET /api/agents/6aa26c7ce0ac9a5ee05d2b95/conversations -> HTTP 403 (next candidate)
[2026-09-22 01:52:17] GET /api/agents/6aa26c7ce0ac9a5ee05d2b95/conversations/6aa26c825d5b4135ae6b48b5/messages -> HTTP 403 (next candidate)
[2026-09-22 01:52:17] GET /api/agents/6aa26c7ce0ac9a5ee05d2b95/conversations/6aa26c825d5b4135ae6b48b5 -> HTTP 403 (next candidate)
[2026-09-22 01:52:18] GET /api/agents/6aa26c7ce0ac9a5ee05d2b95/conversations -> HTTP 403 (next candidate)
[2026-09-22 01:52:28] GET /api/agents/6aa26c7ce0ac9a5ee05d2b95/conversations/6aa26c825d5b4135ae6b48b5/messages -> HTTP 403 (next candidate)
[2026-09-22 01:52:28] GET /api/agents/6aa26c7ce0ac9a5ee05d2b95/conversations/6aa26c825d5b4135ae6b48b5 -> HTTP 403 (next candidate)
[2026-09-22 01:52:28] GET /api/agents/6aa26c7ce0ac9a5ee05d2b95/conversations -> HTTP 403 (next candidate)
[2026-09-22 01:52:38] GET /api/agents/6aa26c7ce0ac9a5ee05d2b95/conversations/6aa26c825d5b4135ae6b48b5/messages -> HTTP 403 (next candidate)
[2026-09-22 01:52:38] GET /api/agents/6aa26c7ce0ac9a5ee05d2b95/conversations/6aa26c825d5b4135ae6b48b5 -> HTTP 403 (next candidate)
[2026-09-22 01:52:38] GET /api/agents/6aa26c7ce0ac9a5ee05d2b95/conversations -> HTTP 403 (next candidate)
[2026-09-22 01:52:48] GET /api/agents/6aa26c7ce0ac9a5ee05d2b95/conversations/6aa26c825d5b4135ae6b48b5/messages -> HTTP 403 (next candidate)
[2026-09-22 01:52:49] GET /api/agents/6aa26c7ce0ac9a5ee05d2b95/conversations/6aa26c825d5b4135ae6b48b5 -> HTTP 403 (next candidate)
[2026-09-22 01:52:49] GET /api/agents/6aa26c7ce0ac9a5ee05d2b95/conversations -> HTTP 403 (next candidate)
[2026-09-22 01:52:59] GET /api/agents/6aa26c7ce0ac9a5ee05d2b95/conversations/6aa26c825d5b4135ae6b48b5/messages -> HTTP 403 (next candidate)
[2026-09-22 01:52:59] GET /api/agents/6aa26c7ce0ac9a5ee05d2b95/conversations/6aa26c825d5b4135ae6b48b5 -> HTTP 403 (next candidate)
[2026-09-22 01:52:59] GET /api/agents/6aa26c7ce0ac9a5ee05d2b95/conversations -> HTTP 403 (next candidate)
[2026-09-22 01:53:09] GET /api/agents/6aa26c7ce0ac9a5ee05d2b95/conversations/6aa26c825d5b4135ae6b48b5/messages -> HTTP 403 (next candidate)
[2026-09-22 01:53:09] GET /api/agents/6aa26c7ce0ac9a5ee05d2b95/conversations/6aa26c825d5b4135ae6b48b5 -> HTTP 403 (next candidate)
[2026-09-22 01:53:09] GET /api/agents/6aa26c7ce0ac9a5ee05d2b95/conversations -> HTTP 403 (next candidate)
[2026-09-22 01:53:19] GET /api/agents/6aa26c7ce0ac9a5ee05d2b95/conversations/6aa26c825d5b4135ae6b48b5/messages -> HTTP 403 (next candidate)
[2026-09-22 01:53:20] GET /api/agents/6aa26c7ce0ac9a5ee05d2b95/conversations/6aa26c825d5b4135ae6b48b5 -> HTTP 403 (next candidate)
[2026-09-22 01:53:20] GET /api/agents/6aa26c7ce0ac9a5ee05d2b95/conversations -> HTTP 403 (next candidate)
[2026-09-22 01:53:30] GET /api/agents/6aa26c7ce0ac9a5ee05d2b95/conversations/6aa26c825d5b4135ae6b48b5/messages -> HTTP 403 (next candidate)
[2026-09-22 01:53:30] GET /api/agents/6aa26c7ce0ac9a5ee05d2b95/conversations/6aa26c825d5b4135ae6b48b5 -> HTTP 403 (next candidate)
[2026-09-22 01:53:30] GET /api/agents/6aa26c7ce0ac9a5ee05d2b95/conversations -> HTTP 403 (next candidate)
[2026-09-22 01:53:40] GET /api/agents/6aa26c7ce0ac9a5ee05d2b95/conversations/6aa26c825d5b4135ae6b48b5/messages -> HTTP 403 (next candidate)
[2026-09-22 01:53:40] GET /api/agents/6aa26c7ce0ac9a5ee05d2b95/conversations/6aa26c825d5b4135ae6b48b5 -> HTTP 403 (next candidate)
[2026-09-22 01:53:40] GET /api/agents/6aa26c7ce0ac9a5ee05d2b95/conversations -> HTTP 403 (next candidate)
[2026-09-22 01:53:50] GET /api/agents/6aa26c7ce0ac9a5ee05d2b95/conversations/6aa26c825d5b4135ae6b48b5/messages -> HTTP 403 (next candidate)
[2026-09-22 01:53:51] GET /api/agents/6aa26c7ce0ac9a5ee05d2b95/conversations/6aa26c825d5b4135ae6b48b5 -> HTTP 403 (next candidate)
[2026-09-22 01:53:51] GET /api/agents/6aa26c7ce0ac9a5ee05d2b95/conversations -> HTTP 403 (next candidate)
[2026-09-22 01:54:01] GET /api/agents/6aa26c7ce0ac9a5ee05d2b95/conversations/6aa26c825d5b4135ae6b48b5/messages -> HTTP 403 (next candidate)
[2026-09-22 01:54:01] GET /api/agents/6aa26c7ce0ac9a5ee05d2b95/conversations/6aa26c825d5b4135ae6b48b5 -> HTTP 403 (next candidate)
[2026-09-22 01:54:01] GET /api/agents/6aa26c7ce0ac9a5ee05d2b95/conversations -> HTTP 403 (next candidate)
[2026-09-22 01:54:11] GET /api/agents/6aa26c7ce0ac9a5ee05d2b95/conversations/6aa26c825d5b4135ae6b48b5/messages -> HTTP 403 (next candidate)
[2026-09-22 01:54:11] GET /api/agents/6aa26c7ce0ac9a5ee05d2b95/conversations/6aa26c825d5b4135ae6b48b5 -> HTTP 403 (next candidate)
[2026-09-22 01:54:11] GET /api/agents/6aa26c7ce0ac9a5ee05d2b95/conversations -> HTTP 403 (next candidate)
[2026-09-22 01:54:22] GET /api/agents/6aa26c7ce0ac9a5ee05d2b95/conversations/6aa26c825d5b4135ae6b48b5/messages -> HTTP 403 (next candidate)
[2026-09-22 01:54:22] GET /api/agents/6aa26c7ce0ac9a5ee05d2b95/conversations/6aa26c825d5b4135ae6b48b5 -> HTTP 403 (next candidate)
[2026-09-22 01:54:22] GET /api/agents/6aa26c7ce0ac9a5ee05d2b95/conversations -> HTTP 403 (next candidate)
[2026-09-22 01:54:32] GET /api/agents/6aa26c7ce0ac9a5ee05d2b95/conversations/6aa26c825d5b4135ae6b48b5/messages -> HTTP 403 (next candidate)
[2026-09-22 01:54:32] GET /api/agents/6aa26c7ce0ac9a5ee05d2b95/conversations/6aa26c825d5b4135ae6b48b5 -> HTTP 403 (next candidate)
[2026-09-22 01:54:32] GET /api/agents/6aa26c7ce0ac9a5ee05d2b95/conversations -> HTTP 403 (next candidate)
[2026-09-22 01:54:42] GET /api/agents/6aa26c7ce0ac9a5ee05d2b95/conversations/6aa26c825d5b4135ae6b48b5/messages -> HTTP 403 (next candidate)
[2026-09-22 01:54:42] GET /api/agents/6aa26c7ce0ac9a5ee05d2b95/conversations/6aa26c825d5b4135ae6b48b5 -> HTTP 403 (next candidate)
[2026-09-22 01:54:42] GET /api/agents/6aa26c7ce0ac9a5ee05d2b95/conversations -> HTTP 403 (next candidate)
[2026-09-22 01:54:53] GET /api/agents/6aa26c7ce0ac9a5ee05d2b95/conversations/6aa26c825d5b4135ae6b48b5/messages -> HTTP 403 (next candidate)
[2026-09-22 01:54:53] GET /api/agents/6aa26c7ce0ac9a5ee05d2b95/conversations/6aa26c825d5b4135ae6b48b5 -> HTTP 403 (next candidate)
[2026-09-22 01:54:53] GET /api/agents/6aa26c7ce0ac9a5ee05d2b95/conversations -> HTTP 403 (next candidate)
[2026-09-22 01:55:04] GET /api/agents/6aa26c7ce0ac9a5ee05d2b95/conversations/6aa26c825d5b4135ae6b48b5/messages -> HTTP 403 (next candidate)
[2026-09-22 01:55:04] GET /api/agents/6aa26c7ce0ac9a5ee05d2b95/conversations/6aa26c825d5b4135ae6b48b5 -> HTTP 403 (next candidate)
[2026-09-22 01:55:04] GET /api/agents/6aa26c7ce0ac9a5ee05d2b95/conversations -> HTTP 403 (next candidate)
[2026-09-22 01:55:14] GET /api/agents/6aa26c7ce0ac9a5ee05d2b95/conversations/6aa26c825d5b4135ae6b48b5/messages -> HTTP 403 (next candidate)
[2026-09-22 01:55:14] GET /api/agents/6aa26c7ce0ac9a5ee05d2b95/conversations/6aa26c825d5b4135ae6b48b5 -> HTTP 403 (next candidate)
[2026-09-22 01:55:14] GET /api/agents/6aa26c7ce0ac9a5ee05d2b95/conversations -> HTTP 403 (next candidate)
[2026-09-22 01:55:24] GET /api/agents/6aa26c7ce0ac9a5ee05d2b95/conversations/6aa26c825d5b4135ae6b48b5/messages -> HTTP 403 (next candidate)
[2026-09-22 01:55:24] GET /api/agents/6aa26c7ce0ac9a5ee05d2b95/conversations/6aa26c825d5b4135ae6b48b5 -> HTTP 403 (next candidate)
[2026-09-22 01:55:24] GET /api/agents/6aa26c7ce0ac9a5ee05d2b95/conversations -> HTTP 403 (next candidate)
[2026-09-22 01:55:34] GET /api/agents/6aa26c7ce0ac9a5ee05d2b95/conversations/6aa26c825d5b4135ae6b48b5/messages -> HTTP 403 (next candidate)
[2026-09-22 01:55:35] GET /api/agents/6aa26c7ce0ac9a5ee05d2b95/conversations/6aa26c825d5b4135ae6b48b5 -> HTTP 403 (next candidate)
[2026-09-22 01:55:35] GET /api/agents/6aa26c7ce0ac9a5ee05d2b95/conversations -> HTTP 403 (next candidate)
[2026-09-22 01:55:45] GET /api/agents/6aa26c7ce0ac9a5ee05d2b95/conversations/6aa26c825d5b4135ae6b48b5/messages -> HTTP 403 (next candidate)
[2026-09-22 01:55:45] GET /api/agents/6aa26c7ce0ac9a5ee05d2b95/conversations/6aa26c825d5b4135ae6b48b5 -> HTTP 403 (next candidate)
[2026-09-22 01:55:45] GET /api/agents/6aa26c7ce0ac9a5ee05d2b95/conversations -> HTTP 403 (next candidate)
[2026-09-22 01:55:55] GET /api/agents/6aa26c7ce0ac9a5ee05d2b95/conversations/6aa26c825d5b4135ae6b48b5/messages -> HTTP 403 (next candidate)
[2026-09-22 01:55:55] GET /api/agents/6aa26c7ce0ac9a5ee05d2b95/conversations/6aa26c825d5b4135ae6b48b5 -> HTTP 403 (next candidate)
[2026-09-22 01:55:55] GET /api/agents/6aa26c7ce0ac9a5ee05d2b95/conversations -> HTTP 403 (next candidate)
[2026-09-22 01:56:06] GET /api/agents/6aa26c7ce0ac9a5ee05d2b95/conversations/6aa26c825d5b4135ae6b48b5/messages -> HTTP 403 (next candidate)
[2026-09-22 01:56:06] GET /api/agents/6aa26c7ce0ac9a5ee05d2b95/conversations/6aa26c825d5b4135ae6b48b5 -> HTTP 403 (next candidate)
[2026-09-22 01:56:06] GET /api/agents/6aa26c7ce0ac9a5ee05d2b95/conversations -> HTTP 403 (next candidate)
[2026-09-22 01:56:16] GET /api/agents/6aa26c7ce0ac9a5ee05d2b95/conversations/6aa26c825d5b4135ae6b48b5/messages -> HTTP 403 (next candidate)
[2026-09-22 01:56:16] GET /api/agents/6aa26c7ce0ac9a5ee05d2b95/conversations/6aa26c825d5b4135ae6b48b5 -> HTTP 403 (next candidate)
[2026-09-22 01:56:16] GET /api/agents/6aa26c7ce0ac9a5ee05d2b95/conversations -> HTTP 403 (next candidate)
[2026-09-22 01:56:26] GET /api/agents/6aa26c7ce0ac9a5ee05d2b95/conversations/6aa26c825d5b4135ae6b48b5/messages -> HTTP 403 (next candidate)
[2026-09-22 01:56:26] GET /api/agents/6aa26c7ce0ac9a5ee05d2b95/conversations/6aa26c825d5b4135ae6b48b5 -> HTTP 403 (next candidate)
[2026-09-22 01:56:26] GET /api/agents/6aa26c7ce0ac9a5ee05d2b95/conversations -> HTTP 403 (next candidate)
[2026-09-22 01:56:37] GET /api/agents/6aa26c7ce0ac9a5ee05d2b95/conversations/6aa26c825d5b4135ae6b48b5/messages -> HTTP 403 (next candidate)
[2026-09-22 01:56:37] GET /api/agents/6aa26c7ce0ac9a5ee05d2b95/conversations/6aa26c825d5b4135ae6b48b5 -> HTTP 403 (next candidate)
[2026-09-22 01:56:37] GET /api/agents/6aa26c7ce0ac9a5ee05d2b95/conversations -> HTTP 403 (next candidate)
[2026-09-22 01:56:47] GET /api/agents/6aa26c7ce0ac9a5ee05d2b95/conversations/6aa26c825d5b4135ae6b48b5/messages -> HTTP 403 (next candidate)
[2026-09-22 01:56:47] GET /api/agents/6aa26c7ce0ac9a5ee05d2b95/conversations/6aa26c825d5b4135ae6b48b5 -> HTTP 403 (next candidate)
[2026-09-22 01:56:47] GET /api/agents/6aa26c7ce0ac9a5ee05d2b95/conversations -> HTTP 403 (next candidate)
[2026-09-22 01:56:57] GET /api/agents/6aa26c7ce0ac9a5ee05d2b95/conversations/6aa26c825d5b4135ae6b48b5/messages -> HTTP 403 (next candidate)
[2026-09-22 01:56:58] GET /api/agents/6aa26c7ce0ac9a5ee05d2b95/conversations/6aa26c825d5b4135ae6b48b5 -> HTTP 403 (next candidate)
[2026-09-22 01:56:58] GET /api/agents/6aa26c7ce0ac9a5ee05d2b95/conversations -> HTTP 403 (next candidate)
[2026-09-22 01:57:08] GET /api/agents/6aa26c7ce0ac9a5ee05d2b95/conversations/6aa26c825d5b4135ae6b48b5/messages -> HTTP 403 (next candidate)
[2026-09-22 01:57:08] GET /api/agents/6aa26c7ce0ac9a5ee05d2b95/conversations/6aa26c825d5b4135ae6b48b5 -> HTTP 403 (next candidate)
[2026-09-22 01:57:08] GET /api/agents/6aa26c7ce0ac9a5ee05d2b95/conversations -> HTTP 403 (next candidate)
[2026-09-22 01:57:18] GET /api/agents/6aa26c7ce0ac9a5ee05d2b95/conversations/6aa26c825d5b4135ae6b48b5/messages -> HTTP 403 (next candidate)
[2026-09-22 01:57:18] GET /api/agents/6aa26c7ce0ac9a5ee05d2b95/conversations/6aa26c825d5b4135ae6b48b5 -> HTTP 403 (next candidate)
[2026-09-22 01:57:18] GET /api/agents/6aa26c7ce0ac9a5ee05d2b95/conversations -> HTTP 403 (next candidate)
[2026-09-22 01:57:29] GET /api/agents/6aa26c7ce0ac9a5ee05d2b95/conversations/6aa26c825d5b4135ae6b48b5/messages -> HTTP 403 (next candidate)
[2026-09-22 01:57:29] GET /api/agents/6aa26c7ce0ac9a5ee05d2b95/conversations/6aa26c825d5b4135ae6b48b5 -> HTTP 403 (next candidate)
[2026-09-22 01:57:29] GET /api/agents/6aa26c7ce0ac9a5ee05d2b95/conversations -> HTTP 403 (next candidate)
[2026-09-22 01:57:39] GET /api/agents/6aa26c7ce0ac9a5ee05d2b95/conversations/6aa26c825d5b4135ae6b48b5/messages -> HTTP 403 (next candidate)
[2026-09-22 01:57:39] GET /api/agents/6aa26c7ce0ac9a5ee05d2b95/conversations/6aa26c825d5b4135ae6b48b5 -> HTTP 403 (next candidate)
[2026-09-22 01:57:39] GET /api/agents/6aa26c7ce0ac9a5ee05d2b95/conversations -> HTTP 403 (next candidate)
[2026-09-22 01:57:49] GET /api/agents/6aa26c7ce0ac9a5ee05d2b95/conversations/6aa26c825d5b4135ae6b48b5/messages -> HTTP 403 (next candidate)
[2026-09-22 01:57:49] GET /api/agents/6aa26c7ce0ac9a5ee05d2b95/conversations/6aa26c825d5b4135ae6b48b5 -> HTTP 403 (next candidate)
[2026-09-22 01:57:50] GET /api/agents/6aa26c7ce0ac9a5ee05d2b95/conversations -> HTTP 403 (next candidate)
[2026-09-22 01:58:00] GET /api/agents/6aa26c7ce0ac9a5ee05d2b95/conversations/6aa26c825d5b4135ae6b48b5/messages -> HTTP 403 (next candidate)
[2026-09-22 01:58:00] GET /api/agents/6aa26c7ce0ac9a5ee05d2b95/conversations/6aa26c825d5b4135ae6b48b5 -> HTTP 403 (next candidate)
[2026-09-22 01:58:00] GET /api/agents/6aa26c7ce0ac9a5ee05d2b95/conversations -> HTTP 403 (next candidate)
[2026-09-22 01:58:10] GET /api/agents/6aa26c7ce0ac9a5ee05d2b95/conversations/6aa26c825d5b4135ae6b48b5/messages -> HTTP 403 (next candidate)
[2026-09-22 01:58:10] GET /api/agents/6aa26c7ce0ac9a5ee05d2b95/conversations/6aa26c825d5b4135ae6b48b5 -> HTTP 403 (next candidate)
[2026-09-22 01:58:11] GET /api/agents/6aa26c7ce0ac9a5ee05d2b95/conversations -> HTTP 403 (next candidate)
[2026-09-22 01:58:21] GET /api/agents/6aa26c7ce0ac9a5ee05d2b95/conversations/6aa26c825d5b4135ae6b48b5/messages -> HTTP 403 (next candidate)
[2026-09-22 01:58:21] GET /api/agents/6aa26c7ce0ac9a5ee05d2b95/conversations/6aa26c825d5b4135ae6b48b5 -> HTTP 403 (next candidate)
[2026-09-22 01:58:21] GET /api/agents/6aa26c7ce0ac9a5ee05d2b95/conversations -> HTTP 403 (next candidate)
[2026-09-22 01:58:31] GET /api/agents/6aa26c7ce0ac9a5ee05d2b95/conversations/6aa26c825d5b4135ae6b48b5/messages -> HTTP 403 (next candidate)
[2026-09-22 01:58:31] GET /api/agents/6aa26c7ce0ac9a5ee05d2b95/conversations/6aa26c825d5b4135ae6b48b5 -> HTTP 403 (next candidate)
[2026-09-22 01:58:32] GET /api/agents/6aa26c7ce0ac9a5ee05d2b95/conversations -> HTTP 403 (next candidate)
[2026-09-22 01:58:42] GET /api/agents/6aa26c7ce0ac9a5ee05d2b95/conversations/6aa26c825d5b4135ae6b48b5/messages -> HTTP 403 (next candidate)
[2026-09-22 01:58:42] GET /api/agents/6aa26c7ce0ac9a5ee05d2b95/conversations/6aa26c825d5b4135ae6b48b5 -> HTTP 403 (next candidate)
[2026-09-22 01:58:42] GET /api/agents/6aa26c7ce0ac9a5ee05d2b95/conversations -> HTTP 403 (next candidate)
[2026-09-22 01:58:52] GET /api/agents/6aa26c7ce0ac9a5ee05d2b95/conversations/6aa26c825d5b4135ae6b48b5/messages -> HTTP 403 (next candidate)
[2026-09-22 01:58:52] GET /api/agents/6aa26c7ce0ac9a5ee05d2b95/conversations/6aa26c825d5b4135ae6b48b5 -> HTTP 403 (next candidate)
[2026-09-22 01:58:52] GET /api/agents/6aa26c7ce0ac9a5ee05d2b95/conversations -> HTTP 403 (next candidate)
[2026-09-22 01:59:02] GET /api/agents/6aa26c7ce0ac9a5ee05d2b95/conversations/6aa26c825d5b4135ae6b48b5/messages -> HTTP 403 (next candidate)
[2026-09-22 01:59:02] GET /api/agents/6aa26c7ce0ac9a5ee05d2b95/conversations/6aa26c825d5b4135ae6b48b5 -> HTTP 403 (next candidate)
[2026-09-22 01:59:03] GET /api/agents/6aa26c7ce0ac9a5ee05d2b95/conversations -> HTTP 403 (next candidate)
[2026-09-22 01:59:13] GET /api/agents/6aa26c7ce0ac9a5ee05d2b95/conversations/6aa26c825d5b4135ae6b48b5/messages -> HTTP 403 (next candidate)
[2026-09-22 01:59:13] GET /api/agents/6aa26c7ce0ac9a5ee05d2b95/conversations/6aa26c825d5b4135ae6b48b5 -> HTTP 403 (next candidate)
[2026-09-22 01:59:13] GET /api/agents/6aa26c7ce0ac9a5ee05d2b95/conversations -> HTTP 403 (next candidate)
[2026-09-22 01:59:23] GET /api/agents/6aa26c7ce0ac9a5ee05d2b95/conversations/6aa26c825d5b4135ae6b48b5/messages -> HTTP 403 (next candidate)
[2026-09-22 01:59:23] GET /api/agents/6aa26c7ce0ac9a5ee05d2b95/conversations/6aa26c825d5b4135ae6b48b5 -> HTTP 403 (next candidate)
[2026-09-22 01:59:23] GET /api/agents/6aa26c7ce0ac9a5ee05d2b95/conversations -> HTTP 403 (next candidate)
[2026-09-22 01:59:34] GET /api/agents/6aa26c7ce0ac9a5ee05d2b95/conversations/6aa26c825d5b4135ae6b48b5/messages -> HTTP 403 (next candidate)
[2026-09-22 01:59:34] GET /api/agents/6aa26c7ce0ac9a5ee05d2b95/conversations/6aa26c825d5b4135ae6b48b5 -> HTTP 403 (next candidate)
[2026-09-22 01:59:34] GET /api/agents/6aa26c7ce0ac9a5ee05d2b95/conversations -> HTTP 403 (next candidate)
[2026-09-22 01:59:44] GET /api/agents/6aa26c7ce0ac9a5ee05d2b95/conversations/6aa26c825d5b4135ae6b48b5/messages -> HTTP 403 (next candidate)
[2026-09-22 01:59:44] GET /api/agents/6aa26c7ce0ac9a5ee05d2b95/conversations/6aa26c825d5b4135ae6b48b5 -> HTTP 403 (next candidate)
[2026-09-22 01:59:44] GET /api/agents/6aa26c7ce0ac9a5ee05d2b95/conversations -> HTTP 403 (next candidate)
[2026-09-22 01:59:54] GET /api/agents/6aa26c7ce0ac9a5ee05d2b95/conversations/6aa26c825d5b4135ae6b48b5/messages -> HTTP 403 (next candidate)
[2026-09-22 01:59:54] GET /api/agents/6aa26c7ce0ac9a5ee05d2b95/conversations/6aa26c825d5b4135ae6b48b5 -> HTTP 403 (next candidate)
[2026-09-22 01:59:54] GET /api/agents/6aa26c7ce0ac9a5ee05d2b95/conversations -> HTTP 403 (next candidate)
[2026-09-22 02:00:05] GET /api/agents/6aa26c7ce0ac9a5ee05d2b95/conversations/6aa26c825d5b4135ae6b48b5/messages -> HTTP 403 (next candidate)
[2026-09-22 02:00:05] GET /api/agents/6aa26c7ce0ac9a5ee05d2b95/conversations/6aa26c825d5b4135ae6b48b5 -> HTTP 403 (next candidate)
[2026-09-22 02:00:05] GET /api/agents/6aa26c7ce0ac9a5ee05d2b95/conversations -> HTTP 403 (next candidate)
[2026-09-22 02:00:15] GET /api/agents/6aa26c7ce0ac9a5ee05d2b95/conversations/6aa26c825d5b4135ae6b48b5/messages -> HTTP 403 (next candidate)
[2026-09-22 02:00:15] GET /api/agents/6aa26c7ce0ac9a5ee05d2b95/conversations/6aa26c825d5b4135ae6b48b5 -> HTTP 403 (next candidate)
[2026-09-22 02:00:15] GET /api/agents/6aa26c7ce0ac9a5ee05d2b95/conversations -> HTTP 403 (next candidate)
[2026-09-22 02:00:25] GET /api/agents/6aa26c7ce0ac9a5ee05d2b95/conversations/6aa26c825d5b4135ae6b48b5/messages -> HTTP 403 (next candidate)
[2026-09-22 02:00:25] GET /api/agents/6aa26c7ce0ac9a5ee05d2b95/conversations/6aa26c825d5b4135ae6b48b5 -> HTTP 403 (next candidate)
[2026-09-22 02:00:25] GET /api/agents/6aa26c7ce0ac9a5ee05d2b95/conversations -> HTTP 403 (next candidate)
[2026-09-22 02:00:36] GET /api/agents/6aa26c7ce0ac9a5ee05d2b95/conversations/6aa26c825d5b4135ae6b48b5/messages -> HTTP 403 (next candidate)
[2026-09-22 02:00:36] GET /api/agents/6aa26c7ce0ac9a5ee05d2b95/conversations/6aa26c825d5b4135ae6b48b5 -> HTTP 403 (next candidate)
[2026-09-22 02:00:36] GET /api/agents/6aa26c7ce0ac9a5ee05d2b95/conversations -> HTTP 403 (next candidate)
[2026-09-22 02:00:46] GET /api/agents/6aa26c7ce0ac9a5ee05d2b95/conversations/6aa26c825d5b4135ae6b48b5/messages -> HTTP 403 (next candidate)
[2026-09-22 02:00:46] GET /api/agents/6aa26c7ce0ac9a5ee05d2b95/conversations/6aa26c825d5b4135ae6b48b5 -> HTTP 403 (next candidate)
[2026-09-22 02:00:47] GET /api/agents/6aa26c7ce0ac9a5ee05d2b95/conversations -> HTTP 403 (next candidate)
[2026-09-22 02:00:57] GET /api/agents/6aa26c7ce0ac9a5ee05d2b95/conversations/6aa26c825d5b4135ae6b48b5/messages -> HTTP 403 (next candidate)
[2026-09-22 02:00:57] GET /api/agents/6aa26c7ce0ac9a5ee05d2b95/conversations/6aa26c825d5b4135ae6b48b5 -> HTTP 403 (next candidate)
[2026-09-22 02:00:57] GET /api/agents/6aa26c7ce0ac9a5ee05d2b95/conversations -> HTTP 403 (next candidate)
[2026-09-22 02:01:07] GET /api/agents/6aa26c7ce0ac9a5ee05d2b95/conversations/6aa26c825d5b4135ae6b48b5/messages -> HTTP 403 (next candidate)
[2026-09-22 02:01:07] GET /api/agents/6aa26c7ce0ac9a5ee05d2b95/conversations/6aa26c825d5b4135ae6b48b5 -> HTTP 403 (next candidate)
[2026-09-22 02:01:07] GET /api/agents/6aa26c7ce0ac9a5ee05d2b95/conversations -> HTTP 403 (next candidate)
[2026-09-22 02:01:18] GET /api/agents/6aa26c7ce0ac9a5ee05d2b95/conversations/6aa26c825d5b4135ae6b48b5/messages -> HTTP 403 (next candidate)
[2026-09-22 02:01:18] GET /api/agents/6aa26c7ce0ac9a5ee05d2b95/conversations/6aa26c825d5b4135ae6b48b5 -> HTTP 403 (next candidate)
[2026-09-22 02:01:18] GET /api/agents/6aa26c7ce0ac9a5ee05d2b95/conversations -> HTTP 403 (next candidate)
[2026-09-22 02:01:28] GET /api/agents/6aa26c7ce0ac9a5ee05d2b95/conversations/6aa26c825d5b4135ae6b48b5/messages -> HTTP 403 (next candidate)
[2026-09-22 02:01:28] GET /api/agents/6aa26c7ce0ac9a5ee05d2b95/conversations/6aa26c825d5b4135ae6b48b5 -> HTTP 403 (next candidate)
[2026-09-22 02:01:28] GET /api/agents/6aa26c7ce0ac9a5ee05d2b95/conversations -> HTTP 403 (next candidate)
[2026-09-22 02:01:38] GET /api/agents/6aa26c7ce0ac9a5ee05d2b95/conversations/6aa26c825d5b4135ae6b48b5/messages -> HTTP 403 (next candidate)
[2026-09-22 02:01:38] GET /api/agents/6aa26c7ce0ac9a5ee05d2b95/conversations/6aa26c825d5b4135ae6b48b5 -> HTTP 403 (next candidate)
[2026-09-22 02:01:38] GET /api/agents/6aa26c7ce0ac9a5ee05d2b95/conversations -> HTTP 403 (next candidate)
[2026-09-22 02:01:49] GET /api/agents/6aa26c7ce0ac9a5ee05d2b95/conversations/6aa26c825d5b4135ae6b48b5/messages -> HTTP 403 (next candidate)
[2026-09-22 02:01:49] GET /api/agents/6aa26c7ce0ac9a5ee05d2b95/conversations/6aa26c825d5b4135ae6b48b5 -> HTTP 403 (next candidate)
[2026-09-22 02:01:49] GET /api/agents/6aa26c7ce0ac9a5ee05d2b95/conversations -> HTTP 403 (next candidate)
[2026-09-22 02:01:59] GET /api/agents/6aa26c7ce0ac9a5ee05d2b95/conversations/6aa26c825d5b4135ae6b48b5/messages -> HTTP 403 (next candidate)
[2026-09-22 02:01:59] GET /api/agents/6aa26c7ce0ac9a5ee05d2b95/conversations/6aa26c825d5b4135ae6b48b5 -> HTTP 403 (next candidate)
[2026-09-22 02:01:59] GET /api/agents/6aa26c7ce0ac9a5ee05d2b95/conversations -> HTTP 403 (next candidate)
[2026-09-22 02:02:09] GET /api/agents/6aa26c7ce0ac9a5ee05d2b95/conversations/6aa26c825d5b4135ae6b48b5/messages -> HTTP 403 (next candidate)
[2026-09-22 02:02:09] GET /api/agents/6aa26c7ce0ac9a5ee05d2b95/conversations/6aa26c825d5b4135ae6b48b5 -> HTTP 403 (next candidate)
[2026-09-22 02:02:10] GET /api/agents/6aa26c7ce0ac9a5ee05d2b95/conversations -> HTTP 403 (next candidate)
[2026-09-22 02:02:20] GET /api/agents/6aa26c7ce0ac9a5ee05d2b95/conversations/6aa26c825d5b4135ae6b48b5/messages -> HTTP 403 (next candidate)
[2026-09-22 02:02:20] GET /api/agents/6aa26c7ce0ac9a5ee05d2b95/conversations/6aa26c825d5b4135ae6b48b5 -> HTTP 403 (next candidate)
[2026-09-22 02:02:20] GET /api/agents/6aa26c7ce0ac9a5ee05d2b95/conversations -> HTTP 403 (next candidate)
[2026-09-22 02:02:30] GET /api/agents/6aa26c7ce0ac9a5ee05d2b95/conversations/6aa26c825d5b4135ae6b48b5/messages -> HTTP 403 (next candidate)
[2026-09-22 02:02:30] GET /api/agents/6aa26c7ce0ac9a5ee05d2b95/conversations/6aa26c825d5b4135ae6b48b5 -> HTTP 403 (next candidate)
[2026-09-22 02:02:30] GET /api/agents/6aa26c7ce0ac9a5ee05d2b95/conversations -> HTTP 403 (next candidate)
[2026-09-22 02:02:40] GET /api/agents/6aa26c7ce0ac9a5ee05d2b95/conversations/6aa26c825d5b4135ae6b48b5/messages -> HTTP 403 (next candidate)
[2026-09-22 02:02:41] GET /api/agents/6aa26c7ce0ac9a5ee05d2b95/conversations/6aa26c825d5b4135ae6b48b5 -> HTTP 403 (next candidate)
[2026-09-22 02:02:41] GET /api/agents/6aa26c7ce0ac9a5ee05d2b95/conversations -> HTTP 403 (next candidate)
[2026-09-22 02:02:51] GET /api/agents/6aa26c7ce0ac9a5ee05d2b95/conversations/6aa26c825d5b4135ae6b48b5/messages -> HTTP 403 (next candidate)
[2026-09-22 02:02:51] GET /api/agents/6aa26c7ce0ac9a5ee05d2b95/conversations/6aa26c825d5b4135ae6b48b5 -> HTTP 403 (next candidate)
[2026-09-22 02:02:51] GET /api/agents/6aa26c7ce0ac9a5ee05d2b95/conversations -> HTTP 403 (next candidate)
[2026-09-22 02:03:01] GET /api/agents/6aa26c7ce0ac9a5ee05d2b95/conversations/6aa26c825d5b4135ae6b48b5/messages -> HTTP 403 (next candidate)
[2026-09-22 02:03:01] GET /api/agents/6aa26c7ce0ac9a5ee05d2b95/conversations/6aa26c825d5b4135ae6b48b5 -> HTTP 403 (next candidate)
[2026-09-22 02:03:01] GET /api/agents/6aa26c7ce0ac9a5ee05d2b95/conversations -> HTTP 403 (next candidate)
[2026-09-22 02:03:11] GET /api/agents/6aa26c7ce0ac9a5ee05d2b95/conversations/6aa26c825d5b4135ae6b48b5/messages -> HTTP 403 (next candidate)
[2026-09-22 02:03:11] GET /api/agents/6aa26c7ce0ac9a5ee05d2b95/conversations/6aa26c825d5b4135ae6b48b5 -> HTTP 403 (next candidate)
[2026-09-22 02:03:12] GET /api/agents/6aa26c7ce0ac9a5ee05d2b95/conversations -> HTTP 403 (next candidate)
[2026-09-22 02:03:22] GET /api/agents/6aa26c7ce0ac9a5ee05d2b95/conversations/6aa26c825d5b4135ae6b48b5/messages -> HTTP 403 (next candidate)
[2026-09-22 02:03:22] GET /api/agents/6aa26c7ce0ac9a5ee05d2b95/conversations/6aa26c825d5b4135ae6b48b5 -> HTTP 403 (next candidate)
[2026-09-22 02:03:22] GET /api/agents/6aa26c7ce0ac9a5ee05d2b95/conversations -> HTTP 403 (next candidate)
[2026-09-22 02:03:32] GET /api/agents/6aa26c7ce0ac9a5ee05d2b95/conversations/6aa26c825d5b4135ae6b48b5/messages -> HTTP 403 (next candidate)
[2026-09-22 02:03:32] GET /api/agents/6aa26c7ce0ac9a5ee05d2b95/conversations/6aa26c825d5b4135ae6b48b5 -> HTTP 403 (next candidate)
[2026-09-22 02:03:32] GET /api/agents/6aa26c7ce0ac9a5ee05d2b95/conversations -> HTTP 403 (next candidate)
[2026-09-22 02:03:42] GET /api/agents/6aa26c7ce0ac9a5ee05d2b95/conversations/6aa26c825d5b4135ae6b48b5/messages -> HTTP 403 (next candidate)
[2026-09-22 02:03:43] GET /api/agents/6aa26c7ce0ac9a5ee05d2b95/conversations/6aa26c825d5b4135ae6b48b5 -> HTTP 403 (next candidate)
[2026-09-22 02:03:43] GET /api/agents/6aa26c7ce0ac9a5ee05d2b95/conversations -> HTTP 403 (next candidate)
[2026-09-22 02:03:53] GET /api/agents/6aa26c7ce0ac9a5ee05d2b95/conversations/6aa26c825d5b4135ae6b48b5/messages -> HTTP 403 (next candidate)
[2026-09-22 02:03:53] GET /api/agents/6aa26c7ce0ac9a5ee05d2b95/conversations/6aa26c825d5b4135ae6b48b5 -> HTTP 403 (next candidate)
[2026-09-22 02:03:53] GET /api/agents/6aa26c7ce0ac9a5ee05d2b95/conversations -> HTTP 403 (next candidate)
[2026-09-22 02:04:03] GET /api/agents/6aa26c7ce0ac9a5ee05d2b95/conversations/6aa26c825d5b4135ae6b48b5/messages -> HTTP 403 (next candidate)
[2026-09-22 02:04:03] GET /api/agents/6aa26c7ce0ac9a5ee05d2b95/conversations/6aa26c825d5b4135ae6b48b5 -> HTTP 403 (next candidate)
[2026-09-22 02:04:03] GET /api/agents/6aa26c7ce0ac9a5ee05d2b95/conversations -> HTTP 403 (next candidate)
[2026-09-22 02:04:14] GET /api/agents/6aa26c7ce0ac9a5ee05d2b95/conversations/6aa26c825d5b4135ae6b48b5/messages -> HTTP 403 (next candidate)
[2026-09-22 02:04:14] GET /api/agents/6aa26c7ce0ac9a5ee05d2b95/conversations/6aa26c825d5b4135ae6b48b5 -> HTTP 403 (next candidate)
[2026-09-22 02:04:14] GET /api/agents/6aa26c7ce0ac9a5ee05d2b95/conversations -> HTTP 403 (next candidate)
[2026-09-22 02:04:24] GET /api/agents/6aa26c7ce0ac9a5ee05d2b95/conversations/6aa26c825d5b4135ae6b48b5/messages -> HTTP 403 (next candidate)
[2026-09-22 02:04:24] GET /api/agents/6aa26c7ce0ac9a5ee05d2b95/conversations/6aa26c825d5b4135ae6b48b5 -> HTTP 403 (next candidate)
[2026-09-22 02:04:24] GET /api/agents/6aa26c7ce0ac9a5ee05d2b95/conversations -> HTTP 403 (next candidate)
[2026-09-22 02:04:34] GET /api/agents/6aa26c7ce0ac9a5ee05d2b95/conversations/6aa26c825d5b4135ae6b48b5/messages -> HTTP 403 (next candidate)
[2026-09-22 02:04:34] GET /api/agents/6aa26c7ce0ac9a5ee05d2b95/conversations/6aa26c825d5b4135ae6b48b5 -> HTTP 403 (next candidate)
[2026-09-22 02:04:34] GET /api/agents/6aa26c7ce0ac9a5ee05d2b95/conversations -> HTTP 403 (next candidate)
[2026-09-22 02:04:45] GET /api/agents/6aa26c7ce0ac9a5ee05d2b95/conversations/6aa26c825d5b4135ae6b48b5/messages -> HTTP 403 (next candidate)
[2026-09-22 02:04:45] GET /api/agents/6aa26c7ce0ac9a5ee05d2b95/conversations/6aa26c825d5b4135ae6b48b5 -> HTTP 403 (next candidate)
[2026-09-22 02:04:45] GET /api/agents/6aa26c7ce0ac9a5ee05d2b95/conversations -> HTTP 403 (next candidate)
[2026-09-22 02:04:55] GET /api/agents/6aa26c7ce0ac9a5ee05d2b95/conversations/6aa26c825d5b4135ae6b48b5/messages -> HTTP 403 (next candidate)
[2026-09-22 02:04:55] GET /api/agents/6aa26c7ce0ac9a5ee05d2b95/conversations/6aa26c825d5b4135ae6b48b5 -> HTTP 403 (next candidate)
[2026-09-22 02:04:55] GET /api/agents/6aa26c7ce0ac9a5ee05d2b95/conversations -> HTTP 403 (next candidate)
[2026-09-22 02:05:05] GET /api/agents/6aa26c7ce0ac9a5ee05d2b95/conversations/6aa26c825d5b4135ae6b48b5/messages -> HTTP 403 (next candidate)
[2026-09-22 02:05:05] GET /api/agents/6aa26c7ce0ac9a5ee05d2b95/conversations/6aa26c825d5b4135ae6b48b5 -> HTTP 403 (next candidate)
[2026-09-22 02:05:05] GET /api/agents/6aa26c7ce0ac9a5ee05d2b95/conversations -> HTTP 403 (next candidate)
[2026-09-22 02:05:16] GET /api/agents/6aa26c7ce0ac9a5ee05d2b95/conversations/6aa26c825d5b4135ae6b48b5/messages -> HTTP 403 (next candidate)
[2026-09-22 02:05:16] GET /api/agents/6aa26c7ce0ac9a5ee05d2b95/conversations/6aa26c825d5b4135ae6b48b5 -> HTTP 403 (next candidate)
[2026-09-22 02:05:16] GET /api/agents/6aa26c7ce0ac9a5ee05d2b95/conversations -> HTTP 403 (next candidate)
[2026-09-22 02:05:26] GET /api/agents/6aa26c7ce0ac9a5ee05d2b95/conversations/6aa26c825d5b4135ae6b48b5/messages -> HTTP 403 (next candidate)
[2026-09-22 02:05:26] GET /api/agents/6aa26c7ce0ac9a5ee05d2b95/conversations/6aa26c825d5b4135ae6b48b5 -> HTTP 403 (next candidate)
[2026-09-22 02:05:26] GET /api/agents/6aa26c7ce0ac9a5ee05d2b95/conversations -> HTTP 403 (next candidate)
[2026-09-22 02:05:36] GET /api/agents/6aa26c7ce0ac9a5ee05d2b95/conversations/6aa26c825d5b4135ae6b48b5/messages -> HTTP 403 (next candidate)
[2026-09-22 02:05:36] GET /api/agents/6aa26c7ce0ac9a5ee05d2b95/conversations/6aa26c825d5b4135ae6b48b5 -> HTTP 403 (next candidate)
[2026-09-22 02:05:36] GET /api/agents/6aa26c7ce0ac9a5ee05d2b95/conversations -> HTTP 403 (next candidate)
[2026-09-22 02:05:47] GET /api/agents/6aa26c7ce0ac9a5ee05d2b95/conversations/6aa26c825d5b4135ae6b48b5/messages -> HTTP 403 (next candidate)
[2026-09-22 02:05:47] GET /api/agents/6aa26c7ce0ac9a5ee05d2b95/conversations/6aa26c825d5b4135ae6b48b5 -> HTTP 403 (next candidate)
[2026-09-22 02:05:47] GET /api/agents/6aa26c7ce0ac9a5ee05d2b95/conversations -> HTTP 403 (next candidate)
[2026-09-22 02:05:57] GET /api/agents/6aa26c7ce0ac9a5ee05d2b95/conversations/6aa26c825d5b4135ae6b48b5/messages -> HTTP 403 (next candidate)
[2026-09-22 02:05:57] GET /api/agents/6aa26c7ce0ac9a5ee05d2b95/conversations/6aa26c825d5b4135ae6b48b5 -> HTTP 403 (next candidate)
[2026-09-22 02:05:57] GET /api/agents/6aa26c7ce0ac9a5ee05d2b95/conversations -> HTTP 403 (next candidate)
[2026-09-22 02:06:07] GET /api/agents/6aa26c7ce0ac9a5ee05d2b95/conversations/6aa26c825d5b4135ae6b48b5/messages -> HTTP 403 (next candidate)
[2026-09-22 02:06:07] GET /api/agents/6aa26c7ce0ac9a5ee05d2b95/conversations/6aa26c825d5b4135ae6b48b5 -> HTTP 403 (next candidate)
[2026-09-22 02:06:07] GET /api/agents/6aa26c7ce0ac9a5ee05d2b95/conversations -> HTTP 403 (next candidate)
[2026-09-22 02:06:18] GET /api/agents/6aa26c7ce0ac9a5ee05d2b95/conversations/6aa26c825d5b4135ae6b48b5/messages -> HTTP 403 (next candidate)
[2026-09-22 02:06:18] GET /api/agents/6aa26c7ce0ac9a5ee05d2b95/conversations/6aa26c825d5b4135ae6b48b5 -> HTTP 403 (next candidate)
[2026-09-22 02:06:18] GET /api/agents/6aa26c7ce0ac9a5ee05d2b95/conversations -> HTTP 403 (next candidate)
[2026-09-22 02:06:28] GET /api/agents/6aa26c7ce0ac9a5ee05d2b95/conversations/6aa26c825d5b4135ae6b48b5/messages -> HTTP 403 (next candidate)
[2026-09-22 02:06:28] GET /api/agents/6aa26c7ce0ac9a5ee05d2b95/conversations/6aa26c825d5b4135ae6b48b5 -> HTTP 403 (next candidate)
[2026-09-22 02:06:28] GET /api/agents/6aa26c7ce0ac9a5ee05d2b95/conversations -> HTTP 403 (next candidate)
[2026-09-22 02:06:38] GET /api/agents/6aa26c7ce0ac9a5ee05d2b95/conversations/6aa26c825d5b4135ae6b48b5/messages -> HTTP 403 (next candidate)
[2026-09-22 02:06:38] GET /api/agents/6aa26c7ce0ac9a5ee05d2b95/conversations/6aa26c825d5b4135ae6b48b5 -> HTTP 403 (next candidate)
[2026-09-22 02:06:38] GET /api/agents/6aa26c7ce0ac9a5ee05d2b95/conversations -> HTTP 403 (next candidate)
[2026-09-22 02:06:48] GET /api/agents/6aa26c7ce0ac9a5ee05d2b95/conversations/6aa26c825d5b4135ae6b48b5/messages -> HTTP 403 (next candidate)
[2026-09-22 02:06:49] GET /api/agents/6aa26c7ce0ac9a5ee05d2b95/conversations/6aa26c825d5b4135ae6b48b5 -> HTTP 403 (next candidate)
[2026-09-22 02:06:49] GET /api/agents/6aa26c7ce0ac9a5ee05d2b95/conversations -> HTTP 403 (next candidate)
[2026-09-22 02:06:59] GET /api/agents/6aa26c7ce0ac9a5ee05d2b95/conversations/6aa26c825d5b4135ae6b48b5/messages -> HTTP 403 (next candidate)
[2026-09-22 02:06:59] GET /api/agents/6aa26c7ce0ac9a5ee05d2b95/conversations/6aa26c825d5b4135ae6b48b5 -> HTTP 403 (next candidate)
[2026-09-22 02:06:59] GET /api/agents/6aa26c7ce0ac9a5ee05d2b95/conversations -> HTTP 403 (next candidate)
[2026-09-22 02:07:09] GET /api/agents/6aa26c7ce0ac9a5ee05d2b95/conversations/6aa26c825d5b4135ae6b48b5/messages -> HTTP 403 (next candidate)
[2026-09-22 02:07:09] GET /api/agents/6aa26c7ce0ac9a5ee05d2b95/conversations/6aa26c825d5b4135ae6b48b5 -> HTTP 403 (next candidate)
[2026-09-22 02:07:09] GET /api/agents/6aa26c7ce0ac9a5ee05d2b95/conversations -> HTTP 403 (next candidate)
[2026-09-22 02:07:20] GET /api/agents/6aa26c7ce0ac9a5ee05d2b95/conversations/6aa26c825d5b4135ae6b48b5/messages -> HTTP 403 (next candidate)
[2026-09-22 02:07:20] GET /api/agents/6aa26c7ce0ac9a5ee05d2b95/conversations/6aa26c825d5b4135ae6b48b5 -> HTTP 403 (next candidate)
[2026-09-22 02:07:20] GET /api/agents/6aa26c7ce0ac9a5ee05d2b95/conversations -> HTTP 403 (next candidate)
[2026-09-22 02:07:30] GET /api/agents/6aa26c7ce0ac9a5ee05d2b95/conversations/6aa26c825d5b4135ae6b48b5/messages -> HTTP 403 (next candidate)
[2026-09-22 02:07:30] GET /api/agents/6aa26c7ce0ac9a5ee05d2b95/conversations/6aa26c825d5b4135ae6b48b5 -> HTTP 403 (next candidate)
[2026-09-22 02:07:30] GET /api/agents/6aa26c7ce0ac9a5ee05d2b95/conversations -> HTTP 403 (next candidate)
[2026-09-22 02:07:40] GET /api/agents/6aa26c7ce0ac9a5ee05d2b95/conversations/6aa26c825d5b4135ae6b48b5/messages -> HTTP 403 (next candidate)
[2026-09-22 02:07:40] GET /api/agents/6aa26c7ce0ac9a5ee05d2b95/conversations/6aa26c825d5b4135ae6b48b5 -> HTTP 403 (next candidate)
[2026-09-22 02:07:41] GET /api/agents/6aa26c7ce0ac9a5ee05d2b95/conversations -> HTTP 403 (next candidate)
[2026-09-22 02:07:51] GET /api/agents/6aa26c7ce0ac9a5ee05d2b95/conversations/6aa26c825d5b4135ae6b48b5/messages -> HTTP 403 (next candidate)
[2026-09-22 02:07:51] GET /api/agents/6aa26c7ce0ac9a5ee05d2b95/conversations/6aa26c825d5b4135ae6b48b5 -> HTTP 403 (next candidate)
[2026-09-22 02:07:51] GET /api/agents/6aa26c7ce0ac9a5ee05d2b95/conversations -> HTTP 403 (next candidate)
[2026-09-22 02:08:01] GET /api/agents/6aa26c7ce0ac9a5ee05d2b95/conversations/6aa26c825d5b4135ae6b48b5/messages -> HTTP 403 (next candidate)
[2026-09-22 02:08:01] GET /api/agents/6aa26c7ce0ac9a5ee05d2b95/conversations/6aa26c825d5b4135ae6b48b5 -> HTTP 403 (next candidate)
[2026-09-22 02:08:01] GET /api/agents/6aa26c7ce0ac9a5ee05d2b95/conversations -> HTTP 403 (next candidate)
[2026-09-22 02:08:11] GET /api/agents/6aa26c7ce0ac9a5ee05d2b95/conversations/6aa26c825d5b4135ae6b48b5/messages -> HTTP 403 (next candidate)
[2026-09-22 02:08:11] GET /api/agents/6aa26c7ce0ac9a5ee05d2b95/conversations/6aa26c825d5b4135ae6b48b5 -> HTTP 403 (next candidate)
[2026-09-22 02:08:11] GET /api/agents/6aa26c7ce0ac9a5ee05d2b95/conversations -> HTTP 403 (next candidate)
[2026-09-22 02:08:22] GET /api/agents/6aa26c7ce0ac9a5ee05d2b95/conversations/6aa26c825d5b4135ae6b48b5/messages -> HTTP 403 (next candidate)
[2026-09-22 02:08:22] GET /api/agents/6aa26c7ce0ac9a5ee05d2b95/conversations/6aa26c825d5b4135ae6b48b5 -> HTTP 403 (next candidate)
[2026-09-22 02:08:22] GET /api/agents/6aa26c7ce0ac9a5ee05d2b95/conversations -> HTTP 403 (next candidate)
[2026-09-22 02:08:32] GET /api/agents/6aa26c7ce0ac9a5ee05d2b95/conversations/6aa26c825d5b4135ae6b48b5/messages -> HTTP 403 (next candidate)
[2026-09-22 02:08:32] GET /api/agents/6aa26c7ce0ac9a5ee05d2b95/conversations/6aa26c825d5b4135ae6b48b5 -> HTTP 403 (next candidate)
[2026-09-22 02:08:32] GET /api/agents/6aa26c7ce0ac9a5ee05d2b95/conversations -> HTTP 403 (next candidate)
[2026-09-22 02:08:42] GET /api/agents/6aa26c7ce0ac9a5ee05d2b95/conversations/6aa26c825d5b4135ae6b48b5/messages -> HTTP 403 (next candidate)
[2026-09-22 02:08:42] GET /api/agents/6aa26c7ce0ac9a5ee05d2b95/conversations/6aa26c825d5b4135ae6b48b5 -> HTTP 403 (next candidate)
[2026-09-22 02:08:42] GET /api/agents/6aa26c7ce0ac9a5ee05d2b95/conversations -> HTTP 403 (next candidate)
[2026-09-22 02:08:53] GET /api/agents/6aa26c7ce0ac9a5ee05d2b95/conversations/6aa26c825d5b4135ae6b48b5/messages -> HTTP 403 (next candidate)
[2026-09-22 02:08:53] GET /api/agents/6aa26c7ce0ac9a5ee05d2b95/conversations/6aa26c825d5b4135ae6b48b5 -> HTTP 403 (next candidate)
[2026-09-22 02:08:53] GET /api/agents/6aa26c7ce0ac9a5ee05d2b95/conversations -> HTTP 403 (next candidate)
[2026-09-22 02:09:03] GET /api/agents/6aa26c7ce0ac9a5ee05d2b95/conversations/6aa26c825d5b4135ae6b48b5/messages -> HTTP 403 (next candidate)
[2026-09-22 02:09:03] GET /api/agents/6aa26c7ce0ac9a5ee05d2b95/conversations/6aa26c825d5b4135ae6b48b5 -> HTTP 403 (next candidate)
[2026-09-22 02:09:03] GET /api/agents/6aa26c7ce0ac9a5ee05d2b95/conversations -> HTTP 403 (next candidate)
[2026-09-22 02:09:13] GET /api/agents/6aa26c7ce0ac9a5ee05d2b95/conversations/6aa26c825d5b4135ae6b48b5/messages -> HTTP 403 (next candidate)
[2026-09-22 02:09:13] GET /api/agents/6aa26c7ce0ac9a5ee05d2b95/conversations/6aa26c825d5b4135ae6b48b5 -> HTTP 403 (next candidate)
[2026-09-22 02:09:13] GET /api/agents/6aa26c7ce0ac9a5ee05d2b95/conversations -> HTTP 403 (next candidate)
[2026-09-22 02:09:24] GET /api/agents/6aa26c7ce0ac9a5ee05d2b95/conversations/6aa26c825d5b4135ae6b48b5/messages -> HTTP 403 (next candidate)
[2026-09-22 02:09:24] GET /api/agents/6aa26c7ce0ac9a5ee05d2b95/conversations/6aa26c825d5b4135ae6b48b5 -> HTTP 403 (next candidate)
[2026-09-22 02:09:24] GET /api/agents/6aa26c7ce0ac9a5ee05d2b95/conversations -> HTTP 403 (next candidate)
[2026-09-22 02:09:35] GET /api/agents/6aa26c7ce0ac9a5ee05d2b95/conversations/6aa26c825d5b4135ae6b48b5/messages -> HTTP 403 (next candidate)
[2026-09-22 02:09:35] GET /api/agents/6aa26c7ce0ac9a5ee05d2b95/conversations/6aa26c825d5b4135ae6b48b5 -> HTTP 403 (next candidate)
[2026-09-22 02:09:35] GET /api/agents/6aa26c7ce0ac9a5ee05d2b95/conversations -> HTTP 403 (next candidate)
[2026-09-22 02:09:45] GET /api/agents/6aa26c7ce0ac9a5ee05d2b95/conversations/6aa26c825d5b4135ae6b48b5/messages -> HTTP 403 (next candidate)
[2026-09-22 02:09:45] GET /api/agents/6aa26c7ce0ac9a5ee05d2b95/conversations/6aa26c825d5b4135ae6b48b5 -> HTTP 403 (next candidate)
[2026-09-22 02:09:45] GET /api/agents/6aa26c7ce0ac9a5ee05d2b95/conversations -> HTTP 403 (next candidate)
[2026-09-22 02:09:55] GET /api/agents/6aa26c7ce0ac9a5ee05d2b95/conversations/6aa26c825d5b4135ae6b48b5/messages -> HTTP 403 (next candidate)
[2026-09-22 02:09:55] GET /api/agents/6aa26c7ce0ac9a5ee05d2b95/conversations/6aa26c825d5b4135ae6b48b5 -> HTTP 403 (next candidate)
[2026-09-22 02:09:55] GET /api/agents/6aa26c7ce0ac9a5ee05d2b95/conversations -> HTTP 403 (next candidate)
[2026-09-22 02:10:06] GET /api/agents/6aa26c7ce0ac9a5ee05d2b95/conversations/6aa26c825d5b4135ae6b48b5/messages -> HTTP 403 (next candidate)
[2026-09-22 02:10:06] GET /api/agents/6aa26c7ce0ac9a5ee05d2b95/conversations/6aa26c825d5b4135ae6b48b5 -> HTTP 403 (next candidate)
[2026-09-22 02:10:06] GET /api/agents/6aa26c7ce0ac9a5ee05d2b95/conversations -> HTTP 403 (next candidate)
[2026-09-22 02:10:16] GET /api/agents/6aa26c7ce0ac9a5ee05d2b95/conversations/6aa26c825d5b4135ae6b48b5/messages -> HTTP 403 (next candidate)
[2026-09-22 02:10:16] GET /api/agents/6aa26c7ce0ac9a5ee05d2b95/conversations/6aa26c825d5b4135ae6b48b5 -> HTTP 403 (next candidate)
[2026-09-22 02:10:16] GET /api/agents/6aa26c7ce0ac9a5ee05d2b95/conversations -> HTTP 403 (next candidate)
[2026-09-22 02:10:26] GET /api/agents/6aa26c7ce0ac9a5ee05d2b95/conversations/6aa26c825d5b4135ae6b48b5/messages -> HTTP 403 (next candidate)
[2026-09-22 02:10:27] GET /api/agents/6aa26c7ce0ac9a5ee05d2b95/conversations/6aa26c825d5b4135ae6b48b5 -> HTTP 403 (next candidate)
[2026-09-22 02:10:27] GET /api/agents/6aa26c7ce0ac9a5ee05d2b95/conversations -> HTTP 403 (next candidate)
[2026-09-22 02:10:37] GET /api/agents/6aa26c7ce0ac9a5ee05d2b95/conversations/6aa26c825d5b4135ae6b48b5/messages -> HTTP 403 (next candidate)
[2026-09-22 02:10:37] GET /api/agents/6aa26c7ce0ac9a5ee05d2b95/conversations/6aa26c825d5b4135ae6b48b5 -> HTTP 403 (next candidate)
[2026-09-22 02:10:37] GET /api/agents/6aa26c7ce0ac9a5ee05d2b95/conversations -> HTTP 403 (next candidate)
[2026-09-22 02:10:47] GET /api/agents/6aa26c7ce0ac9a5ee05d2b95/conversations/6aa26c825d5b4135ae6b48b5/messages -> HTTP 403 (next candidate)
[2026-09-22 02:10:47] GET /api/agents/6aa26c7ce0ac9a5ee05d2b95/conversations/6aa26c825d5b4135ae6b48b5 -> HTTP 403 (next candidate)
[2026-09-22 02:10:47] GET /api/agents/6aa26c7ce0ac9a5ee05d2b95/conversations -> HTTP 403 (next candidate)
[2026-09-22 02:10:58] GET /api/agents/6aa26c7ce0ac9a5ee05d2b95/conversations/6aa26c825d5b4135ae6b48b5/messages -> HTTP 403 (next candidate)
[2026-09-22 02:10:58] GET /api/agents/6aa26c7ce0ac9a5ee05d2b95/conversations/6aa26c825d5b4135ae6b48b5 -> HTTP 403 (next candidate)
[2026-09-22 02:10:58] GET /api/agents/6aa26c7ce0ac9a5ee05d2b95/conversations -> HTTP 403 (next candidate)
[2026-09-22 02:11:08] GET /api/agents/6aa26c7ce0ac9a5ee05d2b95/conversations/6aa26c825d5b4135ae6b48b5/messages -> HTTP 403 (next candidate)
[2026-09-22 02:11:08] GET /api/agents/6aa26c7ce0ac9a5ee05d2b95/conversations/6aa26c825d5b4135ae6b48b5 -> HTTP 403 (next candidate)
[2026-09-22 02:11:08] GET /api/agents/6aa26c7ce0ac9a5ee05d2b95/conversations -> HTTP 403 (next candidate)
[2026-09-22 02:11:18] GET /api/agents/6aa26c7ce0ac9a5ee05d2b95/conversations/6aa26c825d5b4135ae6b48b5/messages -> HTTP 403 (next candidate)
[2026-09-22 02:11:18] GET /api/agents/6aa26c7ce0ac9a5ee05d2b95/conversations/6aa26c825d5b4135ae6b48b5 -> HTTP 403 (next candidate)
[2026-09-22 02:11:19] GET /api/agents/6aa26c7ce0ac9a5ee05d2b95/conversations -> HTTP 403 (next candidate)
[2026-09-22 02:11:29] GET /api/agents/6aa26c7ce0ac9a5ee05d2b95/conversations/6aa26c825d5b4135ae6b48b5/messages -> HTTP 403 (next candidate)
[2026-09-22 02:11:29] GET /api/agents/6aa26c7ce0ac9a5ee05d2b95/conversations/6aa26c825d5b4135ae6b48b5 -> HTTP 403 (next candidate)
[2026-09-22 02:11:29] GET /api/agents/6aa26c7ce0ac9a5ee05d2b95/conversations -> HTTP 403 (next candidate)
[2026-09-22 02:11:39] GET /api/agents/6aa26c7ce0ac9a5ee05d2b95/conversations/6aa26c825d5b4135ae6b48b5/messages -> HTTP 403 (next candidate)
[2026-09-22 02:11:39] GET /api/agents/6aa26c7ce0ac9a5ee05d2b95/conversations/6aa26c825d5b4135ae6b48b5 -> HTTP 403 (next candidate)
[2026-09-22 02:11:39] GET /api/agents/6aa26c7ce0ac9a5ee05d2b95/conversations -> HTTP 403 (next candidate)
[2026-09-22 02:11:50] GET /api/agents/6aa26c7ce0ac9a5ee05d2b95/conversations/6aa26c825d5b4135ae6b48b5/messages -> HTTP 403 (next candidate)
[2026-09-22 02:11:50] GET /api/agents/6aa26c7ce0ac9a5ee05d2b95/conversations/6aa26c825d5b4135ae6b48b5 -> HTTP 403 (next candidate)
[2026-09-22 02:11:50] GET /api/agents/6aa26c7ce0ac9a5ee05d2b95/conversations -> HTTP 403 (next candidate)
[2026-09-22 02:12:00] GET /api/agents/6aa26c7ce0ac9a5ee05d2b95/conversations/6aa26c825d5b4135ae6b48b5/messages -> HTTP 403 (next candidate)
[2026-09-22 02:12:00] GET /api/agents/6aa26c7ce0ac9a5ee05d2b95/conversations/6aa26c825d5b4135ae6b48b5 -> HTTP 403 (next candidate)
[2026-09-22 02:12:00] GET /api/agents/6aa26c7ce0ac9a5ee05d2b95/conversations -> HTTP 403 (next candidate)
[2026-09-22 02:12:11] GET /api/agents/6aa26c7ce0ac9a5ee05d2b95/conversations/6aa26c825d5b4135ae6b48b5/messages -> HTTP 403 (next candidate)
[2026-09-22 02:12:11] GET /api/agents/6aa26c7ce0ac9a5ee05d2b95/conversations/6aa26c825d5b4135ae6b48b5 -> HTTP 403 (next candidate)
[2026-09-22 02:12:11] GET /api/agents/6aa26c7ce0ac9a5ee05d2b95/conversations -> HTTP 403 (next candidate)
[2026-09-22 02:12:21] GET /api/agents/6aa26c7ce0ac9a5ee05d2b95/conversations/6aa26c825d5b4135ae6b48b5/messages -> HTTP 403 (next candidate)
[2026-09-22 02:12:21] GET /api/agents/6aa26c7ce0ac9a5ee05d2b95/conversations/6aa26c825d5b4135ae6b48b5 -> HTTP 403 (next candidate)
[2026-09-22 02:12:21] GET /api/agents/6aa26c7ce0ac9a5ee05d2b95/conversations -> HTTP 403 (next candidate)
[2026-09-22 02:12:31] GET /api/agents/6aa26c7ce0ac9a5ee05d2b95/conversations/6aa26c825d5b4135ae6b48b5/messages -> HTTP 403 (next candidate)
[2026-09-22 02:12:31] GET /api/agents/6aa26c7ce0ac9a5ee05d2b95/conversations/6aa26c825d5b4135ae6b48b5 -> HTTP 403 (next candidate)
[2026-09-22 02:12:31] GET /api/agents/6aa26c7ce0ac9a5ee05d2b95/conversations -> HTTP 403 (next candidate)
[2026-09-22 02:12:42] GET /api/agents/6aa26c7ce0ac9a5ee05d2b95/conversations/6aa26c825d5b4135ae6b48b5/messages -> HTTP 403 (next candidate)
[2026-09-22 02:12:42] GET /api/agents/6aa26c7ce0ac9a5ee05d2b95/conversations/6aa26c825d5b4135ae6b48b5 -> HTTP 403 (next candidate)
[2026-09-22 02:12:42] GET /api/agents/6aa26c7ce0ac9a5ee05d2b95/conversations -> HTTP 403 (next candidate)
[2026-09-22 02:12:52] GET /api/agents/6aa26c7ce0ac9a5ee05d2b95/conversations/6aa26c825d5b4135ae6b48b5/messages -> HTTP 403 (next candidate)
[2026-09-22 02:12:52] GET /api/agents/6aa26c7ce0ac9a5ee05d2b95/conversations/6aa26c825d5b4135ae6b48b5 -> HTTP 403 (next candidate)
[2026-09-22 02:12:52] GET /api/agents/6aa26c7ce0ac9a5ee05d2b95/conversations -> HTTP 403 (next candidate)
[2026-09-22 02:13:02] GET /api/agents/6aa26c7ce0ac9a5ee05d2b95/conversations/6aa26c825d5b4135ae6b48b5/messages -> HTTP 403 (next candidate)
[2026-09-22 02:13:03] GET /api/agents/6aa26c7ce0ac9a5ee05d2b95/conversations/6aa26c825d5b4135ae6b48b5 -> HTTP 403 (next candidate)
[2026-09-22 02:13:03] GET /api/agents/6aa26c7ce0ac9a5ee05d2b95/conversations -> HTTP 403 (next candidate)
[2026-09-22 02:13:13] GET /api/agents/6aa26c7ce0ac9a5ee05d2b95/conversations/6aa26c825d5b4135ae6b48b5/messages -> HTTP 403 (next candidate)
[2026-09-22 02:13:13] GET /api/agents/6aa26c7ce0ac9a5ee05d2b95/conversations/6aa26c825d5b4135ae6b48b5 -> HTTP 403 (next candidate)
[2026-09-22 02:13:13] GET /api/agents/6aa26c7ce0ac9a5ee05d2b95/conversations -> HTTP 403 (next candidate)
[2026-09-22 02:13:23] GET /api/agents/6aa26c7ce0ac9a5ee05d2b95/conversations/6aa26c825d5b4135ae6b48b5/messages -> HTTP 403 (next candidate)
[2026-09-22 02:13:23] GET /api/agents/6aa26c7ce0ac9a5ee05d2b95/conversations/6aa26c825d5b4135ae6b48b5 -> HTTP 403 (next candidate)
[2026-09-22 02:13:23] GET /api/agents/6aa26c7ce0ac9a5ee05d2b95/conversations -> HTTP 403 (next candidate)
[2026-09-22 02:13:33] GET /api/agents/6aa26c7ce0ac9a5ee05d2b95/conversations/6aa26c825d5b4135ae6b48b5/messages -> HTTP 403 (next candidate)
[2026-09-22 02:13:34] GET /api/agents/6aa26c7ce0ac9a5ee05d2b95/conversations/6aa26c825d5b4135ae6b48b5 -> HTTP 403 (next candidate)
[2026-09-22 02:13:34] GET /api/agents/6aa26c7ce0ac9a5ee05d2b95/conversations -> HTTP 403 (next candidate)
[2026-09-22 02:13:44] GET /api/agents/6aa26c7ce0ac9a5ee05d2b95/conversations/6aa26c825d5b4135ae6b48b5/messages -> HTTP 403 (next candidate)
[2026-09-22 02:13:44] GET /api/agents/6aa26c7ce0ac9a5ee05d2b95/conversations/6aa26c825d5b4135ae6b48b5 -> HTTP 403 (next candidate)
[2026-09-22 02:13:44] GET /api/agents/6aa26c7ce0ac9a5ee05d2b95/conversations -> HTTP 403 (next candidate)
[2026-09-22 02:13:54] GET /api/agents/6aa26c7ce0ac9a5ee05d2b95/conversations/6aa26c825d5b4135ae6b48b5/messages -> HTTP 403 (next candidate)
[2026-09-22 02:13:54] GET /api/agents/6aa26c7ce0ac9a5ee05d2b95/conversations/6aa26c825d5b4135ae6b48b5 -> HTTP 403 (next candidate)
[2026-09-22 02:13:54] GET /api/agents/6aa26c7ce0ac9a5ee05d2b95/conversations -> HTTP 403 (next candidate)
[2026-09-22 02:14:04] GET /api/agents/6aa26c7ce0ac9a5ee05d2b95/conversations/6aa26c825d5b4135ae6b48b5/messages -> HTTP 403 (next candidate)
[2026-09-22 02:14:05] GET /api/agents/6aa26c7ce0ac9a5ee05d2b95/conversations/6aa26c825d5b4135ae6b48b5 -> HTTP 403 (next candidate)
[2026-09-22 02:14:05] GET /api/agents/6aa26c7ce0ac9a5ee05d2b95/conversations -> HTTP 403 (next candidate)
[2026-09-22 02:14:15] GET /api/agents/6aa26c7ce0ac9a5ee05d2b95/conversations/6aa26c825d5b4135ae6b48b5/messages -> HTTP 403 (next candidate)
[2026-09-22 02:14:15] GET /api/agents/6aa26c7ce0ac9a5ee05d2b95/conversations/6aa26c825d5b4135ae6b48b5 -> HTTP 403 (next candidate)
[2026-09-22 02:14:15] GET /api/agents/6aa26c7ce0ac9a5ee05d2b95/conversations -> HTTP 403 (next candidate)
[2026-09-22 02:14:25] GET /api/agents/6aa26c7ce0ac9a5ee05d2b95/conversations/6aa26c825d5b4135ae6b48b5/messages -> HTTP 403 (next candidate)
[2026-09-22 02:14:25] GET /api/agents/6aa26c7ce0ac9a5ee05d2b95/conversations/6aa26c825d5b4135ae6b48b5 -> HTTP 403 (next candidate)
[2026-09-22 02:14:26] GET /api/agents/6aa26c7ce0ac9a5ee05d2b95/conversations -> HTTP 403 (next candidate)
[2026-09-22 02:14:36] GET /api/agents/6aa26c7ce0ac9a5ee05d2b95/conversations/6aa26c825d5b4135ae6b48b5/messages -> HTTP 403 (next candidate)
[2026-09-22 02:14:36] GET /api/agents/6aa26c7ce0ac9a5ee05d2b95/conversations/6aa26c825d5b4135ae6b48b5 -> HTTP 403 (next candidate)
[2026-09-22 02:14:36] GET /api/agents/6aa26c7ce0ac9a5ee05d2b95/conversations -> HTTP 403 (next candidate)
[2026-09-22 02:14:46] GET /api/agents/6aa26c7ce0ac9a5ee05d2b95/conversations/6aa26c825d5b4135ae6b48b5/messages -> HTTP 403 (next candidate)
[2026-09-22 02:14:46] GET /api/agents/6aa26c7ce0ac9a5ee05d2b95/conversations/6aa26c825d5b4135ae6b48b5 -> HTTP 403 (next candidate)
[2026-09-22 02:14:46] GET /api/agents/6aa26c7ce0ac9a5ee05d2b95/conversations -> HTTP 403 (next candidate)
[2026-09-22 02:14:56] GET /api/agents/6aa26c7ce0ac9a5ee05d2b95/conversations/6aa26c825d5b4135ae6b48b5/messages -> HTTP 403 (next candidate)
[2026-09-22 02:14:56] GET /api/agents/6aa26c7ce0ac9a5ee05d2b95/conversations/6aa26c825d5b4135ae6b48b5 -> HTTP 403 (next candidate)
[2026-09-22 02:14:57] GET /api/agents/6aa26c7ce0ac9a5ee05d2b95/conversations -> HTTP 403 (next candidate)
[2026-09-22 02:15:07] GET /api/agents/6aa26c7ce0ac9a5ee05d2b95/conversations/6aa26c825d5b4135ae6b48b5/messages -> HTTP 403 (next candidate)
[2026-09-22 02:15:07] GET /api/agents/6aa26c7ce0ac9a5ee05d2b95/conversations/6aa26c825d5b4135ae6b48b5 -> HTTP 403 (next candidate)
[2026-09-22 02:15:07] GET /api/agents/6aa26c7ce0ac9a5ee05d2b95/conversations -> HTTP 403 (next candidate)
[2026-09-22 02:15:17] GET /api/agents/6aa26c7ce0ac9a5ee05d2b95/conversations/6aa26c825d5b4135ae6b48b5/messages -> HTTP 403 (next candidate)
[2026-09-22 02:15:17] GET /api/agents/6aa26c7ce0ac9a5ee05d2b95/conversations/6aa26c825d5b4135ae6b48b5 -> HTTP 403 (next candidate)
[2026-09-22 02:15:17] GET /api/agents/6aa26c7ce0ac9a5ee05d2b95/conversations -> HTTP 403 (next candidate)
[2026-09-22 02:15:27] GET /api/agents/6aa26c7ce0ac9a5ee05d2b95/conversations/6aa26c825d5b4135ae6b48b5/messages -> HTTP 403 (next candidate)
[2026-09-22 02:15:28] GET /api/agents/6aa26c7ce0ac9a5ee05d2b95/conversations/6aa26c825d5b4135ae6b48b5 -> HTTP 403 (next candidate)
[2026-09-22 02:15:28] GET /api/agents/6aa26c7ce0ac9a5ee05d2b95/conversations -> HTTP 403 (next candidate)
[2026-09-22 02:15:38] GET /api/agents/6aa26c7ce0ac9a5ee05d2b95/conversations/6aa26c825d5b4135ae6b48b5/messages -> HTTP 403 (next candidate)
[2026-09-22 02:15:38] GET /api/agents/6aa26c7ce0ac9a5ee05d2b95/conversations/6aa26c825d5b4135ae6b48b5 -> HTTP 403 (next candidate)
[2026-09-22 02:15:39] GET /api/agents/6aa26c7ce0ac9a5ee05d2b95/conversations -> HTTP 403 (next candidate)
[2026-09-22 02:15:49] GET /api/agents/6aa26c7ce0ac9a5ee05d2b95/conversations/6aa26c825d5b4135ae6b48b5/messages -> HTTP 403 (next candidate)
[2026-09-22 02:15:49] GET /api/agents/6aa26c7ce0ac9a5ee05d2b95/conversations/6aa26c825d5b4135ae6b48b5 -> HTTP 403 (next candidate)
[2026-09-22 02:15:49] GET /api/agents/6aa26c7ce0ac9a5ee05d2b95/conversations -> HTTP 403 (next candidate)
[2026-09-22 02:15:59] GET /api/agents/6aa26c7ce0ac9a5ee05d2b95/conversations/6aa26c825d5b4135ae6b48b5/messages -> HTTP 403 (next candidate)
[2026-09-22 02:15:59] GET /api/agents/6aa26c7ce0ac9a5ee05d2b95/conversations/6aa26c825d5b4135ae6b48b5 -> HTTP 403 (next candidate)
[2026-09-22 02:16:00] GET /api/agents/6aa26c7ce0ac9a5ee05d2b95/conversations -> HTTP 403 (next candidate)
[2026-09-22 02:16:10] GET /api/agents/6aa26c7ce0ac9a5ee05d2b95/conversations/6aa26c825d5b4135ae6b48b5/messages -> HTTP 403 (next candidate)
[2026-09-22 02:16:10] GET /api/agents/6aa26c7ce0ac9a5ee05d2b95/conversations/6aa26c825d5b4135ae6b48b5 -> HTTP 403 (next candidate)
[2026-09-22 02:16:10] GET /api/agents/6aa26c7ce0ac9a5ee05d2b95/conversations -> HTTP 403 (next candidate)
[2026-09-22 02:16:21] GET /api/agents/6aa26c7ce0ac9a5ee05d2b95/conversations/6aa26c825d5b4135ae6b48b5/messages -> HTTP 403 (next candidate)
[2026-09-22 02:16:21] GET /api/agents/6aa26c7ce0ac9a5ee05d2b95/conversations/6aa26c825d5b4135ae6b48b5 -> HTTP 403 (next candidate)
[2026-09-22 02:16:21] GET /api/agents/6aa26c7ce0ac9a5ee05d2b95/conversations -> HTTP 403 (next candidate)
[2026-09-22 02:16:31] GET /api/agents/6aa26c7ce0ac9a5ee05d2b95/conversations/6aa26c825d5b4135ae6b48b5/messages -> HTTP 403 (next candidate)
[2026-09-22 02:16:31] GET /api/agents/6aa26c7ce0ac9a5ee05d2b95/conversations/6aa26c825d5b4135ae6b48b5 -> HTTP 403 (next candidate)
[2026-09-22 02:16:31] GET /api/agents/6aa26c7ce0ac9a5ee05d2b95/conversations -> HTTP 403 (next candidate)
[2026-09-22 02:16:41] GET /api/agents/6aa26c7ce0ac9a5ee05d2b95/conversations/6aa26c825d5b4135ae6b48b5/messages -> HTTP 403 (next candidate)
[2026-09-22 02:16:41] GET /api/agents/6aa26c7ce0ac9a5ee05d2b95/conversations/6aa26c825d5b4135ae6b48b5 -> HTTP 403 (next candidate)
[2026-09-22 02:16:41] GET /api/agents/6aa26c7ce0ac9a5ee05d2b95/conversations -> HTTP 403 (next candidate)
[2026-09-22 02:16:52] GET /api/agents/6aa26c7ce0ac9a5ee05d2b95/conversations/6aa26c825d5b4135ae6b48b5/messages -> HTTP 403 (next candidate)
[2026-09-22 02:16:52] GET /api/agents/6aa26c7ce0ac9a5ee05d2b95/conversations/6aa26c825d5b4135ae6b48b5 -> HTTP 403 (next candidate)
[2026-09-22 02:16:52] GET /api/agents/6aa26c7ce0ac9a5ee05d2b95/conversations -> HTTP 403 (next candidate)
[2026-09-22 02:17:02] GET /api/agents/6aa26c7ce0ac9a5ee05d2b95/conversations/6aa26c825d5b4135ae6b48b5/messages -> HTTP 403 (next candidate)
[2026-09-22 02:17:03] GET /api/agents/6aa26c7ce0ac9a5ee05d2b95/conversations/6aa26c825d5b4135ae6b48b5 -> HTTP 403 (next candidate)
[2026-09-22 02:17:03] GET /api/agents/6aa26c7ce0ac9a5ee05d2b95/conversations -> HTTP 403 (next candidate)
[2026-09-22 02:17:13] GET /api/agents/6aa26c7ce0ac9a5ee05d2b95/conversations/6aa26c825d5b4135ae6b48b5/messages -> HTTP 403 (next candidate)
[2026-09-22 02:17:13] GET /api/agents/6aa26c7ce0ac9a5ee05d2b95/conversations/6aa26c825d5b4135ae6b48b5 -> HTTP 403 (next candidate)
[2026-09-22 02:17:13] GET /api/agents/6aa26c7ce0ac9a5ee05d2b95/conversations -> HTTP 403 (next candidate)
[2026-09-22 02:17:23] GET /api/agents/6aa26c7ce0ac9a5ee05d2b95/conversations/6aa26c825d5b4135ae6b48b5/messages -> HTTP 403 (next candidate)
[2026-09-22 02:17:23] GET /api/agents/6aa26c7ce0ac9a5ee05d2b95/conversations/6aa26c825d5b4135ae6b48b5 -> HTTP 403 (next candidate)
[2026-09-22 02:17:23] GET /api/agents/6aa26c7ce0ac9a5ee05d2b95/conversations -> HTTP 403 (next candidate)
[2026-09-22 02:17:34] GET /api/agents/6aa26c7ce0ac9a5ee05d2b95/conversations/6aa26c825d5b4135ae6b48b5/messages -> HTTP 403 (next candidate)
[2026-09-22 02:17:34] GET /api/agents/6aa26c7ce0ac9a5ee05d2b95/conversations/6aa26c825d5b4135ae6b48b5 -> HTTP 403 (next candidate)
[2026-09-22 02:17:34] GET /api/agents/6aa26c7ce0ac9a5ee05d2b95/conversations -> HTTP 403 (next candidate)
[2026-09-22 02:17:44] GET /api/agents/6aa26c7ce0ac9a5ee05d2b95/conversations/6aa26c825d5b4135ae6b48b5/messages -> HTTP 403 (next candidate)
[2026-09-22 02:17:44] GET /api/agents/6aa26c7ce0ac9a5ee05d2b95/conversations/6aa26c825d5b4135ae6b48b5 -> HTTP 403 (next candidate)
[2026-09-22 02:17:44] GET /api/agents/6aa26c7ce0ac9a5ee05d2b95/conversations -> HTTP 403 (next candidate)
[2026-09-22 02:17:54] GET /api/agents/6aa26c7ce0ac9a5ee05d2b95/conversations/6aa26c825d5b4135ae6b48b5/messages -> HTTP 403 (next candidate)
[2026-09-22 02:17:54] GET /api/agents/6aa26c7ce0ac9a5ee05d2b95/conversations/6aa26c825d5b4135ae6b48b5 -> HTTP 403 (next candidate)
[2026-09-22 02:17:54] GET /api/agents/6aa26c7ce0ac9a5ee05d2b95/conversations -> HTTP 403 (next candidate)
[2026-09-22 02:18:04] GET /api/agents/6aa26c7ce0ac9a5ee05d2b95/conversations/6aa26c825d5b4135ae6b48b5/messages -> HTTP 403 (next candidate)
[2026-09-22 02:18:05] GET /api/agents/6aa26c7ce0ac9a5ee05d2b95/conversations/6aa26c825d5b4135ae6b48b5 -> HTTP 403 (next candidate)
[2026-09-22 02:18:05] GET /api/agents/6aa26c7ce0ac9a5ee05d2b95/conversations -> HTTP 403 (next candidate)
[2026-09-22 02:18:15] GET /api/agents/6aa26c7ce0ac9a5ee05d2b95/conversations/6aa26c825d5b4135ae6b48b5/messages -> HTTP 403 (next candidate)
[2026-09-22 02:18:15] GET /api/agents/6aa26c7ce0ac9a5ee05d2b95/conversations/6aa26c825d5b4135ae6b48b5 -> HTTP 403 (next candidate)
[2026-09-22 02:18:15] GET /api/agents/6aa26c7ce0ac9a5ee05d2b95/conversations -> HTTP 403 (next candidate)
[2026-09-22 02:18:25] GET /api/agents/6aa26c7ce0ac9a5ee05d2b95/conversations/6aa26c825d5b4135ae6b48b5/messages -> HTTP 403 (next candidate)
[2026-09-22 02:18:26] GET /api/agents/6aa26c7ce0ac9a5ee05d2b95/conversations/6aa26c825d5b4135ae6b48b5 -> HTTP 403 (next candidate)
[2026-09-22 02:18:26] GET /api/agents/6aa26c7ce0ac9a5ee05d2b95/conversations -> HTTP 403 (next candidate)
[2026-09-22 02:18:36] GET /api/agents/6aa26c7ce0ac9a5ee05d2b95/conversations/6aa26c825d5b4135ae6b48b5/messages -> HTTP 403 (next candidate)
[2026-09-22 02:18:36] GET /api/agents/6aa26c7ce0ac9a5ee05d2b95/conversations/6aa26c825d5b4135ae6b48b5 -> HTTP 403 (next candidate)
[2026-09-22 02:18:36] GET /api/agents/6aa26c7ce0ac9a5ee05d2b95/conversations -> HTTP 403 (next candidate)
[2026-09-22 02:18:46] GET /api/agents/6aa26c7ce0ac9a5ee05d2b95/conversations/6aa26c825d5b4135ae6b48b5/messages -> HTTP 403 (next candidate)
[2026-09-22 02:18:46] GET /api/agents/6aa26c7ce0ac9a5ee05d2b95/conversations/6aa26c825d5b4135ae6b48b5 -> HTTP 403 (next candidate)
[2026-09-22 02:18:46] GET /api/agents/6aa26c7ce0ac9a5ee05d2b95/conversations -> HTTP 403 (next candidate)
[2026-09-22 02:18:56] GET /api/agents/6aa26c7ce0ac9a5ee05d2b95/conversations/6aa26c825d5b4135ae6b48b5/messages -> HTTP 403 (next candidate)
[2026-09-22 02:18:57] GET /api/agents/6aa26c7ce0ac9a5ee05d2b95/conversations/6aa26c825d5b4135ae6b48b5 -> HTTP 403 (next candidate)
[2026-09-22 02:18:57] GET /api/agents/6aa26c7ce0ac9a5ee05d2b95/conversations -> HTTP 403 (next candidate)
[2026-09-22 02:19:07] GET /api/agents/6aa26c7ce0ac9a5ee05d2b95/conversations/6aa26c825d5b4135ae6b48b5/messages -> HTTP 403 (next candidate)
[2026-09-22 02:19:07] GET /api/agents/6aa26c7ce0ac9a5ee05d2b95/conversations/6aa26c825d5b4135ae6b48b5 -> HTTP 403 (next candidate)
[2026-09-22 02:19:07] GET /api/agents/6aa26c7ce0ac9a5ee05d2b95/conversations -> HTTP 403 (next candidate)
[2026-09-22 02:19:17] GET /api/agents/6aa26c7ce0ac9a5ee05d2b95/conversations/6aa26c825d5b4135ae6b48b5/messages -> HTTP 403 (next candidate)
[2026-09-22 02:19:17] GET /api/agents/6aa26c7ce0ac9a5ee05d2b95/conversations/6aa26c825d5b4135ae6b48b5 -> HTTP 403 (next candidate)
[2026-09-22 02:19:17] GET /api/agents/6aa26c7ce0ac9a5ee05d2b95/conversations -> HTTP 403 (next candidate)
[2026-09-22 02:19:28] GET /api/agents/6aa26c7ce0ac9a5ee05d2b95/conversations/6aa26c825d5b4135ae6b48b5/messages -> HTTP 403 (next candidate)
[2026-09-22 02:19:28] GET /api/agents/6aa26c7ce0ac9a5ee05d2b95/conversations/6aa26c825d5b4135ae6b48b5 -> HTTP 403 (next candidate)
[2026-09-22 02:19:28] GET /api/agents/6aa26c7ce0ac9a5ee05d2b95/conversations -> HTTP 403 (next candidate)
[2026-09-22 02:19:38] GET /api/agents/6aa26c7ce0ac9a5ee05d2b95/conversations/6aa26c825d5b4135ae6b48b5/messages -> HTTP 403 (next candidate)
[2026-09-22 02:19:38] GET /api/agents/6aa26c7ce0ac9a5ee05d2b95/conversations/6aa26c825d5b4135ae6b48b5 -> HTTP 403 (next candidate)
[2026-09-22 02:19:38] GET /api/agents/6aa26c7ce0ac9a5ee05d2b95/conversations -> HTTP 403 (next candidate)
[2026-09-22 02:19:48] GET /api/agents/6aa26c7ce0ac9a5ee05d2b95/conversations/6aa26c825d5b4135ae6b48b5/messages -> HTTP 403 (next candidate)
[2026-09-22 02:19:49] GET /api/agents/6aa26c7ce0ac9a5ee05d2b95/conversations/6aa26c825d5b4135ae6b48b5 -> HTTP 403 (next candidate)
[2026-09-22 02:19:49] GET /api/agents/6aa26c7ce0ac9a5ee05d2b95/conversations -> HTTP 403 (next candidate)
[2026-09-22 02:19:59] GET /api/agents/6aa26c7ce0ac9a5ee05d2b95/conversations/6aa26c825d5b4135ae6b48b5/messages -> HTTP 403 (next candidate)
[2026-09-22 02:19:59] GET /api/agents/6aa26c7ce0ac9a5ee05d2b95/conversations/6aa26c825d5b4135ae6b48b5 -> HTTP 403 (next candidate)
[2026-09-22 02:19:59] GET /api/agents/6aa26c7ce0ac9a5ee05d2b95/conversations -> HTTP 403 (next candidate)
[2026-09-22 02:20:09] GET /api/agents/6aa26c7ce0ac9a5ee05d2b95/conversations/6aa26c825d5b4135ae6b48b5/messages -> HTTP 403 (next candidate)
[2026-09-22 02:20:09] GET /api/agents/6aa26c7ce0ac9a5ee05d2b95/conversations/6aa26c825d5b4135ae6b48b5 -> HTTP 403 (next candidate)
[2026-09-22 02:20:09] GET /api/agents/6aa26c7ce0ac9a5ee05d2b95/conversations -> HTTP 403 (next candidate)
[2026-09-22 02:20:19] GET /api/agents/6aa26c7ce0ac9a5ee05d2b95/conversations/6aa26c825d5b4135ae6b48b5/messages -> HTTP 403 (next candidate)
[2026-09-22 02:20:20] GET /api/agents/6aa26c7ce0ac9a5ee05d2b95/conversations/6aa26c825d5b4135ae6b48b5 -> HTTP 403 (next candidate)
[2026-09-22 02:20:20] GET /api/agents/6aa26c7ce0ac9a5ee05d2b95/conversations -> HTTP 403 (next candidate)
[2026-09-22 02:20:30] GET /api/agents/6aa26c7ce0ac9a5ee05d2b95/conversations/6aa26c825d5b4135ae6b48b5/messages -> HTTP 403 (next candidate)
[2026-09-22 02:20:30] GET /api/agents/6aa26c7ce0ac9a5ee05d2b95/conversations/6aa26c825d5b4135ae6b48b5 -> HTTP 403 (next candidate)
[2026-09-22 02:20:30] GET /api/agents/6aa26c7ce0ac9a5ee05d2b95/conversations -> HTTP 403 (next candidate)
[2026-09-22 02:20:40] GET /api/agents/6aa26c7ce0ac9a5ee05d2b95/conversations/6aa26c825d5b4135ae6b48b5/messages -> HTTP 403 (next candidate)
[2026-09-22 02:20:40] GET /api/agents/6aa26c7ce0ac9a5ee05d2b95/conversations/6aa26c825d5b4135ae6b48b5 -> HTTP 403 (next candidate)
[2026-09-22 02:20:41] GET /api/agents/6aa26c7ce0ac9a5ee05d2b95/conversations -> HTTP 403 (next candidate)
[2026-09-22 02:20:51] GET /api/agents/6aa26c7ce0ac9a5ee05d2b95/conversations/6aa26c825d5b4135ae6b48b5/messages -> HTTP 403 (next candidate)
[2026-09-22 02:20:51] GET /api/agents/6aa26c7ce0ac9a5ee05d2b95/conversations/6aa26c825d5b4135ae6b48b5 -> HTTP 403 (next candidate)
[2026-09-22 02:20:51] GET /api/agents/6aa26c7ce0ac9a5ee05d2b95/conversations -> HTTP 403 (next candidate)
[2026-09-22 02:21:01] GET /api/agents/6aa26c7ce0ac9a5ee05d2b95/conversations/6aa26c825d5b4135ae6b48b5/messages -> HTTP 403 (next candidate)
[2026-09-22 02:21:01] GET /api/agents/6aa26c7ce0ac9a5ee05d2b95/conversations/6aa26c825d5b4135ae6b48b5 -> HTTP 403 (next candidate)
[2026-09-22 02:21:01] GET /api/agents/6aa26c7ce0ac9a5ee05d2b95/conversations -> HTTP 403 (next candidate)
[2026-09-22 02:21:12] GET /api/agents/6aa26c7ce0ac9a5ee05d2b95/conversations/6aa26c825d5b4135ae6b48b5/messages -> HTTP 403 (next candidate)
[2026-09-22 02:21:12] GET /api/agents/6aa26c7ce0ac9a5ee05d2b95/conversations/6aa26c825d5b4135ae6b48b5 -> HTTP 403 (next candidate)
[2026-09-22 02:21:12] GET /api/agents/6aa26c7ce0ac9a5ee05d2b95/conversations -> HTTP 403 (next candidate)
[2026-09-22 02:21:22] GET /api/agents/6aa26c7ce0ac9a5ee05d2b95/conversations/6aa26c825d5b4135ae6b48b5/messages -> HTTP 403 (next candidate)
[2026-09-22 02:21:22] GET /api/agents/6aa26c7ce0ac9a5ee05d2b95/conversations/6aa26c825d5b4135ae6b48b5 -> HTTP 403 (next candidate)
[2026-09-22 02:21:22] GET /api/agents/6aa26c7ce0ac9a5ee05d2b95/conversations -> HTTP 403 (next candidate)
[2026-09-22 02:21:32] GET /api/agents/6aa26c7ce0ac9a5ee05d2b95/conversations/6aa26c825d5b4135ae6b48b5/messages -> HTTP 403 (next candidate)
[2026-09-22 02:21:32] GET /api/agents/6aa26c7ce0ac9a5ee05d2b95/conversations/6aa26c825d5b4135ae6b48b5 -> HTTP 403 (next candidate)
[2026-09-22 02:21:33] GET /api/agents/6aa26c7ce0ac9a5ee05d2b95/conversations -> HTTP 403 (next candidate)
[2026-09-22 02:21:43] GET /api/agents/6aa26c7ce0ac9a5ee05d2b95/conversations/6aa26c825d5b4135ae6b48b5/messages -> HTTP 403 (next candidate)
[2026-09-22 02:21:43] GET /api/agents/6aa26c7ce0ac9a5ee05d2b95/conversations/6aa26c825d5b4135ae6b48b5 -> HTTP 403 (next candidate)
[2026-09-22 02:21:43] GET /api/agents/6aa26c7ce0ac9a5ee05d2b95/conversations -> HTTP 403 (next candidate)
[2026-09-22 02:21:53] GET /api/agents/6aa26c7ce0ac9a5ee05d2b95/conversations/6aa26c825d5b4135ae6b48b5/messages -> HTTP 403 (next candidate)
[2026-09-22 02:21:54] GET /api/agents/6aa26c7ce0ac9a5ee05d2b95/conversations/6aa26c825d5b4135ae6b48b5 -> HTTP 403 (next candidate)
[2026-09-22 02:21:54] GET /api/agents/6aa26c7ce0ac9a5ee05d2b95/conversations -> HTTP 403 (next candidate)
[2026-09-22 02:22:04] GET /api/agents/6aa26c7ce0ac9a5ee05d2b95/conversations/6aa26c825d5b4135ae6b48b5/messages -> HTTP 403 (next candidate)
[2026-09-22 02:22:04] GET /api/agents/6aa26c7ce0ac9a5ee05d2b95/conversations/6aa26c825d5b4135ae6b48b5 -> HTTP 403 (next candidate)
[2026-09-22 02:22:04] GET /api/agents/6aa26c7ce0ac9a5ee05d2b95/conversations -> HTTP 403 (next candidate)
[2026-09-22 02:22:14] GET /api/agents/6aa26c7ce0ac9a5ee05d2b95/conversations/6aa26c825d5b4135ae6b48b5/messages -> HTTP 403 (next candidate)
[2026-09-22 02:22:15] GET /api/agents/6aa26c7ce0ac9a5ee05d2b95/conversations/6aa26c825d5b4135ae6b48b5 -> HTTP 403 (next candidate)
[2026-09-22 02:22:15] GET /api/agents/6aa26c7ce0ac9a5ee05d2b95/conversations -> HTTP 403 (next candidate)
[2026-09-22 02:22:25] GET /api/agents/6aa26c7ce0ac9a5ee05d2b95/conversations/6aa26c825d5b4135ae6b48b5/messages -> HTTP 403 (next candidate)
[2026-09-22 02:22:25] GET /api/agents/6aa26c7ce0ac9a5ee05d2b95/conversations/6aa26c825d5b4135ae6b48b5 -> HTTP 403 (next candidate)
[2026-09-22 02:22:25] GET /api/agents/6aa26c7ce0ac9a5ee05d2b95/conversations -> HTTP 403 (next candidate)
[2026-09-22 02:22:35] GET /api/agents/6aa26c7ce0ac9a5ee05d2b95/conversations/6aa26c825d5b4135ae6b48b5/messages -> HTTP 403 (next candidate)
[2026-09-22 02:22:35] GET /api/agents/6aa26c7ce0ac9a5ee05d2b95/conversations/6aa26c825d5b4135ae6b48b5 -> HTTP 403 (next candidate)
[2026-09-22 02:22:35] GET /api/agents/6aa26c7ce0ac9a5ee05d2b95/conversations -> HTTP 403 (next candidate)
[2026-09-22 02:22:46] GET /api/agents/6aa26c7ce0ac9a5ee05d2b95/conversations/6aa26c825d5b4135ae6b48b5/messages -> HTTP 403 (next candidate)
[2026-09-22 02:22:46] GET /api/agents/6aa26c7ce0ac9a5ee05d2b95/conversations/6aa26c825d5b4135ae6b48b5 -> HTTP 403 (next candidate)
[2026-09-22 02:22:46] GET /api/agents/6aa26c7ce0ac9a5ee05d2b95/conversations -> HTTP 403 (next candidate)
[2026-09-22 02:22:57] GET /api/agents/6aa26c7ce0ac9a5ee05d2b95/conversations/6aa26c825d5b4135ae6b48b5/messages -> HTTP 403 (next candidate)
[2026-09-22 02:22:57] GET /api/agents/6aa26c7ce0ac9a5ee05d2b95/conversations/6aa26c825d5b4135ae6b48b5 -> HTTP 403 (next candidate)
[2026-09-22 02:22:57] GET /api/agents/6aa26c7ce0ac9a5ee05d2b95/conversations -> HTTP 403 (next candidate)
[2026-09-22 02:23:07] GET /api/agents/6aa26c7ce0ac9a5ee05d2b95/conversations/6aa26c825d5b4135ae6b48b5/messages -> HTTP 403 (next candidate)
[2026-09-22 02:23:07] GET /api/agents/6aa26c7ce0ac9a5ee05d2b95/conversations/6aa26c825d5b4135ae6b48b5 -> HTTP 403 (next candidate)
[2026-09-22 02:23:07] GET /api/agents/6aa26c7ce0ac9a5ee05d2b95/conversations -> HTTP 403 (next candidate)
[2026-09-22 02:23:17] GET /api/agents/6aa26c7ce0ac9a5ee05d2b95/conversations/6aa26c825d5b4135ae6b48b5/messages -> HTTP 403 (next candidate)
[2026-09-22 02:23:18] GET /api/agents/6aa26c7ce0ac9a5ee05d2b95/conversations/6aa26c825d5b4135ae6b48b5 -> HTTP 403 (next candidate)
[2026-09-22 02:23:18] GET /api/agents/6aa26c7ce0ac9a5ee05d2b95/conversations -> HTTP 403 (next candidate)
[2026-09-22 02:23:28] GET /api/agents/6aa26c7ce0ac9a5ee05d2b95/conversations/6aa26c825d5b4135ae6b48b5/messages -> HTTP 403 (next candidate)
[2026-09-22 02:23:28] GET /api/agents/6aa26c7ce0ac9a5ee05d2b95/conversations/6aa26c825d5b4135ae6b48b5 -> HTTP 403 (next candidate)
[2026-09-22 02:23:28] GET /api/agents/6aa26c7ce0ac9a5ee05d2b95/conversations -> HTTP 403 (next candidate)
[2026-09-22 02:23:38] GET /api/agents/6aa26c7ce0ac9a5ee05d2b95/conversations/6aa26c825d5b4135ae6b48b5/messages -> HTTP 403 (next candidate)
[2026-09-22 02:23:38] GET /api/agents/6aa26c7ce0ac9a5ee05d2b95/conversations/6aa26c825d5b4135ae6b48b5 -> HTTP 403 (next candidate)
[2026-09-22 02:23:38] GET /api/agents/6aa26c7ce0ac9a5ee05d2b95/conversations -> HTTP 403 (next candidate)
[2026-09-22 02:23:48] GET /api/agents/6aa26c7ce0ac9a5ee05d2b95/conversations/6aa26c825d5b4135ae6b48b5/messages -> HTTP 403 (next candidate)
[2026-09-22 02:23:49] GET /api/agents/6aa26c7ce0ac9a5ee05d2b95/conversations/6aa26c825d5b4135ae6b48b5 -> HTTP 403 (next candidate)
[2026-09-22 02:23:49] GET /api/agents/6aa26c7ce0ac9a5ee05d2b95/conversations -> HTTP 403 (next candidate)
[2026-09-22 02:23:59] GET /api/agents/6aa26c7ce0ac9a5ee05d2b95/conversations/6aa26c825d5b4135ae6b48b5/messages -> HTTP 403 (next candidate)
[2026-09-22 02:23:59] GET /api/agents/6aa26c7ce0ac9a5ee05d2b95/conversations/6aa26c825d5b4135ae6b48b5 -> HTTP 403 (next candidate)
[2026-09-22 02:23:59] GET /api/agents/6aa26c7ce0ac9a5ee05d2b95/conversations -> HTTP 403 (next candidate)
[2026-09-22 02:24:09] GET /api/agents/6aa26c7ce0ac9a5ee05d2b95/conversations/6aa26c825d5b4135ae6b48b5/messages -> HTTP 403 (next candidate)
[2026-09-22 02:24:09] GET /api/agents/6aa26c7ce0ac9a5ee05d2b95/conversations/6aa26c825d5b4135ae6b48b5 -> HTTP 403 (next candidate)
[2026-09-22 02:24:09] GET /api/agents/6aa26c7ce0ac9a5ee05d2b95/conversations -> HTTP 403 (next candidate)
[2026-09-22 02:24:19] GET /api/agents/6aa26c7ce0ac9a5ee05d2b95/conversations/6aa26c825d5b4135ae6b48b5/messages -> HTTP 403 (next candidate)
[2026-09-22 02:24:20] GET /api/agents/6aa26c7ce0ac9a5ee05d2b95/conversations/6aa26c825d5b4135ae6b48b5 -> HTTP 403 (next candidate)
[2026-09-22 02:24:20] GET /api/agents/6aa26c7ce0ac9a5ee05d2b95/conversations -> HTTP 403 (next candidate)
[2026-09-22 02:24:30] GET /api/agents/6aa26c7ce0ac9a5ee05d2b95/conversations/6aa26c825d5b4135ae6b48b5/messages -> HTTP 403 (next candidate)
[2026-09-22 02:24:30] GET /api/agents/6aa26c7ce0ac9a5ee05d2b95/conversations/6aa26c825d5b4135ae6b48b5 -> HTTP 403 (next candidate)
[2026-09-22 02:24:30] GET /api/agents/6aa26c7ce0ac9a5ee05d2b95/conversations -> HTTP 403 (next candidate)
[2026-09-22 02:24:40] GET /api/agents/6aa26c7ce0ac9a5ee05d2b95/conversations/6aa26c825d5b4135ae6b48b5/messages -> HTTP 403 (next candidate)
[2026-09-22 02:24:40] GET /api/agents/6aa26c7ce0ac9a5ee05d2b95/conversations/6aa26c825d5b4135ae6b48b5 -> HTTP 403 (next candidate)
[2026-09-22 02:24:40] GET /api/agents/6aa26c7ce0ac9a5ee05d2b95/conversations -> HTTP 403 (next candidate)
[2026-09-22 02:24:51] GET /api/agents/6aa26c7ce0ac9a5ee05d2b95/conversations/6aa26c825d5b4135ae6b48b5/messages -> HTTP 403 (next candidate)
[2026-09-22 02:24:51] GET /api/agents/6aa26c7ce0ac9a5ee05d2b95/conversations/6aa26c825d5b4135ae6b48b5 -> HTTP 403 (next candidate)
[2026-09-22 02:24:51] GET /api/agents/6aa26c7ce0ac9a5ee05d2b95/conversations -> HTTP 403 (next candidate)
[2026-09-22 02:25:01] GET /api/agents/6aa26c7ce0ac9a5ee05d2b95/conversations/6aa26c825d5b4135ae6b48b5/messages -> HTTP 403 (next candidate)
[2026-09-22 02:25:01] GET /api/agents/6aa26c7ce0ac9a5ee05d2b95/conversations/6aa26c825d5b4135ae6b48b5 -> HTTP 403 (next candidate)
[2026-09-22 02:25:01] GET /api/agents/6aa26c7ce0ac9a5ee05d2b95/conversations -> HTTP 403 (next candidate)
[2026-09-22 02:25:11] GET /api/agents/6aa26c7ce0ac9a5ee05d2b95/conversations/6aa26c825d5b4135ae6b48b5/messages -> HTTP 403 (next candidate)
[2026-09-22 02:25:11] GET /api/agents/6aa26c7ce0ac9a5ee05d2b95/conversations/6aa26c825d5b4135ae6b48b5 -> HTTP 403 (next candidate)
[2026-09-22 02:25:11] GET /api/agents/6aa26c7ce0ac9a5ee05d2b95/conversations -> HTTP 403 (next candidate)
[2026-09-22 02:25:22] GET /api/agents/6aa26c7ce0ac9a5ee05d2b95/conversations/6aa26c825d5b4135ae6b48b5/messages -> HTTP 403 (next candidate)
[2026-09-22 02:25:22] GET /api/agents/6aa26c7ce0ac9a5ee05d2b95/conversations/6aa26c825d5b4135ae6b48b5 -> HTTP 403 (next candidate)
[2026-09-22 02:25:22] GET /api/agents/6aa26c7ce0ac9a5ee05d2b95/conversations -> HTTP 403 (next candidate)
[2026-09-22 02:25:32] GET /api/agents/6aa26c7ce0ac9a5ee05d2b95/conversations/6aa26c825d5b4135ae6b48b5/messages -> HTTP 403 (next candidate)
[2026-09-22 02:25:32] GET /api/agents/6aa26c7ce0ac9a5ee05d2b95/conversations/6aa26c825d5b4135ae6b48b5 -> HTTP 403 (next candidate)
[2026-09-22 02:25:32] GET /api/agents/6aa26c7ce0ac9a5ee05d2b95/conversations -> HTTP 403 (next candidate)
[2026-09-22 02:25:42] GET /api/agents/6aa26c7ce0ac9a5ee05d2b95/conversations/6aa26c825d5b4135ae6b48b5/messages -> HTTP 403 (next candidate)
[2026-09-22 02:25:42] GET /api/agents/6aa26c7ce0ac9a5ee05d2b95/conversations/6aa26c825d5b4135ae6b48b5 -> HTTP 403 (next candidate)
[2026-09-22 02:25:42] GET /api/agents/6aa26c7ce0ac9a5ee05d2b95/conversations -> HTTP 403 (next candidate)
[2026-09-22 02:25:53] GET /api/agents/6aa26c7ce0ac9a5ee05d2b95/conversations/6aa26c825d5b4135ae6b48b5/messages -> HTTP 403 (next candidate)
[2026-09-22 02:25:53] GET /api/agents/6aa26c7ce0ac9a5ee05d2b95/conversations/6aa26c825d5b4135ae6b48b5 -> HTTP 403 (next candidate)
[2026-09-22 02:25:53] GET /api/agents/6aa26c7ce0ac9a5ee05d2b95/conversations -> HTTP 403 (next candidate)
[2026-09-22 02:26:03] GET /api/agents/6aa26c7ce0ac9a5ee05d2b95/conversations/6aa26c825d5b4135ae6b48b5/messages -> HTTP 403 (next candidate)
[2026-09-22 02:26:03] GET /api/agents/6aa26c7ce0ac9a5ee05d2b95/conversations/6aa26c825d5b4135ae6b48b5 -> HTTP 403 (next candidate)
[2026-09-22 02:26:03] GET /api/agents/6aa26c7ce0ac9a5ee05d2b95/conversations -> HTTP 403 (next candidate)
[2026-09-22 02:26:14] GET /api/agents/6aa26c7ce0ac9a5ee05d2b95/conversations/6aa26c825d5b4135ae6b48b5/messages -> HTTP 403 (next candidate)
[2026-09-22 02:26:14] GET /api/agents/6aa26c7ce0ac9a5ee05d2b95/conversations/6aa26c825d5b4135ae6b48b5 -> HTTP 403 (next candidate)
[2026-09-22 02:26:14] GET /api/agents/6aa26c7ce0ac9a5ee05d2b95/conversations -> HTTP 403 (next candidate)
[2026-09-22 02:26:24] GET /api/agents/6aa26c7ce0ac9a5ee05d2b95/conversations/6aa26c825d5b4135ae6b48b5/messages -> HTTP 403 (next candidate)
[2026-09-22 02:26:24] GET /api/agents/6aa26c7ce0ac9a5ee05d2b95/conversations/6aa26c825d5b4135ae6b48b5 -> HTTP 403 (next candidate)
[2026-09-22 02:26:24] GET /api/agents/6aa26c7ce0ac9a5ee05d2b95/conversations -> HTTP 403 (next candidate)
[2026-09-22 02:26:34] GET /api/agents/6aa26c7ce0ac9a5ee05d2b95/conversations/6aa26c825d5b4135ae6b48b5/messages -> HTTP 403 (next candidate)
[2026-09-22 02:26:34] GET /api/agents/6aa26c7ce0ac9a5ee05d2b95/conversations/6aa26c825d5b4135ae6b48b5 -> HTTP 403 (next candidate)
[2026-09-22 02:26:35] GET /api/agents/6aa26c7ce0ac9a5ee05d2b95/conversations -> HTTP 403 (next candidate)
[2026-09-22 02:26:45] GET /api/agents/6aa26c7ce0ac9a5ee05d2b95/conversations/6aa26c825d5b4135ae6b48b5/messages -> HTTP 403 (next candidate)
[2026-09-22 02:26:45] GET /api/agents/6aa26c7ce0ac9a5ee05d2b95/conversations/6aa26c825d5b4135ae6b48b5 -> HTTP 403 (next candidate)
[2026-09-22 02:26:45] GET /api/agents/6aa26c7ce0ac9a5ee05d2b95/conversations -> HTTP 403 (next candidate)
[2026-09-22 02:26:55] GET /api/agents/6aa26c7ce0ac9a5ee05d2b95/conversations/6aa26c825d5b4135ae6b48b5/messages -> HTTP 403 (next candidate)
[2026-09-22 02:26:55] GET /api/agents/6aa26c7ce0ac9a5ee05d2b95/conversations/6aa26c825d5b4135ae6b48b5 -> HTTP 403 (next candidate)
[2026-09-22 02:26:55] GET /api/agents/6aa26c7ce0ac9a5ee05d2b95/conversations -> HTTP 403 (next candidate)
[2026-09-22 02:27:05] GET /api/agents/6aa26c7ce0ac9a5ee05d2b95/conversations/6aa26c825d5b4135ae6b48b5/messages -> HTTP 403 (next candidate)
[2026-09-22 02:27:06] GET /api/agents/6aa26c7ce0ac9a5ee05d2b95/conversations/6aa26c825d5b4135ae6b48b5 -> HTTP 403 (next candidate)
[2026-09-22 02:27:06] GET /api/agents/6aa26c7ce0ac9a5ee05d2b95/conversations -> HTTP 403 (next candidate)
[2026-09-22 02:27:16] GET /api/agents/6aa26c7ce0ac9a5ee05d2b95/conversations/6aa26c825d5b4135ae6b48b5/messages -> HTTP 403 (next candidate)
[2026-09-22 02:27:16] GET /api/agents/6aa26c7ce0ac9a5ee05d2b95/conversations/6aa26c825d5b4135ae6b48b5 -> HTTP 403 (next candidate)
[2026-09-22 02:27:16] GET /api/agents/6aa26c7ce0ac9a5ee05d2b95/conversations -> HTTP 403 (next candidate)
[2026-09-22 02:27:26] GET /api/agents/6aa26c7ce0ac9a5ee05d2b95/conversations/6aa26c825d5b4135ae6b48b5/messages -> HTTP 403 (next candidate)
[2026-09-22 02:27:26] GET /api/agents/6aa26c7ce0ac9a5ee05d2b95/conversations/6aa26c825d5b4135ae6b48b5 -> HTTP 403 (next candidate)
[2026-09-22 02:27:26] GET /api/agents/6aa26c7ce0ac9a5ee05d2b95/conversations -> HTTP 403 (next candidate)
[2026-09-22 02:27:36] GET /api/agents/6aa26c7ce0ac9a5ee05d2b95/conversations/6aa26c825d5b4135ae6b48b5/messages -> HTTP 403 (next candidate)
[2026-09-22 02:27:37] GET /api/agents/6aa26c7ce0ac9a5ee05d2b95/conversations/6aa26c825d5b4135ae6b48b5 -> HTTP 403 (next candidate)
[2026-09-22 02:27:37] GET /api/agents/6aa26c7ce0ac9a5ee05d2b95/conversations -> HTTP 403 (next candidate)
[2026-09-22 02:27:47] GET /api/agents/6aa26c7ce0ac9a5ee05d2b95/conversations/6aa26c825d5b4135ae6b48b5/messages -> HTTP 403 (next candidate)
[2026-09-22 02:27:47] GET /api/agents/6aa26c7ce0ac9a5ee05d2b95/conversations/6aa26c825d5b4135ae6b48b5 -> HTTP 403 (next candidate)
[2026-09-22 02:27:47] GET /api/agents/6aa26c7ce0ac9a5ee05d2b95/conversations -> HTTP 403 (next candidate)
[2026-09-22 02:27:57] GET /api/agents/6aa26c7ce0ac9a5ee05d2b95/conversations/6aa26c825d5b4135ae6b48b5/messages -> HTTP 403 (next candidate)
[2026-09-22 02:27:57] GET /api/agents/6aa26c7ce0ac9a5ee05d2b95/conversations/6aa26c825d5b4135ae6b48b5 -> HTTP 403 (next candidate)
[2026-09-22 02:27:57] GET /api/agents/6aa26c7ce0ac9a5ee05d2b95/conversations -> HTTP 403 (next candidate)
[2026-09-22 02:28:08] GET /api/agents/6aa26c7ce0ac9a5ee05d2b95/conversations/6aa26c825d5b4135ae6b48b5/messages -> HTTP 403 (next candidate)
[2026-09-22 02:28:08] GET /api/agents/6aa26c7ce0ac9a5ee05d2b95/conversations/6aa26c825d5b4135ae6b48b5 -> HTTP 403 (next candidate)
[2026-09-22 02:28:08] GET /api/agents/6aa26c7ce0ac9a5ee05d2b95/conversations -> HTTP 403 (next candidate)
[2026-09-22 02:28:18] GET /api/agents/6aa26c7ce0ac9a5ee05d2b95/conversations/6aa26c825d5b4135ae6b48b5/messages -> HTTP 403 (next candidate)
[2026-09-22 02:28:18] GET /api/agents/6aa26c7ce0ac9a5ee05d2b95/conversations/6aa26c825d5b4135ae6b48b5 -> HTTP 403 (next candidate)
[2026-09-22 02:28:18] GET /api/agents/6aa26c7ce0ac9a5ee05d2b95/conversations -> HTTP 403 (next candidate)
[2026-09-22 02:28:28] GET /api/agents/6aa26c7ce0ac9a5ee05d2b95/conversations/6aa26c825d5b4135ae6b48b5/messages -> HTTP 403 (next candidate)
[2026-09-22 02:28:29] GET /api/agents/6aa26c7ce0ac9a5ee05d2b95/conversations/6aa26c825d5b4135ae6b48b5 -> HTTP 403 (next candidate)
[2026-09-22 02:28:29] GET /api/agents/6aa26c7ce0ac9a5ee05d2b95/conversations -> HTTP 403 (next candidate)
[2026-09-22 02:28:39] GET /api/agents/6aa26c7ce0ac9a5ee05d2b95/conversations/6aa26c825d5b4135ae6b48b5/messages -> HTTP 403 (next candidate)
[2026-09-22 02:28:39] GET /api/agents/6aa26c7ce0ac9a5ee05d2b95/conversations/6aa26c825d5b4135ae6b48b5 -> HTTP 403 (next candidate)
[2026-09-22 02:28:39] GET /api/agents/6aa26c7ce0ac9a5ee05d2b95/conversations -> HTTP 403 (next candidate)
[2026-09-22 02:28:49] GET /api/agents/6aa26c7ce0ac9a5ee05d2b95/conversations/6aa26c825d5b4135ae6b48b5/messages -> HTTP 403 (next candidate)
[2026-09-22 02:28:49] GET /api/agents/6aa26c7ce0ac9a5ee05d2b95/conversations/6aa26c825d5b4135ae6b48b5 -> HTTP 403 (next candidate)
[2026-09-22 02:28:50] GET /api/agents/6aa26c7ce0ac9a5ee05d2b95/conversations -> HTTP 403 (next candidate)
[2026-09-22 02:29:00] GET /api/agents/6aa26c7ce0ac9a5ee05d2b95/conversations/6aa26c825d5b4135ae6b48b5/messages -> HTTP 403 (next candidate)
[2026-09-22 02:29:00] GET /api/agents/6aa26c7ce0ac9a5ee05d2b95/conversations/6aa26c825d5b4135ae6b48b5 -> HTTP 403 (next candidate)
[2026-09-22 02:29:00] GET /api/agents/6aa26c7ce0ac9a5ee05d2b95/conversations -> HTTP 403 (next candidate)
[2026-09-22 02:29:10] GET /api/agents/6aa26c7ce0ac9a5ee05d2b95/conversations/6aa26c825d5b4135ae6b48b5/messages -> HTTP 403 (next candidate)
[2026-09-22 02:29:10] GET /api/agents/6aa26c7ce0ac9a5ee05d2b95/conversations/6aa26c825d5b4135ae6b48b5 -> HTTP 403 (next candidate)
[2026-09-22 02:29:10] GET /api/agents/6aa26c7ce0ac9a5ee05d2b95/conversations -> HTTP 403 (next candidate)
[2026-09-22 02:29:21] GET /api/agents/6aa26c7ce0ac9a5ee05d2b95/conversations/6aa26c825d5b4135ae6b48b5/messages -> HTTP 403 (next candidate)
[2026-09-22 02:29:21] GET /api/agents/6aa26c7ce0ac9a5ee05d2b95/conversations/6aa26c825d5b4135ae6b48b5 -> HTTP 403 (next candidate)
[2026-09-22 02:29:21] GET /api/agents/6aa26c7ce0ac9a5ee05d2b95/conversations -> HTTP 403 (next candidate)
[2026-09-22 02:29:31] GET /api/agents/6aa26c7ce0ac9a5ee05d2b95/conversations/6aa26c825d5b4135ae6b48b5/messages -> HTTP 403 (next candidate)
[2026-09-22 02:29:31] GET /api/agents/6aa26c7ce0ac9a5ee05d2b95/conversations/6aa26c825d5b4135ae6b48b5 -> HTTP 403 (next candidate)
[2026-09-22 02:29:31] GET /api/agents/6aa26c7ce0ac9a5ee05d2b95/conversations -> HTTP 403 (next candidate)
[2026-09-22 02:29:41] GET /api/agents/6aa26c7ce0ac9a5ee05d2b95/conversations/6aa26c825d5b4135ae6b48b5/messages -> HTTP 403 (next candidate)
[2026-09-22 02:29:42] GET /api/agents/6aa26c7ce0ac9a5ee05d2b95/conversations/6aa26c825d5b4135ae6b48b5 -> HTTP 403 (next candidate)
[2026-09-22 02:29:42] GET /api/agents/6aa26c7ce0ac9a5ee05d2b95/conversations -> HTTP 403 (next candidate)
[2026-09-22 02:29:52] GET /api/agents/6aa26c7ce0ac9a5ee05d2b95/conversations/6aa26c825d5b4135ae6b48b5/messages -> HTTP 403 (next candidate)
[2026-09-22 02:29:52] GET /api/agents/6aa26c7ce0ac9a5ee05d2b95/conversations/6aa26c825d5b4135ae6b48b5 -> HTTP 403 (next candidate)
[2026-09-22 02:29:52] GET /api/agents/6aa26c7ce0ac9a5ee05d2b95/conversations -> HTTP 403 (next candidate)
[2026-09-22 02:30:02] GET /api/agents/6aa26c7ce0ac9a5ee05d2b95/conversations/6aa26c825d5b4135ae6b48b5/messages -> HTTP 403 (next candidate)
[2026-09-22 02:30:02] GET /api/agents/6aa26c7ce0ac9a5ee05d2b95/conversations/6aa26c825d5b4135ae6b48b5 -> HTTP 403 (next candidate)
[2026-09-22 02:30:03] GET /api/agents/6aa26c7ce0ac9a5ee05d2b95/conversations -> HTTP 403 (next candidate)
[2026-09-22 02:30:13] GET /api/agents/6aa26c7ce0ac9a5ee05d2b95/conversations/6aa26c825d5b4135ae6b48b5/messages -> HTTP 403 (next candidate)
[2026-09-22 02:30:13] GET /api/agents/6aa26c7ce0ac9a5ee05d2b95/conversations/6aa26c825d5b4135ae6b48b5 -> HTTP 403 (next candidate)
[2026-09-22 02:30:13] GET /api/agents/6aa26c7ce0ac9a5ee05d2b95/conversations -> HTTP 403 (next candidate)
[2026-09-22 02:30:23] GET /api/agents/6aa26c7ce0ac9a5ee05d2b95/conversations/6aa26c825d5b4135ae6b48b5/messages -> HTTP 403 (next candidate)
[2026-09-22 02:30:23] GET /api/agents/6aa26c7ce0ac9a5ee05d2b95/conversations/6aa26c825d5b4135ae6b48b5 -> HTTP 403 (next candidate)
[2026-09-22 02:30:23] GET /api/agents/6aa26c7ce0ac9a5ee05d2b95/conversations -> HTTP 403 (next candidate)
[2026-09-22 02:30:33] GET /api/agents/6aa26c7ce0ac9a5ee05d2b95/conversations/6aa26c825d5b4135ae6b48b5/messages -> HTTP 403 (next candidate)
[2026-09-22 02:30:34] GET /api/agents/6aa26c7ce0ac9a5ee05d2b95/conversations/6aa26c825d5b4135ae6b48b5 -> HTTP 403 (next candidate)
[2026-09-22 02:30:34] GET /api/agents/6aa26c7ce0ac9a5ee05d2b95/conversations -> HTTP 403 (next candidate)
[2026-09-22 02:30:44] GET /api/agents/6aa26c7ce0ac9a5ee05d2b95/conversations/6aa26c825d5b4135ae6b48b5/messages -> HTTP 403 (next candidate)
[2026-09-22 02:30:44] GET /api/agents/6aa26c7ce0ac9a5ee05d2b95/conversations/6aa26c825d5b4135ae6b48b5 -> HTTP 403 (next candidate)
[2026-09-22 02:30:44] GET /api/agents/6aa26c7ce0ac9a5ee05d2b95/conversations -> HTTP 403 (next candidate)
[2026-09-22 02:30:54] GET /api/agents/6aa26c7ce0ac9a5ee05d2b95/conversations/6aa26c825d5b4135ae6b48b5/messages -> HTTP 403 (next candidate)
[2026-09-22 02:30:54] GET /api/agents/6aa26c7ce0ac9a5ee05d2b95/conversations/6aa26c825d5b4135ae6b48b5 -> HTTP 403 (next candidate)
[2026-09-22 02:30:54] GET /api/agents/6aa26c7ce0ac9a5ee05d2b95/conversations -> HTTP 403 (next candidate)
[2026-09-22 02:31:04] GET /api/agents/6aa26c7ce0ac9a5ee05d2b95/conversations/6aa26c825d5b4135ae6b48b5/messages -> HTTP 403 (next candidate)
[2026-09-22 02:31:05] GET /api/agents/6aa26c7ce0ac9a5ee05d2b95/conversations/6aa26c825d5b4135ae6b48b5 -> HTTP 403 (next candidate)
[2026-09-22 02:31:05] GET /api/agents/6aa26c7ce0ac9a5ee05d2b95/conversations -> HTTP 403 (next candidate)
[2026-09-22 02:31:15] GET /api/agents/6aa26c7ce0ac9a5ee05d2b95/conversations/6aa26c825d5b4135ae6b48b5/messages -> HTTP 403 (next candidate)
[2026-09-22 02:31:15] GET /api/agents/6aa26c7ce0ac9a5ee05d2b95/conversations/6aa26c825d5b4135ae6b48b5 -> HTTP 403 (next candidate)
[2026-09-22 02:31:15] GET /api/agents/6aa26c7ce0ac9a5ee05d2b95/conversations -> HTTP 403 (next candidate)
[2026-09-22 02:31:25] GET /api/agents/6aa26c7ce0ac9a5ee05d2b95/conversations/6aa26c825d5b4135ae6b48b5/messages -> HTTP 403 (next candidate)
[2026-09-22 02:31:26] GET /api/agents/6aa26c7ce0ac9a5ee05d2b95/conversations/6aa26c825d5b4135ae6b48b5 -> HTTP 403 (next candidate)
[2026-09-22 02:31:26] GET /api/agents/6aa26c7ce0ac9a5ee05d2b95/conversations -> HTTP 403 (next candidate)
[2026-09-22 02:31:36] GET /api/agents/6aa26c7ce0ac9a5ee05d2b95/conversations/6aa26c825d5b4135ae6b48b5/messages -> HTTP 403 (next candidate)
[2026-09-22 02:31:36] GET /api/agents/6aa26c7ce0ac9a5ee05d2b95/conversations/6aa26c825d5b4135ae6b48b5 -> HTTP 403 (next candidate)
[2026-09-22 02:31:36] GET /api/agents/6aa26c7ce0ac9a5ee05d2b95/conversations -> HTTP 403 (next candidate)
[2026-09-22 02:31:46] GET /api/agents/6aa26c7ce0ac9a5ee05d2b95/conversations/6aa26c825d5b4135ae6b48b5/messages -> HTTP 403 (next candidate)
[2026-09-22 02:31:46] GET /api/agents/6aa26c7ce0ac9a5ee05d2b95/conversations/6aa26c825d5b4135ae6b48b5 -> HTTP 403 (next candidate)
[2026-09-22 02:31:46] GET /api/agents/6aa26c7ce0ac9a5ee05d2b95/conversations -> HTTP 403 (next candidate)
[2026-09-22 02:31:56] GET /api/agents/6aa26c7ce0ac9a5ee05d2b95/conversations/6aa26c825d5b4135ae6b48b5/messages -> HTTP 403 (next candidate)
[2026-09-22 02:31:57] GET /api/agents/6aa26c7ce0ac9a5ee05d2b95/conversations/6aa26c825d5b4135ae6b48b5 -> HTTP 403 (next candidate)
[2026-09-22 02:31:57] GET /api/agents/6aa26c7ce0ac9a5ee05d2b95/conversations -> HTTP 403 (next candidate)
[2026-09-22 02:32:07] GET /api/agents/6aa26c7ce0ac9a5ee05d2b95/conversations/6aa26c825d5b4135ae6b48b5/messages -> HTTP 403 (next candidate)
[2026-09-22 02:32:07] GET /api/agents/6aa26c7ce0ac9a5ee05d2b95/conversations/6aa26c825d5b4135ae6b48b5 -> HTTP 403 (next candidate)
[2026-09-22 02:32:07] GET /api/agents/6aa26c7ce0ac9a5ee05d2b95/conversations -> HTTP 403 (next candidate)
[2026-09-22 02:32:17] GET /api/agents/6aa26c7ce0ac9a5ee05d2b95/conversations/6aa26c825d5b4135ae6b48b5/messages -> HTTP 403 (next candidate)
[2026-09-22 02:32:17] GET /api/agents/6aa26c7ce0ac9a5ee05d2b95/conversations/6aa26c825d5b4135ae6b48b5 -> HTTP 403 (next candidate)
[2026-09-22 02:32:17] GET /api/agents/6aa26c7ce0ac9a5ee05d2b95/conversations -> HTTP 403 (next candidate)
[2026-09-22 02:32:28] GET /api/agents/6aa26c7ce0ac9a5ee05d2b95/conversations/6aa26c825d5b4135ae6b48b5/messages -> HTTP 403 (next candidate)
[2026-09-22 02:32:28] GET /api/agents/6aa26c7ce0ac9a5ee05d2b95/conversations/6aa26c825d5b4135ae6b48b5 -> HTTP 403 (next candidate)
[2026-09-22 02:32:28] GET /api/agents/6aa26c7ce0ac9a5ee05d2b95/conversations -> HTTP 403 (next candidate)
[2026-09-22 02:32:38] GET /api/agents/6aa26c7ce0ac9a5ee05d2b95/conversations/6aa26c825d5b4135ae6b48b5/messages -> HTTP 403 (next candidate)
[2026-09-22 02:32:38] GET /api/agents/6aa26c7ce0ac9a5ee05d2b95/conversations/6aa26c825d5b4135ae6b48b5 -> HTTP 403 (next candidate)
[2026-09-22 02:32:38] GET /api/agents/6aa26c7ce0ac9a5ee05d2b95/conversations -> HTTP 403 (next candidate)
[2026-09-22 02:32:48] GET /api/agents/6aa26c7ce0ac9a5ee05d2b95/conversations/6aa26c825d5b4135ae6b48b5/messages -> HTTP 403 (next candidate)
[2026-09-22 02:32:49] GET /api/agents/6aa26c7ce0ac9a5ee05d2b95/conversations/6aa26c825d5b4135ae6b48b5 -> HTTP 403 (next candidate)
[2026-09-22 02:32:49] GET /api/agents/6aa26c7ce0ac9a5ee05d2b95/conversations -> HTTP 403 (next candidate)
[2026-09-22 02:32:59] GET /api/agents/6aa26c7ce0ac9a5ee05d2b95/conversations/6aa26c825d5b4135ae6b48b5/messages -> HTTP 403 (next candidate)
[2026-09-22 02:32:59] GET /api/agents/6aa26c7ce0ac9a5ee05d2b95/conversations/6aa26c825d5b4135ae6b48b5 -> HTTP 403 (next candidate)
[2026-09-22 02:32:59] GET /api/agents/6aa26c7ce0ac9a5ee05d2b95/conversations -> HTTP 403 (next candidate)
[2026-09-22 02:33:09] GET /api/agents/6aa26c7ce0ac9a5ee05d2b95/conversations/6aa26c825d5b4135ae6b48b5/messages -> HTTP 403 (next candidate)
[2026-09-22 02:33:09] GET /api/agents/6aa26c7ce0ac9a5ee05d2b95/conversations/6aa26c825d5b4135ae6b48b5 -> HTTP 403 (next candidate)
[2026-09-22 02:33:09] GET /api/agents/6aa26c7ce0ac9a5ee05d2b95/conversations -> HTTP 403 (next candidate)
[2026-09-22 02:33:20] GET /api/agents/6aa26c7ce0ac9a5ee05d2b95/conversations/6aa26c825d5b4135ae6b48b5/messages -> HTTP 403 (next candidate)
[2026-09-22 02:33:20] GET /api/agents/6aa26c7ce0ac9a5ee05d2b95/conversations/6aa26c825d5b4135ae6b48b5 -> HTTP 403 (next candidate)
[2026-09-22 02:33:20] GET /api/agents/6aa26c7ce0ac9a5ee05d2b95/conversations -> HTTP 403 (next candidate)
[2026-09-22 02:33:30] GET /api/agents/6aa26c7ce0ac9a5ee05d2b95/conversations/6aa26c825d5b4135ae6b48b5/messages -> HTTP 403 (next candidate)
[2026-09-22 02:33:30] GET /api/agents/6aa26c7ce0ac9a5ee05d2b95/conversations/6aa26c825d5b4135ae6b48b5 -> HTTP 403 (next candidate)
[2026-09-22 02:33:30] GET /api/agents/6aa26c7ce0ac9a5ee05d2b95/conversations -> HTTP 403 (next candidate)
[2026-09-22 02:33:40] GET /api/agents/6aa26c7ce0ac9a5ee05d2b95/conversations/6aa26c825d5b4135ae6b48b5/messages -> HTTP 403 (next candidate)
[2026-09-22 02:33:40] GET /api/agents/6aa26c7ce0ac9a5ee05d2b95/conversations/6aa26c825d5b4135ae6b48b5 -> HTTP 403 (next candidate)
[2026-09-22 02:33:41] GET /api/agents/6aa26c7ce0ac9a5ee05d2b95/conversations -> HTTP 403 (next candidate)
[2026-09-22 02:33:51] GET /api/agents/6aa26c7ce0ac9a5ee05d2b95/conversations/6aa26c825d5b4135ae6b48b5/messages -> HTTP 403 (next candidate)
[2026-09-22 02:33:51] GET /api/agents/6aa26c7ce0ac9a5ee05d2b95/conversations/6aa26c825d5b4135ae6b48b5 -> HTTP 403 (next candidate)
[2026-09-22 02:33:51] GET /api/agents/6aa26c7ce0ac9a5ee05d2b95/conversations -> HTTP 403 (next candidate)
[2026-09-22 02:34:01] GET /api/agents/6aa26c7ce0ac9a5ee05d2b95/conversations/6aa26c825d5b4135ae6b48b5/messages -> HTTP 403 (next candidate)
[2026-09-22 02:34:01] GET /api/agents/6aa26c7ce0ac9a5ee05d2b95/conversations/6aa26c825d5b4135ae6b48b5 -> HTTP 403 (next candidate)
[2026-09-22 02:34:02] GET /api/agents/6aa26c7ce0ac9a5ee05d2b95/conversations -> HTTP 403 (next candidate)
[2026-09-22 02:34:12] GET /api/agents/6aa26c7ce0ac9a5ee05d2b95/conversations/6aa26c825d5b4135ae6b48b5/messages -> HTTP 403 (next candidate)
[2026-09-22 02:34:12] GET /api/agents/6aa26c7ce0ac9a5ee05d2b95/conversations/6aa26c825d5b4135ae6b48b5 -> HTTP 403 (next candidate)
[2026-09-22 02:34:12] GET /api/agents/6aa26c7ce0ac9a5ee05d2b95/conversations -> HTTP 403 (next candidate)
[2026-09-22 02:34:22] GET /api/agents/6aa26c7ce0ac9a5ee05d2b95/conversations/6aa26c825d5b4135ae6b48b5/messages -> HTTP 403 (next candidate)
[2026-09-22 02:34:22] GET /api/agents/6aa26c7ce0ac9a5ee05d2b95/conversations/6aa26c825d5b4135ae6b48b5 -> HTTP 403 (next candidate)
[2026-09-22 02:34:22] GET /api/agents/6aa26c7ce0ac9a5ee05d2b95/conversations -> HTTP 403 (next candidate)
[2026-09-22 02:34:32] GET /api/agents/6aa26c7ce0ac9a5ee05d2b95/conversations/6aa26c825d5b4135ae6b48b5/messages -> HTTP 403 (next candidate)
[2026-09-22 02:34:33] GET /api/agents/6aa26c7ce0ac9a5ee05d2b95/conversations/6aa26c825d5b4135ae6b48b5 -> HTTP 403 (next candidate)
[2026-09-22 02:34:33] GET /api/agents/6aa26c7ce0ac9a5ee05d2b95/conversations -> HTTP 403 (next candidate)
[2026-09-22 02:34:43] GET /api/agents/6aa26c7ce0ac9a5ee05d2b95/conversations/6aa26c825d5b4135ae6b48b5/messages -> HTTP 403 (next candidate)
[2026-09-22 02:34:43] GET /api/agents/6aa26c7ce0ac9a5ee05d2b95/conversations/6aa26c825d5b4135ae6b48b5 -> HTTP 403 (next candidate)
[2026-09-22 02:34:43] GET /api/agents/6aa26c7ce0ac9a5ee05d2b95/conversations -> HTTP 403 (next candidate)
[2026-09-22 02:34:53] GET /api/agents/6aa26c7ce0ac9a5ee05d2b95/conversations/6aa26c825d5b4135ae6b48b5/messages -> HTTP 403 (next candidate)
[2026-09-22 02:34:53] GET /api/agents/6aa26c7ce0ac9a5ee05d2b95/conversations/6aa26c825d5b4135ae6b48b5 -> HTTP 403 (next candidate)
[2026-09-22 02:34:53] GET /api/agents/6aa26c7ce0ac9a5ee05d2b95/conversations -> HTTP 403 (next candidate)
[2026-09-22 02:35:04] GET /api/agents/6aa26c7ce0ac9a5ee05d2b95/conversations/6aa26c825d5b4135ae6b48b5/messages -> HTTP 403 (next candidate)
[2026-09-22 02:35:04] GET /api/agents/6aa26c7ce0ac9a5ee05d2b95/conversations/6aa26c825d5b4135ae6b48b5 -> HTTP 403 (next candidate)
[2026-09-22 02:35:04] GET /api/agents/6aa26c7ce0ac9a5ee05d2b95/conversations -> HTTP 403 (next candidate)
[2026-09-22 02:35:14] GET /api/agents/6aa26c7ce0ac9a5ee05d2b95/conversations/6aa26c825d5b4135ae6b48b5/messages -> HTTP 403 (next candidate)
[2026-09-22 02:35:14] GET /api/agents/6aa26c7ce0ac9a5ee05d2b95/conversations/6aa26c825d5b4135ae6b48b5 -> HTTP 403 (next candidate)
[2026-09-22 02:35:14] GET /api/agents/6aa26c7ce0ac9a5ee05d2b95/conversations -> HTTP 403 (next candidate)
[2026-09-22 02:35:24] GET /api/agents/6aa26c7ce0ac9a5ee05d2b95/conversations/6aa26c825d5b4135ae6b48b5/messages -> HTTP 403 (next candidate)
[2026-09-22 02:35:24] GET /api/agents/6aa26c7ce0ac9a5ee05d2b95/conversations/6aa26c825d5b4135ae6b48b5 -> HTTP 403 (next candidate)
[2026-09-22 02:35:24] GET /api/agents/6aa26c7ce0ac9a5ee05d2b95/conversations -> HTTP 403 (next candidate)
[2026-09-22 02:35:35] GET /api/agents/6aa26c7ce0ac9a5ee05d2b95/conversations/6aa26c825d5b4135ae6b48b5/messages -> HTTP 403 (next candidate)
[2026-09-22 02:35:35] GET /api/agents/6aa26c7ce0ac9a5ee05d2b95/conversations/6aa26c825d5b4135ae6b48b5 -> HTTP 403 (next candidate)
[2026-09-22 02:35:35] GET /api/agents/6aa26c7ce0ac9a5ee05d2b95/conversations -> HTTP 403 (next candidate)
[2026-09-22 02:35:45] GET /api/agents/6aa26c7ce0ac9a5ee05d2b95/conversations/6aa26c825d5b4135ae6b48b5/messages -> HTTP 403 (next candidate)
[2026-09-22 02:35:45] GET /api/agents/6aa26c7ce0ac9a5ee05d2b95/conversations/6aa26c825d5b4135ae6b48b5 -> HTTP 403 (next candidate)
[2026-09-22 02:35:45] GET /api/agents/6aa26c7ce0ac9a5ee05d2b95/conversations -> HTTP 403 (next candidate)
[2026-09-22 02:35:55] GET /api/agents/6aa26c7ce0ac9a5ee05d2b95/conversations/6aa26c825d5b4135ae6b48b5/messages -> HTTP 403 (next candidate)
[2026-09-22 02:35:55] GET /api/agents/6aa26c7ce0ac9a5ee05d2b95/conversations/6aa26c825d5b4135ae6b48b5 -> HTTP 403 (next candidate)
[2026-09-22 02:35:55] GET /api/agents/6aa26c7ce0ac9a5ee05d2b95/conversations -> HTTP 403 (next candidate)
[2026-09-22 02:36:06] GET /api/agents/6aa26c7ce0ac9a5ee05d2b95/conversations/6aa26c825d5b4135ae6b48b5/messages -> HTTP 403 (next candidate)
[2026-09-22 02:36:06] GET /api/agents/6aa26c7ce0ac9a5ee05d2b95/conversations/6aa26c825d5b4135ae6b48b5 -> HTTP 403 (next candidate)
[2026-09-22 02:36:06] GET /api/agents/6aa26c7ce0ac9a5ee05d2b95/conversations -> HTTP 403 (next candidate)
[2026-09-22 02:36:16] GET /api/agents/6aa26c7ce0ac9a5ee05d2b95/conversations/6aa26c825d5b4135ae6b48b5/messages -> HTTP 403 (next candidate)
[2026-09-22 02:36:16] GET /api/agents/6aa26c7ce0ac9a5ee05d2b95/conversations/6aa26c825d5b4135ae6b48b5 -> HTTP 403 (next candidate)
[2026-09-22 02:36:16] GET /api/agents/6aa26c7ce0ac9a5ee05d2b95/conversations -> HTTP 403 (next candidate)
[2026-09-22 02:36:26] GET /api/agents/6aa26c7ce0ac9a5ee05d2b95/conversations/6aa26c825d5b4135ae6b48b5/messages -> HTTP 403 (next candidate)
[2026-09-22 02:36:26] GET /api/agents/6aa26c7ce0ac9a5ee05d2b95/conversations/6aa26c825d5b4135ae6b48b5 -> HTTP 403 (next candidate)
[2026-09-22 02:36:27] GET /api/agents/6aa26c7ce0ac9a5ee05d2b95/conversations -> HTTP 403 (next candidate)
[2026-09-22 02:36:37] GET /api/agents/6aa26c7ce0ac9a5ee05d2b95/conversations/6aa26c825d5b4135ae6b48b5/messages -> HTTP 403 (next candidate)
[2026-09-22 02:36:37] GET /api/agents/6aa26c7ce0ac9a5ee05d2b95/conversations/6aa26c825d5b4135ae6b48b5 -> HTTP 403 (next candidate)
[2026-09-22 02:36:37] GET /api/agents/6aa26c7ce0ac9a5ee05d2b95/conversations -> HTTP 403 (next candidate)
[2026-09-22 02:36:47] GET /api/agents/6aa26c7ce0ac9a5ee05d2b95/conversations/6aa26c825d5b4135ae6b48b5/messages -> HTTP 403 (next candidate)
[2026-09-22 02:36:47] GET /api/agents/6aa26c7ce0ac9a5ee05d2b95/conversations/6aa26c825d5b4135ae6b48b5 -> HTTP 403 (next candidate)
[2026-09-22 02:36:47] GET /api/agents/6aa26c7ce0ac9a5ee05d2b95/conversations -> HTTP 403 (next candidate)
[2026-09-22 02:36:58] GET /api/agents/6aa26c7ce0ac9a5ee05d2b95/conversations/6aa26c825d5b4135ae6b48b5/messages -> HTTP 403 (next candidate)
[2026-09-22 02:36:58] GET /api/agents/6aa26c7ce0ac9a5ee05d2b95/conversations/6aa26c825d5b4135ae6b48b5 -> HTTP 403 (next candidate)
[2026-09-22 02:36:58] GET /api/agents/6aa26c7ce0ac9a5ee05d2b95/conversations -> HTTP 403 (next candidate)
[2026-09-22 02:37:08] GET /api/agents/6aa26c7ce0ac9a5ee05d2b95/conversations/6aa26c825d5b4135ae6b48b5/messages -> HTTP 403 (next candidate)
[2026-09-22 02:37:08] GET /api/agents/6aa26c7ce0ac9a5ee05d2b95/conversations/6aa26c825d5b4135ae6b48b5 -> HTTP 403 (next candidate)
[2026-09-22 02:37:08] GET /api/agents/6aa26c7ce0ac9a5ee05d2b95/conversations -> HTTP 403 (next candidate)
[2026-09-22 02:37:18] GET /api/agents/6aa26c7ce0ac9a5ee05d2b95/conversations/6aa26c825d5b4135ae6b48b5/messages -> HTTP 403 (next candidate)
[2026-09-22 02:37:18] GET /api/agents/6aa26c7ce0ac9a5ee05d2b95/conversations/6aa26c825d5b4135ae6b48b5 -> HTTP 403 (next candidate)
[2026-09-22 02:37:18] GET /api/agents/6aa26c7ce0ac9a5ee05d2b95/conversations -> HTTP 403 (next candidate)
[2026-09-22 02:37:29] GET /api/agents/6aa26c7ce0ac9a5ee05d2b95/conversations/6aa26c825d5b4135ae6b48b5/messages -> HTTP 403 (next candidate)
[2026-09-22 02:37:29] GET /api/agents/6aa26c7ce0ac9a5ee05d2b95/conversations/6aa26c825d5b4135ae6b48b5 -> HTTP 403 (next candidate)
[2026-09-22 02:37:29] GET /api/agents/6aa26c7ce0ac9a5ee05d2b95/conversations -> HTTP 403 (next candidate)
[2026-09-22 02:37:39] GET /api/agents/6aa26c7ce0ac9a5ee05d2b95/conversations/6aa26c825d5b4135ae6b48b5/messages -> HTTP 403 (next candidate)
[2026-09-22 02:37:39] GET /api/agents/6aa26c7ce0ac9a5ee05d2b95/conversations/6aa26c825d5b4135ae6b48b5 -> HTTP 403 (next candidate)
[2026-09-22 02:37:39] GET /api/agents/6aa26c7ce0ac9a5ee05d2b95/conversations -> HTTP 403 (next candidate)
[2026-09-22 02:37:49] GET /api/agents/6aa26c7ce0ac9a5ee05d2b95/conversations/6aa26c825d5b4135ae6b48b5/messages -> HTTP 403 (next candidate)
[2026-09-22 02:37:49] GET /api/agents/6aa26c7ce0ac9a5ee05d2b95/conversations/6aa26c825d5b4135ae6b48b5 -> HTTP 403 (next candidate)
[2026-09-22 02:37:49] GET /api/agents/6aa26c7ce0ac9a5ee05d2b95/conversations -> HTTP 403 (next candidate)
[2026-09-22 02:38:00] GET /api/agents/6aa26c7ce0ac9a5ee05d2b95/conversations/6aa26c825d5b4135ae6b48b5/messages -> HTTP 403 (next candidate)
[2026-09-22 02:38:00] GET /api/agents/6aa26c7ce0ac9a5ee05d2b95/conversations/6aa26c825d5b4135ae6b48b5 -> HTTP 403 (next candidate)
[2026-09-22 02:38:00] GET /api/agents/6aa26c7ce0ac9a5ee05d2b95/conversations -> HTTP 403 (next candidate)
[2026-09-22 02:38:10] GET /api/agents/6aa26c7ce0ac9a5ee05d2b95/conversations/6aa26c825d5b4135ae6b48b5/messages -> HTTP 403 (next candidate)
[2026-09-22 02:38:10] GET /api/agents/6aa26c7ce0ac9a5ee05d2b95/conversations/6aa26c825d5b4135ae6b48b5 -> HTTP 403 (next candidate)
[2026-09-22 02:38:10] GET /api/agents/6aa26c7ce0ac9a5ee05d2b95/conversations -> HTTP 403 (next candidate)
[2026-09-22 02:38:20] GET /api/agents/6aa26c7ce0ac9a5ee05d2b95/conversations/6aa26c825d5b4135ae6b48b5/messages -> HTTP 403 (next candidate)
[2026-09-22 02:38:20] GET /api/agents/6aa26c7ce0ac9a5ee05d2b95/conversations/6aa26c825d5b4135ae6b48b5 -> HTTP 403 (next candidate)
[2026-09-22 02:38:21] GET /api/agents/6aa26c7ce0ac9a5ee05d2b95/conversations -> HTTP 403 (next candidate)
[2026-09-22 02:38:31] GET /api/agents/6aa26c7ce0ac9a5ee05d2b95/conversations/6aa26c825d5b4135ae6b48b5/messages -> HTTP 403 (next candidate)
[2026-09-22 02:38:31] GET /api/agents/6aa26c7ce0ac9a5ee05d2b95/conversations/6aa26c825d5b4135ae6b48b5 -> HTTP 403 (next candidate)
[2026-09-22 02:38:31] GET /api/agents/6aa26c7ce0ac9a5ee05d2b95/conversations -> HTTP 403 (next candidate)
[2026-09-22 02:38:41] GET /api/agents/6aa26c7ce0ac9a5ee05d2b95/conversations/6aa26c825d5b4135ae6b48b5/messages -> HTTP 403 (next candidate)
[2026-09-22 02:38:41] GET /api/agents/6aa26c7ce0ac9a5ee05d2b95/conversations/6aa26c825d5b4135ae6b48b5 -> HTTP 403 (next candidate)
[2026-09-22 02:38:41] GET /api/agents/6aa26c7ce0ac9a5ee05d2b95/conversations -> HTTP 403 (next candidate)
[2026-09-22 02:38:51] GET /api/agents/6aa26c7ce0ac9a5ee05d2b95/conversations/6aa26c825d5b4135ae6b48b5/messages -> HTTP 403 (next candidate)
[2026-09-22 02:38:51] GET /api/agents/6aa26c7ce0ac9a5ee05d2b95/conversations/6aa26c825d5b4135ae6b48b5 -> HTTP 403 (next candidate)
[2026-09-22 02:38:52] GET /api/agents/6aa26c7ce0ac9a5ee05d2b95/conversations -> HTTP 403 (next candidate)
[2026-09-22 02:39:02] GET /api/agents/6aa26c7ce0ac9a5ee05d2b95/conversations/6aa26c825d5b4135ae6b48b5/messages -> HTTP 403 (next candidate)
[2026-09-22 02:39:02] GET /api/agents/6aa26c7ce0ac9a5ee05d2b95/conversations/6aa26c825d5b4135ae6b48b5 -> HTTP 403 (next candidate)
[2026-09-22 02:39:02] GET /api/agents/6aa26c7ce0ac9a5ee05d2b95/conversations -> HTTP 403 (next candidate)
[2026-09-22 02:39:12] GET /api/agents/6aa26c7ce0ac9a5ee05d2b95/conversations/6aa26c825d5b4135ae6b48b5/messages -> HTTP 403 (next candidate)
[2026-09-22 02:39:12] GET /api/agents/6aa26c7ce0ac9a5ee05d2b95/conversations/6aa26c825d5b4135ae6b48b5 -> HTTP 403 (next candidate)
[2026-09-22 02:39:12] GET /api/agents/6aa26c7ce0ac9a5ee05d2b95/conversations -> HTTP 403 (next candidate)
[2026-09-22 02:39:22] GET /api/agents/6aa26c7ce0ac9a5ee05d2b95/conversations/6aa26c825d5b4135ae6b48b5/messages -> HTTP 403 (next candidate)
[2026-09-22 02:39:23] GET /api/agents/6aa26c7ce0ac9a5ee05d2b95/conversations/6aa26c825d5b4135ae6b48b5 -> HTTP 403 (next candidate)
[2026-09-22 02:39:23] GET /api/agents/6aa26c7ce0ac9a5ee05d2b95/conversations -> HTTP 403 (next candidate)
[2026-09-22 02:39:33] GET /api/agents/6aa26c7ce0ac9a5ee05d2b95/conversations/6aa26c825d5b4135ae6b48b5/messages -> HTTP 403 (next candidate)
[2026-09-22 02:39:33] GET /api/agents/6aa26c7ce0ac9a5ee05d2b95/conversations/6aa26c825d5b4135ae6b48b5 -> HTTP 403 (next candidate)
[2026-09-22 02:39:33] GET /api/agents/6aa26c7ce0ac9a5ee05d2b95/conversations -> HTTP 403 (next candidate)
[2026-09-22 02:39:43] GET /api/agents/6aa26c7ce0ac9a5ee05d2b95/conversations/6aa26c825d5b4135ae6b48b5/messages -> HTTP 403 (next candidate)
[2026-09-22 02:39:43] GET /api/agents/6aa26c7ce0ac9a5ee05d2b95/conversations/6aa26c825d5b4135ae6b48b5 -> HTTP 403 (next candidate)
[2026-09-22 02:39:43] GET /api/agents/6aa26c7ce0ac9a5ee05d2b95/conversations -> HTTP 403 (next candidate)
[2026-09-22 02:39:54] GET /api/agents/6aa26c7ce0ac9a5ee05d2b95/conversations/6aa26c825d5b4135ae6b48b5/messages -> HTTP 403 (next candidate)
[2026-09-22 02:39:54] GET /api/agents/6aa26c7ce0ac9a5ee05d2b95/conversations/6aa26c825d5b4135ae6b48b5 -> HTTP 403 (next candidate)
[2026-09-22 02:39:54] GET /api/agents/6aa26c7ce0ac9a5ee05d2b95/conversations -> HTTP 403 (next candidate)
[2026-09-22 02:40:04] GET /api/agents/6aa26c7ce0ac9a5ee05d2b95/conversations/6aa26c825d5b4135ae6b48b5/messages -> HTTP 403 (next candidate)
[2026-09-22 02:40:04] GET /api/agents/6aa26c7ce0ac9a5ee05d2b95/conversations/6aa26c825d5b4135ae6b48b5 -> HTTP 403 (next candidate)
[2026-09-22 02:40:04] GET /api/agents/6aa26c7ce0ac9a5ee05d2b95/conversations -> HTTP 403 (next candidate)
[2026-09-22 02:40:14] GET /api/agents/6aa26c7ce0ac9a5ee05d2b95/conversations/6aa26c825d5b4135ae6b48b5/messages -> HTTP 403 (next candidate)
[2026-09-22 02:40:14] GET /api/agents/6aa26c7ce0ac9a5ee05d2b95/conversations/6aa26c825d5b4135ae6b48b5 -> HTTP 403 (next candidate)
[2026-09-22 02:40:14] GET /api/agents/6aa26c7ce0ac9a5ee05d2b95/conversations -> HTTP 403 (next candidate)
[2026-09-22 02:40:25] GET /api/agents/6aa26c7ce0ac9a5ee05d2b95/conversations/6aa26c825d5b4135ae6b48b5/messages -> HTTP 403 (next candidate)
[2026-09-22 02:40:25] GET /api/agents/6aa26c7ce0ac9a5ee05d2b95/conversations/6aa26c825d5b4135ae6b48b5 -> HTTP 403 (next candidate)
[2026-09-22 02:40:25] GET /api/agents/6aa26c7ce0ac9a5ee05d2b95/conversations -> HTTP 403 (next candidate)
[2026-09-22 02:40:35] GET /api/agents/6aa26c7ce0ac9a5ee05d2b95/conversations/6aa26c825d5b4135ae6b48b5/messages -> HTTP 403 (next candidate)
[2026-09-22 02:40:35] GET /api/agents/6aa26c7ce0ac9a5ee05d2b95/conversations/6aa26c825d5b4135ae6b48b5 -> HTTP 403 (next candidate)
[2026-09-22 02:40:35] GET /api/agents/6aa26c7ce0ac9a5ee05d2b95/conversations -> HTTP 403 (next candidate)
[2026-09-22 02:40:45] GET /api/agents/6aa26c7ce0ac9a5ee05d2b95/conversations/6aa26c825d5b4135ae6b48b5/messages -> HTTP 403 (next candidate)
[2026-09-22 02:40:45] GET /api/agents/6aa26c7ce0ac9a5ee05d2b95/conversations/6aa26c825d5b4135ae6b48b5 -> HTTP 403 (next candidate)
[2026-09-22 02:40:45] GET /api/agents/6aa26c7ce0ac9a5ee05d2b95/conversations -> HTTP 403 (next candidate)
[2026-09-22 02:40:56] GET /api/agents/6aa26c7ce0ac9a5ee05d2b95/conversations/6aa26c825d5b4135ae6b48b5/messages -> HTTP 403 (next candidate)
[2026-09-22 02:40:56] GET /api/agents/6aa26c7ce0ac9a5ee05d2b95/conversations/6aa26c825d5b4135ae6b48b5 -> HTTP 403 (next candidate)
[2026-09-22 02:40:56] GET /api/agents/6aa26c7ce0ac9a5ee05d2b95/conversations -> HTTP 403 (next candidate)
[2026-09-22 02:41:07] GET /api/agents/6aa26c7ce0ac9a5ee05d2b95/conversations/6aa26c825d5b4135ae6b48b5/messages -> HTTP 403 (next candidate)
[2026-09-22 02:41:07] GET /api/agents/6aa26c7ce0ac9a5ee05d2b95/conversations/6aa26c825d5b4135ae6b48b5 -> HTTP 403 (next candidate)
[2026-09-22 02:41:07] GET /api/agents/6aa26c7ce0ac9a5ee05d2b95/conversations -> HTTP 403 (next candidate)
[2026-09-22 02:41:17] GET /api/agents/6aa26c7ce0ac9a5ee05d2b95/conversations/6aa26c825d5b4135ae6b48b5/messages -> HTTP 403 (next candidate)
[2026-09-22 02:41:17] GET /api/agents/6aa26c7ce0ac9a5ee05d2b95/conversations/6aa26c825d5b4135ae6b48b5 -> HTTP 403 (next candidate)
[2026-09-22 02:41:17] GET /api/agents/6aa26c7ce0ac9a5ee05d2b95/conversations -> HTTP 403 (next candidate)
[2026-09-22 02:41:27] GET /api/agents/6aa26c7ce0ac9a5ee05d2b95/conversations/6aa26c825d5b4135ae6b48b5/messages -> HTTP 403 (next candidate)
[2026-09-22 02:41:27] GET /api/agents/6aa26c7ce0ac9a5ee05d2b95/conversations/6aa26c825d5b4135ae6b48b5 -> HTTP 403 (next candidate)
[2026-09-22 02:41:27] GET /api/agents/6aa26c7ce0ac9a5ee05d2b95/conversations -> HTTP 403 (next candidate)
[2026-09-22 02:41:38] GET /api/agents/6aa26c7ce0ac9a5ee05d2b95/conversations/6aa26c825d5b4135ae6b48b5/messages -> HTTP 403 (next candidate)
[2026-09-22 02:41:38] GET /api/agents/6aa26c7ce0ac9a5ee05d2b95/conversations/6aa26c825d5b4135ae6b48b5 -> HTTP 403 (next candidate)
[2026-09-22 02:41:38] GET /api/agents/6aa26c7ce0ac9a5ee05d2b95/conversations -> HTTP 403 (next candidate)
[2026-09-22 02:41:48] GET /api/agents/6aa26c7ce0ac9a5ee05d2b95/conversations/6aa26c825d5b4135ae6b48b5/messages -> HTTP 403 (next candidate)
[2026-09-22 02:41:48] GET /api/agents/6aa26c7ce0ac9a5ee05d2b95/conversations/6aa26c825d5b4135ae6b48b5 -> HTTP 403 (next candidate)
[2026-09-22 02:41:48] GET /api/agents/6aa26c7ce0ac9a5ee05d2b95/conversations -> HTTP 403 (next candidate)
[2026-09-22 02:41:58] GET /api/agents/6aa26c7ce0ac9a5ee05d2b95/conversations/6aa26c825d5b4135ae6b48b5/messages -> HTTP 403 (next candidate)
[2026-09-22 02:41:58] GET /api/agents/6aa26c7ce0ac9a5ee05d2b95/conversations/6aa26c825d5b4135ae6b48b5 -> HTTP 403 (next candidate)
[2026-09-22 02:41:58] GET /api/agents/6aa26c7ce0ac9a5ee05d2b95/conversations -> HTTP 403 (next candidate)
[2026-09-22 02:42:09] GET /api/agents/6aa26c7ce0ac9a5ee05d2b95/conversations/6aa26c825d5b4135ae6b48b5/messages -> HTTP 403 (next candidate)
[2026-09-22 02:42:09] GET /api/agents/6aa26c7ce0ac9a5ee05d2b95/conversations/6aa26c825d5b4135ae6b48b5 -> HTTP 403 (next candidate)
[2026-09-22 02:42:09] GET /api/agents/6aa26c7ce0ac9a5ee05d2b95/conversations -> HTTP 403 (next candidate)
[2026-09-22 02:42:19] GET /api/agents/6aa26c7ce0ac9a5ee05d2b95/conversations/6aa26c825d5b4135ae6b48b5/messages -> HTTP 403 (next candidate)
[2026-09-22 02:42:19] GET /api/agents/6aa26c7ce0ac9a5ee05d2b95/conversations/6aa26c825d5b4135ae6b48b5 -> HTTP 403 (next candidate)
[2026-09-22 02:42:19] GET /api/agents/6aa26c7ce0ac9a5ee05d2b95/conversations -> HTTP 403 (next candidate)
[2026-09-22 02:42:29] GET /api/agents/6aa26c7ce0ac9a5ee05d2b95/conversations/6aa26c825d5b4135ae6b48b5/messages -> HTTP 403 (next candidate)
[2026-09-22 02:42:29] GET /api/agents/6aa26c7ce0ac9a5ee05d2b95/conversations/6aa26c825d5b4135ae6b48b5 -> HTTP 403 (next candidate)
[2026-09-22 02:42:30] GET /api/agents/6aa26c7ce0ac9a5ee05d2b95/conversations -> HTTP 403 (next candidate)
[2026-09-22 02:42:40] GET /api/agents/6aa26c7ce0ac9a5ee05d2b95/conversations/6aa26c825d5b4135ae6b48b5/messages -> HTTP 403 (next candidate)
[2026-09-22 02:42:40] GET /api/agents/6aa26c7ce0ac9a5ee05d2b95/conversations/6aa26c825d5b4135ae6b48b5 -> HTTP 403 (next candidate)
[2026-09-22 02:42:40] GET /api/agents/6aa26c7ce0ac9a5ee05d2b95/conversations -> HTTP 403 (next candidate)
[2026-09-22 02:42:50] GET /api/agents/6aa26c7ce0ac9a5ee05d2b95/conversations/6aa26c825d5b4135ae6b48b5/messages -> HTTP 403 (next candidate)
[2026-09-22 02:42:50] GET /api/agents/6aa26c7ce0ac9a5ee05d2b95/conversations/6aa26c825d5b4135ae6b48b5 -> HTTP 403 (next candidate)
[2026-09-22 02:42:50] GET /api/agents/6aa26c7ce0ac9a5ee05d2b95/conversations -> HTTP 403 (next candidate)
[2026-09-22 02:43:00] GET /api/agents/6aa26c7ce0ac9a5ee05d2b95/conversations/6aa26c825d5b4135ae6b48b5/messages -> HTTP 403 (next candidate)
[2026-09-22 02:43:00] GET /api/agents/6aa26c7ce0ac9a5ee05d2b95/conversations/6aa26c825d5b4135ae6b48b5 -> HTTP 403 (next candidate)
[2026-09-22 02:43:01] GET /api/agents/6aa26c7ce0ac9a5ee05d2b95/conversations -> HTTP 403 (next candidate)
[2026-09-22 02:43:11] GET /api/agents/6aa26c7ce0ac9a5ee05d2b95/conversations/6aa26c825d5b4135ae6b48b5/messages -> HTTP 403 (next candidate)
[2026-09-22 02:43:11] GET /api/agents/6aa26c7ce0ac9a5ee05d2b95/conversations/6aa26c825d5b4135ae6b48b5 -> HTTP 403 (next candidate)
[2026-09-22 02:43:11] GET /api/agents/6aa26c7ce0ac9a5ee05d2b95/conversations -> HTTP 403 (next candidate)
[2026-09-22 02:43:22] GET /api/agents/6aa26c7ce0ac9a5ee05d2b95/conversations/6aa26c825d5b4135ae6b48b5/messages -> HTTP 403 (next candidate)
[2026-09-22 02:43:22] GET /api/agents/6aa26c7ce0ac9a5ee05d2b95/conversations/6aa26c825d5b4135ae6b48b5 -> HTTP 403 (next candidate)
[2026-09-22 02:43:22] GET /api/agents/6aa26c7ce0ac9a5ee05d2b95/conversations -> HTTP 403 (next candidate)
[2026-09-22 02:43:32] GET /api/agents/6aa26c7ce0ac9a5ee05d2b95/conversations/6aa26c825d5b4135ae6b48b5/messages -> HTTP 403 (next candidate)
[2026-09-22 02:43:32] GET /api/agents/6aa26c7ce0ac9a5ee05d2b95/conversations/6aa26c825d5b4135ae6b48b5 -> HTTP 403 (next candidate)
[2026-09-22 02:43:32] GET /api/agents/6aa26c7ce0ac9a5ee05d2b95/conversations -> HTTP 403 (next candidate)
[2026-09-22 02:43:42] GET /api/agents/6aa26c7ce0ac9a5ee05d2b95/conversations/6aa26c825d5b4135ae6b48b5/messages -> HTTP 403 (next candidate)
[2026-09-22 02:43:43] GET /api/agents/6aa26c7ce0ac9a5ee05d2b95/conversations/6aa26c825d5b4135ae6b48b5 -> HTTP 403 (next candidate)
[2026-09-22 02:43:43] GET /api/agents/6aa26c7ce0ac9a5ee05d2b95/conversations -> HTTP 403 (next candidate)
[2026-09-22 02:43:53] GET /api/agents/6aa26c7ce0ac9a5ee05d2b95/conversations/6aa26c825d5b4135ae6b48b5/messages -> HTTP 403 (next candidate)
[2026-09-22 02:43:53] GET /api/agents/6aa26c7ce0ac9a5ee05d2b95/conversations/6aa26c825d5b4135ae6b48b5 -> HTTP 403 (next candidate)
[2026-09-22 02:43:53] GET /api/agents/6aa26c7ce0ac9a5ee05d2b95/conversations -> HTTP 403 (next candidate)
[2026-09-22 02:44:03] GET /api/agents/6aa26c7ce0ac9a5ee05d2b95/conversations/6aa26c825d5b4135ae6b48b5/messages -> HTTP 403 (next candidate)
[2026-09-22 02:44:03] GET /api/agents/6aa26c7ce0ac9a5ee05d2b95/conversations/6aa26c825d5b4135ae6b48b5 -> HTTP 403 (next candidate)
[2026-09-22 02:44:03] GET /api/agents/6aa26c7ce0ac9a5ee05d2b95/conversations -> HTTP 403 (next candidate)
[2026-09-22 02:44:13] GET /api/agents/6aa26c7ce0ac9a5ee05d2b95/conversations/6aa26c825d5b4135ae6b48b5/messages -> HTTP 403 (next candidate)
[2026-09-22 02:44:13] GET /api/agents/6aa26c7ce0ac9a5ee05d2b95/conversations/6aa26c825d5b4135ae6b48b5 -> HTTP 403 (next candidate)
[2026-09-22 02:44:14] GET /api/agents/6aa26c7ce0ac9a5ee05d2b95/conversations -> HTTP 403 (next candidate)
[2026-09-22 02:44:24] GET /api/agents/6aa26c7ce0ac9a5ee05d2b95/conversations/6aa26c825d5b4135ae6b48b5/messages -> HTTP 403 (next candidate)
[2026-09-22 02:44:24] GET /api/agents/6aa26c7ce0ac9a5ee05d2b95/conversations/6aa26c825d5b4135ae6b48b5 -> HTTP 403 (next candidate)
[2026-09-22 02:44:24] GET /api/agents/6aa26c7ce0ac9a5ee05d2b95/conversations -> HTTP 403 (next candidate)
[2026-09-22 02:44:34] GET /api/agents/6aa26c7ce0ac9a5ee05d2b95/conversations/6aa26c825d5b4135ae6b48b5/messages -> HTTP 403 (next candidate)
[2026-09-22 02:44:34] GET /api/agents/6aa26c7ce0ac9a5ee05d2b95/conversations/6aa26c825d5b4135ae6b48b5 -> HTTP 403 (next candidate)
[2026-09-22 02:44:34] GET /api/agents/6aa26c7ce0ac9a5ee05d2b95/conversations -> HTTP 403 (next candidate)
[2026-09-22 02:44:44] GET /api/agents/6aa26c7ce0ac9a5ee05d2b95/conversations/6aa26c825d5b4135ae6b48b5/messages -> HTTP 403 (next candidate)
[2026-09-22 02:44:44] GET /api/agents/6aa26c7ce0ac9a5ee05d2b95/conversations/6aa26c825d5b4135ae6b48b5 -> HTTP 403 (next candidate)
[2026-09-22 02:44:45] GET /api/agents/6aa26c7ce0ac9a5ee05d2b95/conversations -> HTTP 403 (next candidate)
[2026-09-22 02:44:55] GET /api/agents/6aa26c7ce0ac9a5ee05d2b95/conversations/6aa26c825d5b4135ae6b48b5/messages -> HTTP 403 (next candidate)
[2026-09-22 02:44:55] GET /api/agents/6aa26c7ce0ac9a5ee05d2b95/conversations/6aa26c825d5b4135ae6b48b5 -> HTTP 403 (next candidate)
[2026-09-22 02:44:55] GET /api/agents/6aa26c7ce0ac9a5ee05d2b95/conversations -> HTTP 403 (next candidate)
[2026-09-22 02:45:05] GET /api/agents/6aa26c7ce0ac9a5ee05d2b95/conversations/6aa26c825d5b4135ae6b48b5/messages -> HTTP 403 (next candidate)
[2026-09-22 02:45:05] GET /api/agents/6aa26c7ce0ac9a5ee05d2b95/conversations/6aa26c825d5b4135ae6b48b5 -> HTTP 403 (next candidate)
[2026-09-22 02:45:05] GET /api/agents/6aa26c7ce0ac9a5ee05d2b95/conversations -> HTTP 403 (next candidate)
[2026-09-22 02:45:15] GET /api/agents/6aa26c7ce0ac9a5ee05d2b95/conversations/6aa26c825d5b4135ae6b48b5/messages -> HTTP 403 (next candidate)
[2026-09-22 02:45:15] GET /api/agents/6aa26c7ce0ac9a5ee05d2b95/conversations/6aa26c825d5b4135ae6b48b5 -> HTTP 403 (next candidate)
[2026-09-22 02:45:16] GET /api/agents/6aa26c7ce0ac9a5ee05d2b95/conversations -> HTTP 403 (next candidate)
[2026-09-22 02:45:26] GET /api/agents/6aa26c7ce0ac9a5ee05d2b95/conversations/6aa26c825d5b4135ae6b48b5/messages -> HTTP 403 (next candidate)
[2026-09-22 02:45:26] GET /api/agents/6aa26c7ce0ac9a5ee05d2b95/conversations/6aa26c825d5b4135ae6b48b5 -> HTTP 403 (next candidate)
[2026-09-22 02:45:26] GET /api/agents/6aa26c7ce0ac9a5ee05d2b95/conversations -> HTTP 403 (next candidate)
[2026-09-22 02:45:36] GET /api/agents/6aa26c7ce0ac9a5ee05d2b95/conversations/6aa26c825d5b4135ae6b48b5/messages -> HTTP 403 (next candidate)
[2026-09-22 02:45:36] GET /api/agents/6aa26c7ce0ac9a5ee05d2b95/conversations/6aa26c825d5b4135ae6b48b5 -> HTTP 403 (next candidate)
[2026-09-22 02:45:36] GET /api/agents/6aa26c7ce0ac9a5ee05d2b95/conversations -> HTTP 403 (next candidate)
[2026-09-22 02:45:46] GET /api/agents/6aa26c7ce0ac9a5ee05d2b95/conversations/6aa26c825d5b4135ae6b48b5/messages -> HTTP 403 (next candidate)
[2026-09-22 02:45:47] GET /api/agents/6aa26c7ce0ac9a5ee05d2b95/conversations/6aa26c825d5b4135ae6b48b5 -> HTTP 403 (next candidate)
[2026-09-22 02:45:47] GET /api/agents/6aa26c7ce0ac9a5ee05d2b95/conversations -> HTTP 403 (next candidate)
[2026-09-22 02:45:57] GET /api/agents/6aa26c7ce0ac9a5ee05d2b95/conversations/6aa26c825d5b4135ae6b48b5/messages -> HTTP 403 (next candidate)
[2026-09-22 02:45:57] GET /api/agents/6aa26c7ce0ac9a5ee05d2b95/conversations/6aa26c825d5b4135ae6b48b5 -> HTTP 403 (next candidate)
[2026-09-22 02:45:57] GET /api/agents/6aa26c7ce0ac9a5ee05d2b95/conversations -> HTTP 403 (next candidate)
[2026-09-22 02:46:07] GET /api/agents/6aa26c7ce0ac9a5ee05d2b95/conversations/6aa26c825d5b4135ae6b48b5/messages -> HTTP 403 (next candidate)
[2026-09-22 02:46:07] GET /api/agents/6aa26c7ce0ac9a5ee05d2b95/conversations/6aa26c825d5b4135ae6b48b5 -> HTTP 403 (next candidate)
[2026-09-22 02:46:07] GET /api/agents/6aa26c7ce0ac9a5ee05d2b95/conversations -> HTTP 403 (next candidate)
[2026-09-22 02:46:18] GET /api/agents/6aa26c7ce0ac9a5ee05d2b95/conversations/6aa26c825d5b4135ae6b48b5/messages -> HTTP 403 (next candidate)
[2026-09-22 02:46:18] GET /api/agents/6aa26c7ce0ac9a5ee05d2b95/conversations/6aa26c825d5b4135ae6b48b5 -> HTTP 403 (next candidate)
[2026-09-22 02:46:18] GET /api/agents/6aa26c7ce0ac9a5ee05d2b95/conversations -> HTTP 403 (next candidate)
[2026-09-22 02:46:28] GET /api/agents/6aa26c7ce0ac9a5ee05d2b95/conversations/6aa26c825d5b4135ae6b48b5/messages -> HTTP 403 (next candidate)
[2026-09-22 02:46:28] GET /api/agents/6aa26c7ce0ac9a5ee05d2b95/conversations/6aa26c825d5b4135ae6b48b5 -> HTTP 403 (next candidate)
[2026-09-22 02:46:28] GET /api/agents/6aa26c7ce0ac9a5ee05d2b95/conversations -> HTTP 403 (next candidate)
[2026-09-22 02:46:38] GET /api/agents/6aa26c7ce0ac9a5ee05d2b95/conversations/6aa26c825d5b4135ae6b48b5/messages -> HTTP 403 (next candidate)
[2026-09-22 02:46:38] GET /api/agents/6aa26c7ce0ac9a5ee05d2b95/conversations/6aa26c825d5b4135ae6b48b5 -> HTTP 403 (next candidate)
[2026-09-22 02:46:38] GET /api/agents/6aa26c7ce0ac9a5ee05d2b95/conversations -> HTTP 403 (next candidate)
[2026-09-22 02:46:48] GET /api/agents/6aa26c7ce0ac9a5ee05d2b95/conversations/6aa26c825d5b4135ae6b48b5/messages -> HTTP 403 (next candidate)
[2026-09-22 02:46:49] GET /api/agents/6aa26c7ce0ac9a5ee05d2b95/conversations/6aa26c825d5b4135ae6b48b5 -> HTTP 403 (next candidate)
[2026-09-22 02:46:49] GET /api/agents/6aa26c7ce0ac9a5ee05d2b95/conversations -> HTTP 403 (next candidate)
[2026-09-22 02:46:59] GET /api/agents/6aa26c7ce0ac9a5ee05d2b95/conversations/6aa26c825d5b4135ae6b48b5/messages -> HTTP 403 (next candidate)
[2026-09-22 02:46:59] GET /api/agents/6aa26c7ce0ac9a5ee05d2b95/conversations/6aa26c825d5b4135ae6b48b5 -> HTTP 403 (next candidate)
[2026-09-22 02:46:59] GET /api/agents/6aa26c7ce0ac9a5ee05d2b95/conversations -> HTTP 403 (next candidate)
[2026-09-22 02:47:10] GET /api/agents/6aa26c7ce0ac9a5ee05d2b95/conversations/6aa26c825d5b4135ae6b48b5/messages -> HTTP 403 (next candidate)
[2026-09-22 02:47:10] GET /api/agents/6aa26c7ce0ac9a5ee05d2b95/conversations/6aa26c825d5b4135ae6b48b5 -> HTTP 403 (next candidate)
[2026-09-22 02:47:10] GET /api/agents/6aa26c7ce0ac9a5ee05d2b95/conversations -> HTTP 403 (next candidate)
[2026-09-22 02:47:20] GET /api/agents/6aa26c7ce0ac9a5ee05d2b95/conversations/6aa26c825d5b4135ae6b48b5/messages -> HTTP 403 (next candidate)
[2026-09-22 02:47:20] GET /api/agents/6aa26c7ce0ac9a5ee05d2b95/conversations/6aa26c825d5b4135ae6b48b5 -> HTTP 403 (next candidate)
[2026-09-22 02:47:20] GET /api/agents/6aa26c7ce0ac9a5ee05d2b95/conversations -> HTTP 403 (next candidate)
[2026-09-22 02:47:30] GET /api/agents/6aa26c7ce0ac9a5ee05d2b95/conversations/6aa26c825d5b4135ae6b48b5/messages -> HTTP 403 (next candidate)
[2026-09-22 02:47:30] GET /api/agents/6aa26c7ce0ac9a5ee05d2b95/conversations/6aa26c825d5b4135ae6b48b5 -> HTTP 403 (next candidate)
[2026-09-22 02:47:31] GET /api/agents/6aa26c7ce0ac9a5ee05d2b95/conversations -> HTTP 403 (next candidate)
[2026-09-22 02:47:41] GET /api/agents/6aa26c7ce0ac9a5ee05d2b95/conversations/6aa26c825d5b4135ae6b48b5/messages -> HTTP 403 (next candidate)
[2026-09-22 02:47:41] GET /api/agents/6aa26c7ce0ac9a5ee05d2b95/conversations/6aa26c825d5b4135ae6b48b5 -> HTTP 403 (next candidate)
[2026-09-22 02:47:41] GET /api/agents/6aa26c7ce0ac9a5ee05d2b95/conversations -> HTTP 403 (next candidate)
[2026-09-22 02:47:51] GET /api/agents/6aa26c7ce0ac9a5ee05d2b95/conversations/6aa26c825d5b4135ae6b48b5/messages -> HTTP 403 (next candidate)
[2026-09-22 02:47:51] GET /api/agents/6aa26c7ce0ac9a5ee05d2b95/conversations/6aa26c825d5b4135ae6b48b5 -> HTTP 403 (next candidate)
[2026-09-22 02:47:51] GET /api/agents/6aa26c7ce0ac9a5ee05d2b95/conversations -> HTTP 403 (next candidate)
[2026-09-22 02:48:02] GET /api/agents/6aa26c7ce0ac9a5ee05d2b95/conversations/6aa26c825d5b4135ae6b48b5/messages -> HTTP 403 (next candidate)
[2026-09-22 02:48:02] GET /api/agents/6aa26c7ce0ac9a5ee05d2b95/conversations/6aa26c825d5b4135ae6b48b5 -> HTTP 403 (next candidate)
[2026-09-22 02:48:02] GET /api/agents/6aa26c7ce0ac9a5ee05d2b95/conversations -> HTTP 403 (next candidate)
[2026-09-22 02:48:12] GET /api/agents/6aa26c7ce0ac9a5ee05d2b95/conversations/6aa26c825d5b4135ae6b48b5/messages -> HTTP 403 (next candidate)
[2026-09-22 02:48:12] GET /api/agents/6aa26c7ce0ac9a5ee05d2b95/conversations/6aa26c825d5b4135ae6b48b5 -> HTTP 403 (next candidate)
[2026-09-22 02:48:12] GET /api/agents/6aa26c7ce0ac9a5ee05d2b95/conversations -> HTTP 403 (next candidate)
[2026-09-22 02:48:23] GET /api/agents/6aa26c7ce0ac9a5ee05d2b95/conversations/6aa26c825d5b4135ae6b48b5/messages -> HTTP 403 (next candidate)
[2026-09-22 02:48:23] GET /api/agents/6aa26c7ce0ac9a5ee05d2b95/conversations/6aa26c825d5b4135ae6b48b5 -> HTTP 403 (next candidate)
[2026-09-22 02:48:23] GET /api/agents/6aa26c7ce0ac9a5ee05d2b95/conversations -> HTTP 403 (next candidate)
[2026-09-22 02:48:33] GET /api/agents/6aa26c7ce0ac9a5ee05d2b95/conversations/6aa26c825d5b4135ae6b48b5/messages -> HTTP 403 (next candidate)
[2026-09-22 02:48:33] GET /api/agents/6aa26c7ce0ac9a5ee05d2b95/conversations/6aa26c825d5b4135ae6b48b5 -> HTTP 403 (next candidate)
[2026-09-22 02:48:33] GET /api/agents/6aa26c7ce0ac9a5ee05d2b95/conversations -> HTTP 403 (next candidate)
[2026-09-22 02:48:43] GET /api/agents/6aa26c7ce0ac9a5ee05d2b95/conversations/6aa26c825d5b4135ae6b48b5/messages -> HTTP 403 (next candidate)
[2026-09-22 02:48:43] GET /api/agents/6aa26c7ce0ac9a5ee05d2b95/conversations/6aa26c825d5b4135ae6b48b5 -> HTTP 403 (next candidate)
[2026-09-22 02:48:44] GET /api/agents/6aa26c7ce0ac9a5ee05d2b95/conversations -> HTTP 403 (next candidate)
[2026-09-22 02:48:54] GET /api/agents/6aa26c7ce0ac9a5ee05d2b95/conversations/6aa26c825d5b4135ae6b48b5/messages -> HTTP 403 (next candidate)
[2026-09-22 02:48:54] GET /api/agents/6aa26c7ce0ac9a5ee05d2b95/conversations/6aa26c825d5b4135ae6b48b5 -> HTTP 403 (next candidate)
[2026-09-22 02:48:54] GET /api/agents/6aa26c7ce0ac9a5ee05d2b95/conversations -> HTTP 403 (next candidate)
[2026-09-22 02:49:04] GET /api/agents/6aa26c7ce0ac9a5ee05d2b95/conversations/6aa26c825d5b4135ae6b48b5/messages -> HTTP 403 (next candidate)
[2026-09-22 02:49:04] GET /api/agents/6aa26c7ce0ac9a5ee05d2b95/conversations/6aa26c825d5b4135ae6b48b5 -> HTTP 403 (next candidate)
[2026-09-22 02:49:04] GET /api/agents/6aa26c7ce0ac9a5ee05d2b95/conversations -> HTTP 403 (next candidate)
[2026-09-22 02:49:15] GET /api/agents/6aa26c7ce0ac9a5ee05d2b95/conversations/6aa26c825d5b4135ae6b48b5/messages -> HTTP 403 (next candidate)
[2026-09-22 02:49:15] GET /api/agents/6aa26c7ce0ac9a5ee05d2b95/conversations/6aa26c825d5b4135ae6b48b5 -> HTTP 403 (next candidate)
[2026-09-22 02:49:15] GET /api/agents/6aa26c7ce0ac9a5ee05d2b95/conversations -> HTTP 403 (next candidate)
[2026-09-22 02:49:25] GET /api/agents/6aa26c7ce0ac9a5ee05d2b95/conversations/6aa26c825d5b4135ae6b48b5/messages -> HTTP 403 (next candidate)
[2026-09-22 02:49:25] GET /api/agents/6aa26c7ce0ac9a5ee05d2b95/conversations/6aa26c825d5b4135ae6b48b5 -> HTTP 403 (next candidate)
[2026-09-22 02:49:25] GET /api/agents/6aa26c7ce0ac9a5ee05d2b95/conversations -> HTTP 403 (next candidate)
[2026-09-22 02:49:35] GET /api/agents/6aa26c7ce0ac9a5ee05d2b95/conversations/6aa26c825d5b4135ae6b48b5/messages -> HTTP 403 (next candidate)
[2026-09-22 02:49:35] GET /api/agents/6aa26c7ce0ac9a5ee05d2b95/conversations/6aa26c825d5b4135ae6b48b5 -> HTTP 403 (next candidate)
[2026-09-22 02:49:36] GET /api/agents/6aa26c7ce0ac9a5ee05d2b95/conversations -> HTTP 403 (next candidate)
[2026-09-22 02:49:46] GET /api/agents/6aa26c7ce0ac9a5ee05d2b95/conversations/6aa26c825d5b4135ae6b48b5/messages -> HTTP 403 (next candidate)
[2026-09-22 02:49:46] GET /api/agents/6aa26c7ce0ac9a5ee05d2b95/conversations/6aa26c825d5b4135ae6b48b5 -> HTTP 403 (next candidate)
[2026-09-22 02:49:46] GET /api/agents/6aa26c7ce0ac9a5ee05d2b95/conversations -> HTTP 403 (next candidate)
[2026-09-22 02:49:56] GET /api/agents/6aa26c7ce0ac9a5ee05d2b95/conversations/6aa26c825d5b4135ae6b48b5/messages -> HTTP 403 (next candidate)
[2026-09-22 02:49:56] GET /api/agents/6aa26c7ce0ac9a5ee05d2b95/conversations/6aa26c825d5b4135ae6b48b5 -> HTTP 403 (next candidate)
[2026-09-22 02:49:56] GET /api/agents/6aa26c7ce0ac9a5ee05d2b95/conversations -> HTTP 403 (next candidate)
[2026-09-22 02:50:06] GET /api/agents/6aa26c7ce0ac9a5ee05d2b95/conversations/6aa26c825d5b4135ae6b48b5/messages -> HTTP 403 (next candidate)
[2026-09-22 02:50:07] GET /api/agents/6aa26c7ce0ac9a5ee05d2b95/conversations/6aa26c825d5b4135ae6b48b5 -> HTTP 403 (next candidate)
[2026-09-22 02:50:07] GET /api/agents/6aa26c7ce0ac9a5ee05d2b95/conversations -> HTTP 403 (next candidate)
[2026-09-22 02:50:17] GET /api/agents/6aa26c7ce0ac9a5ee05d2b95/conversations/6aa26c825d5b4135ae6b48b5/messages -> HTTP 403 (next candidate)
[2026-09-22 02:50:17] GET /api/agents/6aa26c7ce0ac9a5ee05d2b95/conversations/6aa26c825d5b4135ae6b48b5 -> HTTP 403 (next candidate)
[2026-09-22 02:50:17] GET /api/agents/6aa26c7ce0ac9a5ee05d2b95/conversations -> HTTP 403 (next candidate)
[2026-09-22 02:50:27] GET /api/agents/6aa26c7ce0ac9a5ee05d2b95/conversations/6aa26c825d5b4135ae6b48b5/messages -> HTTP 403 (next candidate)
[2026-09-22 02:50:27] GET /api/agents/6aa26c7ce0ac9a5ee05d2b95/conversations/6aa26c825d5b4135ae6b48b5 -> HTTP 403 (next candidate)
[2026-09-22 02:50:27] GET /api/agents/6aa26c7ce0ac9a5ee05d2b95/conversations -> HTTP 403 (next candidate)
[2026-09-22 02:50:38] GET /api/agents/6aa26c7ce0ac9a5ee05d2b95/conversations/6aa26c825d5b4135ae6b48b5/messages -> HTTP 403 (next candidate)
[2026-09-22 02:50:38] GET /api/agents/6aa26c7ce0ac9a5ee05d2b95/conversations/6aa26c825d5b4135ae6b48b5 -> HTTP 403 (next candidate)
[2026-09-22 02:50:38] GET /api/agents/6aa26c7ce0ac9a5ee05d2b95/conversations -> HTTP 403 (next candidate)
[2026-09-22 02:50:48] GET /api/agents/6aa26c7ce0ac9a5ee05d2b95/conversations/6aa26c825d5b4135ae6b48b5/messages -> HTTP 403 (next candidate)
[2026-09-22 02:50:48] GET /api/agents/6aa26c7ce0ac9a5ee05d2b95/conversations/6aa26c825d5b4135ae6b48b5 -> HTTP 403 (next candidate)
[2026-09-22 02:50:48] GET /api/agents/6aa26c7ce0ac9a5ee05d2b95/conversations -> HTTP 403 (next candidate)
[2026-09-22 02:50:58] GET /api/agents/6aa26c7ce0ac9a5ee05d2b95/conversations/6aa26c825d5b4135ae6b48b5/messages -> HTTP 403 (next candidate)
[2026-09-22 02:50:58] GET /api/agents/6aa26c7ce0ac9a5ee05d2b95/conversations/6aa26c825d5b4135ae6b48b5 -> HTTP 403 (next candidate)
[2026-09-22 02:50:58] GET /api/agents/6aa26c7ce0ac9a5ee05d2b95/conversations -> HTTP 403 (next candidate)
[2026-09-22 02:51:09] GET /api/agents/6aa26c7ce0ac9a5ee05d2b95/conversations/6aa26c825d5b4135ae6b48b5/messages -> HTTP 403 (next candidate)
[2026-09-22 02:51:09] GET /api/agents/6aa26c7ce0ac9a5ee05d2b95/conversations/6aa26c825d5b4135ae6b48b5 -> HTTP 403 (next candidate)
[2026-09-22 02:51:09] GET /api/agents/6aa26c7ce0ac9a5ee05d2b95/conversations -> HTTP 403 (next candidate)
[2026-09-22 02:51:19] GET /api/agents/6aa26c7ce0ac9a5ee05d2b95/conversations/6aa26c825d5b4135ae6b48b5/messages -> HTTP 403 (next candidate)
[2026-09-22 02:51:19] GET /api/agents/6aa26c7ce0ac9a5ee05d2b95/conversations/6aa26c825d5b4135ae6b48b5 -> HTTP 403 (next candidate)
[2026-09-22 02:51:19] GET /api/agents/6aa26c7ce0ac9a5ee05d2b95/conversations -> HTTP 403 (next candidate)
[2026-09-22 02:51:29] GET /api/agents/6aa26c7ce0ac9a5ee05d2b95/conversations/6aa26c825d5b4135ae6b48b5/messages -> HTTP 403 (next candidate)
[2026-09-22 02:51:29] GET /api/agents/6aa26c7ce0ac9a5ee05d2b95/conversations/6aa26c825d5b4135ae6b48b5 -> HTTP 403 (next candidate)
[2026-09-22 02:51:29] GET /api/agents/6aa26c7ce0ac9a5ee05d2b95/conversations -> HTTP 403 (next candidate)
[2026-09-22 02:51:40] GET /api/agents/6aa26c7ce0ac9a5ee05d2b95/conversations/6aa26c825d5b4135ae6b48b5/messages -> HTTP 403 (next candidate)
[2026-09-22 02:51:40] GET /api/agents/6aa26c7ce0ac9a5ee05d2b95/conversations/6aa26c825d5b4135ae6b48b5 -> HTTP 403 (next candidate)
[2026-09-22 02:51:40] GET /api/agents/6aa26c7ce0ac9a5ee05d2b95/conversations -> HTTP 403 (next candidate)
[2026-09-22 02:51:50] GET /api/agents/6aa26c7ce0ac9a5ee05d2b95/conversations/6aa26c825d5b4135ae6b48b5/messages -> HTTP 403 (next candidate)
[2026-09-22 02:51:50] GET /api/agents/6aa26c7ce0ac9a5ee05d2b95/conversations/6aa26c825d5b4135ae6b48b5 -> HTTP 403 (next candidate)
[2026-09-22 02:51:51] GET /api/agents/6aa26c7ce0ac9a5ee05d2b95/conversations -> HTTP 403 (next candidate)
[2026-09-22 02:52:01] GET /api/agents/6aa26c7ce0ac9a5ee05d2b95/conversations/6aa26c825d5b4135ae6b48b5/messages -> HTTP 403 (next candidate)
[2026-09-22 02:52:01] GET /api/agents/6aa26c7ce0ac9a5ee05d2b95/conversations/6aa26c825d5b4135ae6b48b5 -> HTTP 403 (next candidate)
[2026-09-22 02:52:01] GET /api/agents/6aa26c7ce0ac9a5ee05d2b95/conversations -> HTTP 403 (next candidate)
[2026-09-22 02:52:11] GET /api/agents/6aa26c7ce0ac9a5ee05d2b95/conversations/6aa26c825d5b4135ae6b48b5/messages -> HTTP 403 (next candidate)
[2026-09-22 02:52:11] GET /api/agents/6aa26c7ce0ac9a5ee05d2b95/conversations/6aa26c825d5b4135ae6b48b5 -> HTTP 403 (next candidate)
[2026-09-22 02:52:11] GET /api/agents/6aa26c7ce0ac9a5ee05d2b95/conversations -> HTTP 403 (next candidate)
[2026-09-22 02:52:21] GET /api/agents/6aa26c7ce0ac9a5ee05d2b95/conversations/6aa26c825d5b4135ae6b48b5/messages -> HTTP 403 (next candidate)
[2026-09-22 02:52:22] GET /api/agents/6aa26c7ce0ac9a5ee05d2b95/conversations/6aa26c825d5b4135ae6b48b5 -> HTTP 403 (next candidate)
[2026-09-22 02:52:22] GET /api/agents/6aa26c7ce0ac9a5ee05d2b95/conversations -> HTTP 403 (next candidate)
[2026-09-22 02:52:32] GET /api/agents/6aa26c7ce0ac9a5ee05d2b95/conversations/6aa26c825d5b4135ae6b48b5/messages -> HTTP 403 (next candidate)
[2026-09-22 02:52:32] GET /api/agents/6aa26c7ce0ac9a5ee05d2b95/conversations/6aa26c825d5b4135ae6b48b5 -> HTTP 403 (next candidate)
[2026-09-22 02:52:32] GET /api/agents/6aa26c7ce0ac9a5ee05d2b95/conversations -> HTTP 403 (next candidate)
[2026-09-22 02:52:42] GET /api/agents/6aa26c7ce0ac9a5ee05d2b95/conversations/6aa26c825d5b4135ae6b48b5/messages -> HTTP 403 (next candidate)
[2026-09-22 02:52:42] GET /api/agents/6aa26c7ce0ac9a5ee05d2b95/conversations/6aa26c825d5b4135ae6b48b5 -> HTTP 403 (next candidate)
[2026-09-22 02:52:42] GET /api/agents/6aa26c7ce0ac9a5ee05d2b95/conversations -> HTTP 403 (next candidate)
[2026-09-22 02:52:52] GET /api/agents/6aa26c7ce0ac9a5ee05d2b95/conversations/6aa26c825d5b4135ae6b48b5/messages -> HTTP 403 (next candidate)
[2026-09-22 02:52:53] GET /api/agents/6aa26c7ce0ac9a5ee05d2b95/conversations/6aa26c825d5b4135ae6b48b5 -> HTTP 403 (next candidate)
[2026-09-22 02:52:53] GET /api/agents/6aa26c7ce0ac9a5ee05d2b95/conversations -> HTTP 403 (next candidate)
[2026-09-22 02:53:03] GET /api/agents/6aa26c7ce0ac9a5ee05d2b95/conversations/6aa26c825d5b4135ae6b48b5/messages -> HTTP 403 (next candidate)
[2026-09-22 02:53:03] GET /api/agents/6aa26c7ce0ac9a5ee05d2b95/conversations/6aa26c825d5b4135ae6b48b5 -> HTTP 403 (next candidate)
[2026-09-22 02:53:03] GET /api/agents/6aa26c7ce0ac9a5ee05d2b95/conversations -> HTTP 403 (next candidate)
[2026-09-22 02:53:13] GET /api/agents/6aa26c7ce0ac9a5ee05d2b95/conversations/6aa26c825d5b4135ae6b48b5/messages -> HTTP 403 (next candidate)
[2026-09-22 02:53:13] GET /api/agents/6aa26c7ce0ac9a5ee05d2b95/conversations/6aa26c825d5b4135ae6b48b5 -> HTTP 403 (next candidate)
[2026-09-22 02:53:13] GET /api/agents/6aa26c7ce0ac9a5ee05d2b95/conversations -> HTTP 403 (next candidate)
[2026-09-22 02:53:24] GET /api/agents/6aa26c7ce0ac9a5ee05d2b95/conversations/6aa26c825d5b4135ae6b48b5/messages -> HTTP 403 (next candidate)
[2026-09-22 02:53:24] GET /api/agents/6aa26c7ce0ac9a5ee05d2b95/conversations/6aa26c825d5b4135ae6b48b5 -> HTTP 403 (next candidate)
[2026-09-22 02:53:24] GET /api/agents/6aa26c7ce0ac9a5ee05d2b95/conversations -> HTTP 403 (next candidate)
[2026-09-22 02:53:34] GET /api/agents/6aa26c7ce0ac9a5ee05d2b95/conversations/6aa26c825d5b4135ae6b48b5/messages -> HTTP 403 (next candidate)
[2026-09-22 02:53:34] GET /api/agents/6aa26c7ce0ac9a5ee05d2b95/conversations/6aa26c825d5b4135ae6b48b5 -> HTTP 403 (next candidate)
[2026-09-22 02:53:34] GET /api/agents/6aa26c7ce0ac9a5ee05d2b95/conversations -> HTTP 403 (next candidate)
[2026-09-22 02:53:44] GET /api/agents/6aa26c7ce0ac9a5ee05d2b95/conversations/6aa26c825d5b4135ae6b48b5/messages -> HTTP 403 (next candidate)
[2026-09-22 02:53:45] GET /api/agents/6aa26c7ce0ac9a5ee05d2b95/conversations/6aa26c825d5b4135ae6b48b5 -> HTTP 403 (next candidate)
[2026-09-22 02:53:45] GET /api/agents/6aa26c7ce0ac9a5ee05d2b95/conversations -> HTTP 403 (next candidate)
[2026-09-22 02:53:55] GET /api/agents/6aa26c7ce0ac9a5ee05d2b95/conversations/6aa26c825d5b4135ae6b48b5/messages -> HTTP 403 (next candidate)
[2026-09-22 02:53:55] GET /api/agents/6aa26c7ce0ac9a5ee05d2b95/conversations/6aa26c825d5b4135ae6b48b5 -> HTTP 403 (next candidate)
[2026-09-22 02:53:55] GET /api/agents/6aa26c7ce0ac9a5ee05d2b95/conversations -> HTTP 403 (next candidate)
[2026-09-22 02:54:05] GET /api/agents/6aa26c7ce0ac9a5ee05d2b95/conversations/6aa26c825d5b4135ae6b48b5/messages -> HTTP 403 (next candidate)
[2026-09-22 02:54:05] GET /api/agents/6aa26c7ce0ac9a5ee05d2b95/conversations/6aa26c825d5b4135ae6b48b5 -> HTTP 403 (next candidate)
[2026-09-22 02:54:05] GET /api/agents/6aa26c7ce0ac9a5ee05d2b95/conversations -> HTTP 403 (next candidate)
[2026-09-22 02:54:16] GET /api/agents/6aa26c7ce0ac9a5ee05d2b95/conversations/6aa26c825d5b4135ae6b48b5/messages -> HTTP 403 (next candidate)
[2026-09-22 02:54:16] GET /api/agents/6aa26c7ce0ac9a5ee05d2b95/conversations/6aa26c825d5b4135ae6b48b5 -> HTTP 403 (next candidate)
[2026-09-22 02:54:16] GET /api/agents/6aa26c7ce0ac9a5ee05d2b95/conversations -> HTTP 403 (next candidate)
[2026-09-22 02:54:26] GET /api/agents/6aa26c7ce0ac9a5ee05d2b95/conversations/6aa26c825d5b4135ae6b48b5/messages -> HTTP 403 (next candidate)
[2026-09-22 02:54:26] GET /api/agents/6aa26c7ce0ac9a5ee05d2b95/conversations/6aa26c825d5b4135ae6b48b5 -> HTTP 403 (next candidate)
[2026-09-22 02:54:26] GET /api/agents/6aa26c7ce0ac9a5ee05d2b95/conversations -> HTTP 403 (next candidate)
[2026-09-22 02:54:36] GET /api/agents/6aa26c7ce0ac9a5ee05d2b95/conversations/6aa26c825d5b4135ae6b48b5/messages -> HTTP 403 (next candidate)
[2026-09-22 02:54:36] GET /api/agents/6aa26c7ce0ac9a5ee05d2b95/conversations/6aa26c825d5b4135ae6b48b5 -> HTTP 403 (next candidate)
[2026-09-22 02:54:36] GET /api/agents/6aa26c7ce0ac9a5ee05d2b95/conversations -> HTTP 403 (next candidate)
[2026-09-22 02:54:47] GET /api/agents/6aa26c7ce0ac9a5ee05d2b95/conversations/6aa26c825d5b4135ae6b48b5/messages -> HTTP 403 (next candidate)
[2026-09-22 02:54:47] GET /api/agents/6aa26c7ce0ac9a5ee05d2b95/conversations/6aa26c825d5b4135ae6b48b5 -> HTTP 403 (next candidate)
[2026-09-22 02:54:47] GET /api/agents/6aa26c7ce0ac9a5ee05d2b95/conversations -> HTTP 403 (next candidate)
[2026-09-22 02:54:57] GET /api/agents/6aa26c7ce0ac9a5ee05d2b95/conversations/6aa26c825d5b4135ae6b48b5/messages -> HTTP 403 (next candidate)
[2026-09-22 02:54:57] GET /api/agents/6aa26c7ce0ac9a5ee05d2b95/conversations/6aa26c825d5b4135ae6b48b5 -> HTTP 403 (next candidate)
[2026-09-22 02:54:57] GET /api/agents/6aa26c7ce0ac9a5ee05d2b95/conversations -> HTTP 403 (next candidate)
[2026-09-22 02:55:07] GET /api/agents/6aa26c7ce0ac9a5ee05d2b95/conversations/6aa26c825d5b4135ae6b48b5/messages -> HTTP 403 (next candidate)
[2026-09-22 02:55:07] GET /api/agents/6aa26c7ce0ac9a5ee05d2b95/conversations/6aa26c825d5b4135ae6b48b5 -> HTTP 403 (next candidate)
[2026-09-22 02:55:07] GET /api/agents/6aa26c7ce0ac9a5ee05d2b95/conversations -> HTTP 403 (next candidate)
[2026-09-22 02:55:18] GET /api/agents/6aa26c7ce0ac9a5ee05d2b95/conversations/6aa26c825d5b4135ae6b48b5/messages -> HTTP 403 (next candidate)
[2026-09-22 02:55:18] GET /api/agents/6aa26c7ce0ac9a5ee05d2b95/conversations/6aa26c825d5b4135ae6b48b5 -> HTTP 403 (next candidate)
[2026-09-22 02:55:18] GET /api/agents/6aa26c7ce0ac9a5ee05d2b95/conversations -> HTTP 403 (next candidate)
[2026-09-22 02:55:28] GET /api/agents/6aa26c7ce0ac9a5ee05d2b95/conversations/6aa26c825d5b4135ae6b48b5/messages -> HTTP 403 (next candidate)
[2026-09-22 02:55:28] GET /api/agents/6aa26c7ce0ac9a5ee05d2b95/conversations/6aa26c825d5b4135ae6b48b5 -> HTTP 403 (next candidate)
[2026-09-22 02:55:28] GET /api/agents/6aa26c7ce0ac9a5ee05d2b95/conversations -> HTTP 403 (next candidate)
[2026-09-22 02:55:38] GET /api/agents/6aa26c7ce0ac9a5ee05d2b95/conversations/6aa26c825d5b4135ae6b48b5/messages -> HTTP 403 (next candidate)
[2026-09-22 02:55:38] GET /api/agents/6aa26c7ce0ac9a5ee05d2b95/conversations/6aa26c825d5b4135ae6b48b5 -> HTTP 403 (next candidate)
[2026-09-22 02:55:38] GET /api/agents/6aa26c7ce0ac9a5ee05d2b95/conversations -> HTTP 403 (next candidate)
[2026-09-22 02:55:49] GET /api/agents/6aa26c7ce0ac9a5ee05d2b95/conversations/6aa26c825d5b4135ae6b48b5/messages -> HTTP 403 (next candidate)
[2026-09-22 02:55:49] GET /api/agents/6aa26c7ce0ac9a5ee05d2b95/conversations/6aa26c825d5b4135ae6b48b5 -> HTTP 403 (next candidate)
[2026-09-22 02:55:49] GET /api/agents/6aa26c7ce0ac9a5ee05d2b95/conversations -> HTTP 403 (next candidate)
[2026-09-22 02:55:59] GET /api/agents/6aa26c7ce0ac9a5ee05d2b95/conversations/6aa26c825d5b4135ae6b48b5/messages -> HTTP 403 (next candidate)
[2026-09-22 02:55:59] GET /api/agents/6aa26c7ce0ac9a5ee05d2b95/conversations/6aa26c825d5b4135ae6b48b5 -> HTTP 403 (next candidate)
[2026-09-22 02:55:59] GET /api/agents/6aa26c7ce0ac9a5ee05d2b95/conversations -> HTTP 403 (next candidate)
[2026-09-22 02:56:09] GET /api/agents/6aa26c7ce0ac9a5ee05d2b95/conversations/6aa26c825d5b4135ae6b48b5/messages -> HTTP 403 (next candidate)
[2026-09-22 02:56:09] GET /api/agents/6aa26c7ce0ac9a5ee05d2b95/conversations/6aa26c825d5b4135ae6b48b5 -> HTTP 403 (next candidate)
[2026-09-22 02:56:10] GET /api/agents/6aa26c7ce0ac9a5ee05d2b95/conversations -> HTTP 403 (next candidate)
[2026-09-22 02:56:20] GET /api/agents/6aa26c7ce0ac9a5ee05d2b95/conversations/6aa26c825d5b4135ae6b48b5/messages -> HTTP 403 (next candidate)
[2026-09-22 02:56:20] GET /api/agents/6aa26c7ce0ac9a5ee05d2b95/conversations/6aa26c825d5b4135ae6b48b5 -> HTTP 403 (next candidate)
[2026-09-22 02:56:20] GET /api/agents/6aa26c7ce0ac9a5ee05d2b95/conversations -> HTTP 403 (next candidate)
[2026-09-22 02:56:30] GET /api/agents/6aa26c7ce0ac9a5ee05d2b95/conversations/6aa26c825d5b4135ae6b48b5/messages -> HTTP 403 (next candidate)
[2026-09-22 02:56:30] GET /api/agents/6aa26c7ce0ac9a5ee05d2b95/conversations/6aa26c825d5b4135ae6b48b5 -> HTTP 403 (next candidate)
[2026-09-22 02:56:30] GET /api/agents/6aa26c7ce0ac9a5ee05d2b95/conversations -> HTTP 403 (next candidate)
[2026-09-22 02:56:40] GET /api/agents/6aa26c7ce0ac9a5ee05d2b95/conversations/6aa26c825d5b4135ae6b48b5/messages -> HTTP 403 (next candidate)
[2026-09-22 02:56:41] GET /api/agents/6aa26c7ce0ac9a5ee05d2b95/conversations/6aa26c825d5b4135ae6b48b5 -> HTTP 403 (next candidate)
[2026-09-22 02:56:41] GET /api/agents/6aa26c7ce0ac9a5ee05d2b95/conversations -> HTTP 403 (next candidate)
[2026-09-22 02:56:51] GET /api/agents/6aa26c7ce0ac9a5ee05d2b95/conversations/6aa26c825d5b4135ae6b48b5/messages -> HTTP 403 (next candidate)
[2026-09-22 02:56:51] GET /api/agents/6aa26c7ce0ac9a5ee05d2b95/conversations/6aa26c825d5b4135ae6b48b5 -> HTTP 403 (next candidate)
[2026-09-22 02:56:51] GET /api/agents/6aa26c7ce0ac9a5ee05d2b95/conversations -> HTTP 403 (next candidate)
[2026-09-22 02:57:01] GET /api/agents/6aa26c7ce0ac9a5ee05d2b95/conversations/6aa26c825d5b4135ae6b48b5/messages -> HTTP 403 (next candidate)
[2026-09-22 02:57:01] GET /api/agents/6aa26c7ce0ac9a5ee05d2b95/conversations/6aa26c825d5b4135ae6b48b5 -> HTTP 403 (next candidate)
[2026-09-22 02:57:01] GET /api/agents/6aa26c7ce0ac9a5ee05d2b95/conversations -> HTTP 403 (next candidate)
[2026-09-22 02:57:12] GET /api/agents/6aa26c7ce0ac9a5ee05d2b95/conversations/6aa26c825d5b4135ae6b48b5/messages -> HTTP 403 (next candidate)
[2026-09-22 02:57:12] GET /api/agents/6aa26c7ce0ac9a5ee05d2b95/conversations/6aa26c825d5b4135ae6b48b5 -> HTTP 403 (next candidate)
[2026-09-22 02:57:12] GET /api/agents/6aa26c7ce0ac9a5ee05d2b95/conversations -> HTTP 403 (next candidate)
[2026-09-22 02:57:22] GET /api/agents/6aa26c7ce0ac9a5ee05d2b95/conversations/6aa26c825d5b4135ae6b48b5/messages -> HTTP 403 (next candidate)
[2026-09-22 02:57:22] GET /api/agents/6aa26c7ce0ac9a5ee05d2b95/conversations/6aa26c825d5b4135ae6b48b5 -> HTTP 403 (next candidate)
[2026-09-22 02:57:22] GET /api/agents/6aa26c7ce0ac9a5ee05d2b95/conversations -> HTTP 403 (next candidate)
[2026-09-22 02:57:33] GET /api/agents/6aa26c7ce0ac9a5ee05d2b95/conversations/6aa26c825d5b4135ae6b48b5/messages -> HTTP 403 (next candidate)
[2026-09-22 02:57:33] GET /api/agents/6aa26c7ce0ac9a5ee05d2b95/conversations/6aa26c825d5b4135ae6b48b5 -> HTTP 403 (next candidate)
[2026-09-22 02:57:33] GET /api/agents/6aa26c7ce0ac9a5ee05d2b95/conversations -> HTTP 403 (next candidate)
[2026-09-22 02:57:43] GET /api/agents/6aa26c7ce0ac9a5ee05d2b95/conversations/6aa26c825d5b4135ae6b48b5/messages -> HTTP 403 (next candidate)
[2026-09-22 02:57:43] GET /api/agents/6aa26c7ce0ac9a5ee05d2b95/conversations/6aa26c825d5b4135ae6b48b5 -> HTTP 403 (next candidate)
[2026-09-22 02:57:43] GET /api/agents/6aa26c7ce0ac9a5ee05d2b95/conversations -> HTTP 403 (next candidate)
[2026-09-22 02:57:53] GET /api/agents/6aa26c7ce0ac9a5ee05d2b95/conversations/6aa26c825d5b4135ae6b48b5/messages -> HTTP 403 (next candidate)
[2026-09-22 02:57:54] GET /api/agents/6aa26c7ce0ac9a5ee05d2b95/conversations/6aa26c825d5b4135ae6b48b5 -> HTTP 403 (next candidate)
[2026-09-22 02:57:54] GET /api/agents/6aa26c7ce0ac9a5ee05d2b95/conversations -> HTTP 403 (next candidate)
[2026-09-22 02:58:04] GET /api/agents/6aa26c7ce0ac9a5ee05d2b95/conversations/6aa26c825d5b4135ae6b48b5/messages -> HTTP 403 (next candidate)
[2026-09-22 02:58:04] GET /api/agents/6aa26c7ce0ac9a5ee05d2b95/conversations/6aa26c825d5b4135ae6b48b5 -> HTTP 403 (next candidate)
[2026-09-22 02:58:04] GET /api/agents/6aa26c7ce0ac9a5ee05d2b95/conversations -> HTTP 403 (next candidate)
[2026-09-22 02:58:14] GET /api/agents/6aa26c7ce0ac9a5ee05d2b95/conversations/6aa26c825d5b4135ae6b48b5/messages -> HTTP 403 (next candidate)
[2026-09-22 02:58:14] GET /api/agents/6aa26c7ce0ac9a5ee05d2b95/conversations/6aa26c825d5b4135ae6b48b5 -> HTTP 403 (next candidate)
[2026-09-22 02:58:14] GET /api/agents/6aa26c7ce0ac9a5ee05d2b95/conversations -> HTTP 403 (next candidate)
[2026-09-22 02:58:24] GET /api/agents/6aa26c7ce0ac9a5ee05d2b95/conversations/6aa26c825d5b4135ae6b48b5/messages -> HTTP 403 (next candidate)
[2026-09-22 02:58:25] GET /api/agents/6aa26c7ce0ac9a5ee05d2b95/conversations/6aa26c825d5b4135ae6b48b5 -> HTTP 403 (next candidate)
[2026-09-22 02:58:25] GET /api/agents/6aa26c7ce0ac9a5ee05d2b95/conversations -> HTTP 403 (next candidate)
[2026-09-22 02:58:35] GET /api/agents/6aa26c7ce0ac9a5ee05d2b95/conversations/6aa26c825d5b4135ae6b48b5/messages -> HTTP 403 (next candidate)
[2026-09-22 02:58:35] GET /api/agents/6aa26c7ce0ac9a5ee05d2b95/conversations/6aa26c825d5b4135ae6b48b5 -> HTTP 403 (next candidate)
[2026-09-22 02:58:35] GET /api/agents/6aa26c7ce0ac9a5ee05d2b95/conversations -> HTTP 403 (next candidate)
[2026-09-22 02:58:45] GET /api/agents/6aa26c7ce0ac9a5ee05d2b95/conversations/6aa26c825d5b4135ae6b48b5/messages -> HTTP 403 (next candidate)
[2026-09-22 02:58:45] GET /api/agents/6aa26c7ce0ac9a5ee05d2b95/conversations/6aa26c825d5b4135ae6b48b5 -> HTTP 403 (next candidate)
[2026-09-22 02:58:45] GET /api/agents/6aa26c7ce0ac9a5ee05d2b95/conversations -> HTTP 403 (next candidate)
[2026-09-22 02:58:55] GET /api/agents/6aa26c7ce0ac9a5ee05d2b95/conversations/6aa26c825d5b4135ae6b48b5/messages -> HTTP 403 (next candidate)
[2026-09-22 02:58:56] GET /api/agents/6aa26c7ce0ac9a5ee05d2b95/conversations/6aa26c825d5b4135ae6b48b5 -> HTTP 403 (next candidate)
[2026-09-22 02:58:56] GET /api/agents/6aa26c7ce0ac9a5ee05d2b95/conversations -> HTTP 403 (next candidate)
[2026-09-22 02:59:06] GET /api/agents/6aa26c7ce0ac9a5ee05d2b95/conversations/6aa26c825d5b4135ae6b48b5/messages -> HTTP 403 (next candidate)
[2026-09-22 02:59:06] GET /api/agents/6aa26c7ce0ac9a5ee05d2b95/conversations/6aa26c825d5b4135ae6b48b5 -> HTTP 403 (next candidate)
[2026-09-22 02:59:06] GET /api/agents/6aa26c7ce0ac9a5ee05d2b95/conversations -> HTTP 403 (next candidate)
[2026-09-22 02:59:16] GET /api/agents/6aa26c7ce0ac9a5ee05d2b95/conversations/6aa26c825d5b4135ae6b48b5/messages -> HTTP 403 (next candidate)
[2026-09-22 02:59:16] GET /api/agents/6aa26c7ce0ac9a5ee05d2b95/conversations/6aa26c825d5b4135ae6b48b5 -> HTTP 403 (next candidate)
[2026-09-22 02:59:16] GET /api/agents/6aa26c7ce0ac9a5ee05d2b95/conversations -> HTTP 403 (next candidate)
[2026-09-22 02:59:27] GET /api/agents/6aa26c7ce0ac9a5ee05d2b95/conversations/6aa26c825d5b4135ae6b48b5/messages -> HTTP 403 (next candidate)
[2026-09-22 02:59:27] GET /api/agents/6aa26c7ce0ac9a5ee05d2b95/conversations/6aa26c825d5b4135ae6b48b5 -> HTTP 403 (next candidate)
[2026-09-22 02:59:27] GET /api/agents/6aa26c7ce0ac9a5ee05d2b95/conversations -> HTTP 403 (next candidate)
[2026-09-22 02:59:37] GET /api/agents/6aa26c7ce0ac9a5ee05d2b95/conversations/6aa26c825d5b4135ae6b48b5/messages -> HTTP 403 (next candidate)
[2026-09-22 02:59:37] GET /api/agents/6aa26c7ce0ac9a5ee05d2b95/conversations/6aa26c825d5b4135ae6b48b5 -> HTTP 403 (next candidate)
[2026-09-22 02:59:37] GET /api/agents/6aa26c7ce0ac9a5ee05d2b95/conversations -> HTTP 403 (next candidate)
[2026-09-22 02:59:47] GET /api/agents/6aa26c7ce0ac9a5ee05d2b95/conversations/6aa26c825d5b4135ae6b48b5/messages -> HTTP 403 (next candidate)
[2026-09-22 02:59:47] GET /api/agents/6aa26c7ce0ac9a5ee05d2b95/conversations/6aa26c825d5b4135ae6b48b5 -> HTTP 403 (next candidate)
[2026-09-22 02:59:47] GET /api/agents/6aa26c7ce0ac9a5ee05d2b95/conversations -> HTTP 403 (next candidate)
[2026-09-22 02:59:58] GET /api/agents/6aa26c7ce0ac9a5ee05d2b95/conversations/6aa26c825d5b4135ae6b48b5/messages -> HTTP 403 (next candidate)
[2026-09-22 02:59:58] GET /api/agents/6aa26c7ce0ac9a5ee05d2b95/conversations/6aa26c825d5b4135ae6b48b5 -> HTTP 403 (next candidate)
[2026-09-22 02:59:58] GET /api/agents/6aa26c7ce0ac9a5ee05d2b95/conversations -> HTTP 403 (next candidate)
[2026-09-22 03:00:08] GET /api/agents/6aa26c7ce0ac9a5ee05d2b95/conversations/6aa26c825d5b4135ae6b48b5/messages -> HTTP 403 (next candidate)
[2026-09-22 03:00:08] GET /api/agents/6aa26c7ce0ac9a5ee05d2b95/conversations/6aa26c825d5b4135ae6b48b5 -> HTTP 403 (next candidate)
[2026-09-22 03:00:08] GET /api/agents/6aa26c7ce0ac9a5ee05d2b95/conversations -> HTTP 403 (next candidate)
[2026-09-22 03:00:18] GET /api/agents/6aa26c7ce0ac9a5ee05d2b95/conversations/6aa26c825d5b4135ae6b48b5/messages -> HTTP 403 (next candidate)
[2026-09-22 03:00:18] GET /api/agents/6aa26c7ce0ac9a5ee05d2b95/conversations/6aa26c825d5b4135ae6b48b5 -> HTTP 403 (next candidate)
[2026-09-22 03:00:18] GET /api/agents/6aa26c7ce0ac9a5ee05d2b95/conversations -> HTTP 403 (next candidate)
[2026-09-22 03:00:29] GET /api/agents/6aa26c7ce0ac9a5ee05d2b95/conversations/6aa26c825d5b4135ae6b48b5/messages -> HTTP 403 (next candidate)
[2026-09-22 03:00:29] GET /api/agents/6aa26c7ce0ac9a5ee05d2b95/conversations/6aa26c825d5b4135ae6b48b5 -> HTTP 403 (next candidate)
[2026-09-22 03:00:29] GET /api/agents/6aa26c7ce0ac9a5ee05d2b95/conversations -> HTTP 403 (next candidate)
[2026-09-22 03:00:39] GET /api/agents/6aa26c7ce0ac9a5ee05d2b95/conversations/6aa26c825d5b4135ae6b48b5/messages -> HTTP 403 (next candidate)
[2026-09-22 03:00:39] GET /api/agents/6aa26c7ce0ac9a5ee05d2b95/conversations/6aa26c825d5b4135ae6b48b5 -> HTTP 403 (next candidate)
[2026-09-22 03:00:40] GET /api/agents/6aa26c7ce0ac9a5ee05d2b95/conversations -> HTTP 403 (next candidate)
[2026-09-22 03:00:50] GET /api/agents/6aa26c7ce0ac9a5ee05d2b95/conversations/6aa26c825d5b4135ae6b48b5/messages -> HTTP 403 (next candidate)
[2026-09-22 03:00:50] GET /api/agents/6aa26c7ce0ac9a5ee05d2b95/conversations/6aa26c825d5b4135ae6b48b5 -> HTTP 403 (next candidate)
[2026-09-22 03:00:50] GET /api/agents/6aa26c7ce0ac9a5ee05d2b95/conversations -> HTTP 403 (next candidate)
[2026-09-22 03:01:00] GET /api/agents/6aa26c7ce0ac9a5ee05d2b95/conversations/6aa26c825d5b4135ae6b48b5/messages -> HTTP 403 (next candidate)
[2026-09-22 03:01:00] GET /api/agents/6aa26c7ce0ac9a5ee05d2b95/conversations/6aa26c825d5b4135ae6b48b5 -> HTTP 403 (next candidate)
[2026-09-22 03:01:00] GET /api/agents/6aa26c7ce0ac9a5ee05d2b95/conversations -> HTTP 403 (next candidate)
[2026-09-22 03:01:10] GET /api/agents/6aa26c7ce0ac9a5ee05d2b95/conversations/6aa26c825d5b4135ae6b48b5/messages -> HTTP 403 (next candidate)
[2026-09-22 03:01:10] GET /api/agents/6aa26c7ce0ac9a5ee05d2b95/conversations/6aa26c825d5b4135ae6b48b5 -> HTTP 403 (next candidate)
[2026-09-22 03:01:11] GET /api/agents/6aa26c7ce0ac9a5ee05d2b95/conversations -> HTTP 403 (next candidate)
[2026-09-22 03:01:21] GET /api/agents/6aa26c7ce0ac9a5ee05d2b95/conversations/6aa26c825d5b4135ae6b48b5/messages -> HTTP 403 (next candidate)
[2026-09-22 03:01:21] GET /api/agents/6aa26c7ce0ac9a5ee05d2b95/conversations/6aa26c825d5b4135ae6b48b5 -> HTTP 403 (next candidate)
[2026-09-22 03:01:21] GET /api/agents/6aa26c7ce0ac9a5ee05d2b95/conversations -> HTTP 403 (next candidate)
[2026-09-22 03:01:31] GET /api/agents/6aa26c7ce0ac9a5ee05d2b95/conversations/6aa26c825d5b4135ae6b48b5/messages -> HTTP 403 (next candidate)
[2026-09-22 03:01:31] GET /api/agents/6aa26c7ce0ac9a5ee05d2b95/conversations/6aa26c825d5b4135ae6b48b5 -> HTTP 403 (next candidate)
[2026-09-22 03:01:31] GET /api/agents/6aa26c7ce0ac9a5ee05d2b95/conversations -> HTTP 403 (next candidate)
[2026-09-22 03:01:41] GET /api/agents/6aa26c7ce0ac9a5ee05d2b95/conversations/6aa26c825d5b4135ae6b48b5/messages -> HTTP 403 (next candidate)
[2026-09-22 03:01:41] GET /api/agents/6aa26c7ce0ac9a5ee05d2b95/conversations/6aa26c825d5b4135ae6b48b5 -> HTTP 403 (next candidate)
[2026-09-22 03:01:42] GET /api/agents/6aa26c7ce0ac9a5ee05d2b95/conversations -> HTTP 403 (next candidate)
[2026-09-22 03:01:52] GET /api/agents/6aa26c7ce0ac9a5ee05d2b95/conversations/6aa26c825d5b4135ae6b48b5/messages -> HTTP 403 (next candidate)
[2026-09-22 03:01:52] GET /api/agents/6aa26c7ce0ac9a5ee05d2b95/conversations/6aa26c825d5b4135ae6b48b5 -> HTTP 403 (next candidate)
[2026-09-22 03:01:52] GET /api/agents/6aa26c7ce0ac9a5ee05d2b95/conversations -> HTTP 403 (next candidate)
[2026-09-22 03:02:02] GET /api/agents/6aa26c7ce0ac9a5ee05d2b95/conversations/6aa26c825d5b4135ae6b48b5/messages -> HTTP 403 (next candidate)
[2026-09-22 03:02:02] GET /api/agents/6aa26c7ce0ac9a5ee05d2b95/conversations/6aa26c825d5b4135ae6b48b5 -> HTTP 403 (next candidate)
[2026-09-22 03:02:02] GET /api/agents/6aa26c7ce0ac9a5ee05d2b95/conversations -> HTTP 403 (next candidate)
[2026-09-22 03:02:12] GET /api/agents/6aa26c7ce0ac9a5ee05d2b95/conversations/6aa26c825d5b4135ae6b48b5/messages -> HTTP 403 (next candidate)
[2026-09-22 03:02:12] GET /api/agents/6aa26c7ce0ac9a5ee05d2b95/conversations/6aa26c825d5b4135ae6b48b5 -> HTTP 403 (next candidate)
[2026-09-22 03:02:13] GET /api/agents/6aa26c7ce0ac9a5ee05d2b95/conversations -> HTTP 403 (next candidate)
[2026-09-22 03:02:23] GET /api/agents/6aa26c7ce0ac9a5ee05d2b95/conversations/6aa26c825d5b4135ae6b48b5/messages -> HTTP 403 (next candidate)
[2026-09-22 03:02:23] GET /api/agents/6aa26c7ce0ac9a5ee05d2b95/conversations/6aa26c825d5b4135ae6b48b5 -> HTTP 403 (next candidate)
[2026-09-22 03:02:23] GET /api/agents/6aa26c7ce0ac9a5ee05d2b95/conversations -> HTTP 403 (next candidate)
[2026-09-22 03:02:33] GET /api/agents/6aa26c7ce0ac9a5ee05d2b95/conversations/6aa26c825d5b4135ae6b48b5/messages -> HTTP 403 (next candidate)
[2026-09-22 03:02:33] GET /api/agents/6aa26c7ce0ac9a5ee05d2b95/conversations/6aa26c825d5b4135ae6b48b5 -> HTTP 403 (next candidate)
[2026-09-22 03:02:33] GET /api/agents/6aa26c7ce0ac9a5ee05d2b95/conversations -> HTTP 403 (next candidate)
[2026-09-22 03:02:44] GET /api/agents/6aa26c7ce0ac9a5ee05d2b95/conversations/6aa26c825d5b4135ae6b48b5/messages -> HTTP 403 (next candidate)
[2026-09-22 03:02:44] GET /api/agents/6aa26c7ce0ac9a5ee05d2b95/conversations/6aa26c825d5b4135ae6b48b5 -> HTTP 403 (next candidate)
[2026-09-22 03:02:44] GET /api/agents/6aa26c7ce0ac9a5ee05d2b95/conversations -> HTTP 403 (next candidate)
[2026-09-22 03:02:54] GET /api/agents/6aa26c7ce0ac9a5ee05d2b95/conversations/6aa26c825d5b4135ae6b48b5/messages -> HTTP 403 (next candidate)
[2026-09-22 03:02:54] GET /api/agents/6aa26c7ce0ac9a5ee05d2b95/conversations/6aa26c825d5b4135ae6b48b5 -> HTTP 403 (next candidate)
[2026-09-22 03:02:54] GET /api/agents/6aa26c7ce0ac9a5ee05d2b95/conversations -> HTTP 403 (next candidate)
[2026-09-22 03:03:04] GET /api/agents/6aa26c7ce0ac9a5ee05d2b95/conversations/6aa26c825d5b4135ae6b48b5/messages -> HTTP 403 (next candidate)
[2026-09-22 03:03:04] GET /api/agents/6aa26c7ce0ac9a5ee05d2b95/conversations/6aa26c825d5b4135ae6b48b5 -> HTTP 403 (next candidate)
[2026-09-22 03:03:05] GET /api/agents/6aa26c7ce0ac9a5ee05d2b95/conversations -> HTTP 403 (next candidate)
[2026-09-22 03:03:15] GET /api/agents/6aa26c7ce0ac9a5ee05d2b95/conversations/6aa26c825d5b4135ae6b48b5/messages -> HTTP 403 (next candidate)
[2026-09-22 03:03:15] GET /api/agents/6aa26c7ce0ac9a5ee05d2b95/conversations/6aa26c825d5b4135ae6b48b5 -> HTTP 403 (next candidate)
[2026-09-22 03:03:15] GET /api/agents/6aa26c7ce0ac9a5ee05d2b95/conversations -> HTTP 403 (next candidate)
[2026-09-22 03:03:25] GET /api/agents/6aa26c7ce0ac9a5ee05d2b95/conversations/6aa26c825d5b4135ae6b48b5/messages -> HTTP 403 (next candidate)
[2026-09-22 03:03:25] GET /api/agents/6aa26c7ce0ac9a5ee05d2b95/conversations/6aa26c825d5b4135ae6b48b5 -> HTTP 403 (next candidate)
[2026-09-22 03:03:25] GET /api/agents/6aa26c7ce0ac9a5ee05d2b95/conversations -> HTTP 403 (next candidate)
[2026-09-22 03:03:35] GET /api/agents/6aa26c7ce0ac9a5ee05d2b95/conversations/6aa26c825d5b4135ae6b48b5/messages -> HTTP 403 (next candidate)
[2026-09-22 03:03:36] GET /api/agents/6aa26c7ce0ac9a5ee05d2b95/conversations/6aa26c825d5b4135ae6b48b5 -> HTTP 403 (next candidate)
[2026-09-22 03:03:36] GET /api/agents/6aa26c7ce0ac9a5ee05d2b95/conversations -> HTTP 403 (next candidate)
[2026-09-22 03:03:46] GET /api/agents/6aa26c7ce0ac9a5ee05d2b95/conversations/6aa26c825d5b4135ae6b48b5/messages -> HTTP 403 (next candidate)
[2026-09-22 03:03:46] GET /api/agents/6aa26c7ce0ac9a5ee05d2b95/conversations/6aa26c825d5b4135ae6b48b5 -> HTTP 403 (next candidate)
[2026-09-22 03:03:46] GET /api/agents/6aa26c7ce0ac9a5ee05d2b95/conversations -> HTTP 403 (next candidate)
[2026-09-22 03:03:56] GET /api/agents/6aa26c7ce0ac9a5ee05d2b95/conversations/6aa26c825d5b4135ae6b48b5/messages -> HTTP 403 (next candidate)
[2026-09-22 03:03:56] GET /api/agents/6aa26c7ce0ac9a5ee05d2b95/conversations/6aa26c825d5b4135ae6b48b5 -> HTTP 403 (next candidate)
[2026-09-22 03:03:56] GET /api/agents/6aa26c7ce0ac9a5ee05d2b95/conversations -> HTTP 403 (next candidate)
[2026-09-22 03:04:06] GET /api/agents/6aa26c7ce0ac9a5ee05d2b95/conversations/6aa26c825d5b4135ae6b48b5/messages -> HTTP 403 (next candidate)
[2026-09-22 03:04:07] GET /api/agents/6aa26c7ce0ac9a5ee05d2b95/conversations/6aa26c825d5b4135ae6b48b5 -> HTTP 403 (next candidate)
[2026-09-22 03:04:07] GET /api/agents/6aa26c7ce0ac9a5ee05d2b95/conversations -> HTTP 403 (next candidate)
[2026-09-22 03:04:17] GET /api/agents/6aa26c7ce0ac9a5ee05d2b95/conversations/6aa26c825d5b4135ae6b48b5/messages -> HTTP 403 (next candidate)
[2026-09-22 03:04:17] GET /api/agents/6aa26c7ce0ac9a5ee05d2b95/conversations/6aa26c825d5b4135ae6b48b5 -> HTTP 403 (next candidate)
[2026-09-22 03:04:17] GET /api/agents/6aa26c7ce0ac9a5ee05d2b95/conversations -> HTTP 403 (next candidate)
[2026-09-22 03:04:27] GET /api/agents/6aa26c7ce0ac9a5ee05d2b95/conversations/6aa26c825d5b4135ae6b48b5/messages -> HTTP 403 (next candidate)
[2026-09-22 03:04:27] GET /api/agents/6aa26c7ce0ac9a5ee05d2b95/conversations/6aa26c825d5b4135ae6b48b5 -> HTTP 403 (next candidate)
[2026-09-22 03:04:27] GET /api/agents/6aa26c7ce0ac9a5ee05d2b95/conversations -> HTTP 403 (next candidate)
[2026-09-22 03:04:38] GET /api/agents/6aa26c7ce0ac9a5ee05d2b95/conversations/6aa26c825d5b4135ae6b48b5/messages -> HTTP 403 (next candidate)
[2026-09-22 03:04:38] GET /api/agents/6aa26c7ce0ac9a5ee05d2b95/conversations/6aa26c825d5b4135ae6b48b5 -> HTTP 403 (next candidate)
[2026-09-22 03:04:38] GET /api/agents/6aa26c7ce0ac9a5ee05d2b95/conversations -> HTTP 403 (next candidate)
[2026-09-22 03:04:48] GET /api/agents/6aa26c7ce0ac9a5ee05d2b95/conversations/6aa26c825d5b4135ae6b48b5/messages -> HTTP 403 (next candidate)
[2026-09-22 03:04:48] GET /api/agents/6aa26c7ce0ac9a5ee05d2b95/conversations/6aa26c825d5b4135ae6b48b5 -> HTTP 403 (next candidate)
[2026-09-22 03:04:48] GET /api/agents/6aa26c7ce0ac9a5ee05d2b95/conversations -> HTTP 403 (next candidate)
[2026-09-22 03:04:58] GET /api/agents/6aa26c7ce0ac9a5ee05d2b95/conversations/6aa26c825d5b4135ae6b48b5/messages -> HTTP 403 (next candidate)
[2026-09-22 03:04:58] GET /api/agents/6aa26c7ce0ac9a5ee05d2b95/conversations/6aa26c825d5b4135ae6b48b5 -> HTTP 403 (next candidate)
[2026-09-22 03:04:58] GET /api/agents/6aa26c7ce0ac9a5ee05d2b95/conversations -> HTTP 403 (next candidate)
[2026-09-22 03:05:09] GET /api/agents/6aa26c7ce0ac9a5ee05d2b95/conversations/6aa26c825d5b4135ae6b48b5/messages -> HTTP 403 (next candidate)
[2026-09-22 03:05:09] GET /api/agents/6aa26c7ce0ac9a5ee05d2b95/conversations/6aa26c825d5b4135ae6b48b5 -> HTTP 403 (next candidate)
[2026-09-22 03:05:09] GET /api/agents/6aa26c7ce0ac9a5ee05d2b95/conversations -> HTTP 403 (next candidate)
[2026-09-22 03:05:19] GET /api/agents/6aa26c7ce0ac9a5ee05d2b95/conversations/6aa26c825d5b4135ae6b48b5/messages -> HTTP 403 (next candidate)
[2026-09-22 03:05:19] GET /api/agents/6aa26c7ce0ac9a5ee05d2b95/conversations/6aa26c825d5b4135ae6b48b5 -> HTTP 403 (next candidate)
[2026-09-22 03:05:19] GET /api/agents/6aa26c7ce0ac9a5ee05d2b95/conversations -> HTTP 403 (next candidate)
[2026-09-22 03:05:29] GET /api/agents/6aa26c7ce0ac9a5ee05d2b95/conversations/6aa26c825d5b4135ae6b48b5/messages -> HTTP 403 (next candidate)
[2026-09-22 03:05:29] GET /api/agents/6aa26c7ce0ac9a5ee05d2b95/conversations/6aa26c825d5b4135ae6b48b5 -> HTTP 403 (next candidate)
[2026-09-22 03:05:30] GET /api/agents/6aa26c7ce0ac9a5ee05d2b95/conversations -> HTTP 403 (next candidate)
[2026-09-22 03:05:40] GET /api/agents/6aa26c7ce0ac9a5ee05d2b95/conversations/6aa26c825d5b4135ae6b48b5/messages -> HTTP 403 (next candidate)
[2026-09-22 03:05:40] GET /api/agents/6aa26c7ce0ac9a5ee05d2b95/conversations/6aa26c825d5b4135ae6b48b5 -> HTTP 403 (next candidate)
[2026-09-22 03:05:40] GET /api/agents/6aa26c7ce0ac9a5ee05d2b95/conversations -> HTTP 403 (next candidate)
[2026-09-22 03:05:50] GET /api/agents/6aa26c7ce0ac9a5ee05d2b95/conversations/6aa26c825d5b4135ae6b48b5/messages -> HTTP 403 (next candidate)
[2026-09-22 03:05:51] GET /api/agents/6aa26c7ce0ac9a5ee05d2b95/conversations/6aa26c825d5b4135ae6b48b5 -> HTTP 403 (next candidate)
[2026-09-22 03:05:51] GET /api/agents/6aa26c7ce0ac9a5ee05d2b95/conversations -> HTTP 403 (next candidate)
[2026-09-22 03:06:01] GET /api/agents/6aa26c7ce0ac9a5ee05d2b95/conversations/6aa26c825d5b4135ae6b48b5/messages -> HTTP 403 (next candidate)
[2026-09-22 03:06:01] GET /api/agents/6aa26c7ce0ac9a5ee05d2b95/conversations/6aa26c825d5b4135ae6b48b5 -> HTTP 403 (next candidate)
[2026-09-22 03:06:01] GET /api/agents/6aa26c7ce0ac9a5ee05d2b95/conversations -> HTTP 403 (next candidate)
[2026-09-22 03:06:11] GET /api/agents/6aa26c7ce0ac9a5ee05d2b95/conversations/6aa26c825d5b4135ae6b48b5/messages -> HTTP 403 (next candidate)
[2026-09-22 03:06:11] GET /api/agents/6aa26c7ce0ac9a5ee05d2b95/conversations/6aa26c825d5b4135ae6b48b5 -> HTTP 403 (next candidate)
[2026-09-22 03:06:11] GET /api/agents/6aa26c7ce0ac9a5ee05d2b95/conversations -> HTTP 403 (next candidate)
[2026-09-22 03:06:22] GET /api/agents/6aa26c7ce0ac9a5ee05d2b95/conversations/6aa26c825d5b4135ae6b48b5/messages -> HTTP 403 (next candidate)
[2026-09-22 03:06:22] GET /api/agents/6aa26c7ce0ac9a5ee05d2b95/conversations/6aa26c825d5b4135ae6b48b5 -> HTTP 403 (next candidate)
[2026-09-22 03:06:22] GET /api/agents/6aa26c7ce0ac9a5ee05d2b95/conversations -> HTTP 403 (next candidate)
[2026-09-22 03:06:32] GET /api/agents/6aa26c7ce0ac9a5ee05d2b95/conversations/6aa26c825d5b4135ae6b48b5/messages -> HTTP 403 (next candidate)
[2026-09-22 03:06:32] GET /api/agents/6aa26c7ce0ac9a5ee05d2b95/conversations/6aa26c825d5b4135ae6b48b5 -> HTTP 403 (next candidate)
[2026-09-22 03:06:32] GET /api/agents/6aa26c7ce0ac9a5ee05d2b95/conversations -> HTTP 403 (next candidate)
[2026-09-22 03:06:42] GET /api/agents/6aa26c7ce0ac9a5ee05d2b95/conversations/6aa26c825d5b4135ae6b48b5/messages -> HTTP 403 (next candidate)
[2026-09-22 03:06:42] GET /api/agents/6aa26c7ce0ac9a5ee05d2b95/conversations/6aa26c825d5b4135ae6b48b5 -> HTTP 403 (next candidate)
[2026-09-22 03:06:42] GET /api/agents/6aa26c7ce0ac9a5ee05d2b95/conversations -> HTTP 403 (next candidate)
[2026-09-22 03:06:53] GET /api/agents/6aa26c7ce0ac9a5ee05d2b95/conversations/6aa26c825d5b4135ae6b48b5/messages -> HTTP 403 (next candidate)
[2026-09-22 03:06:53] GET /api/agents/6aa26c7ce0ac9a5ee05d2b95/conversations/6aa26c825d5b4135ae6b48b5 -> HTTP 403 (next candidate)
[2026-09-22 03:06:53] GET /api/agents/6aa26c7ce0ac9a5ee05d2b95/conversations -> HTTP 403 (next candidate)
[2026-09-22 03:07:03] GET /api/agents/6aa26c7ce0ac9a5ee05d2b95/conversations/6aa26c825d5b4135ae6b48b5/messages -> HTTP 403 (next candidate)
[2026-09-22 03:07:03] GET /api/agents/6aa26c7ce0ac9a5ee05d2b95/conversations/6aa26c825d5b4135ae6b48b5 -> HTTP 403 (next candidate)
[2026-09-22 03:07:03] GET /api/agents/6aa26c7ce0ac9a5ee05d2b95/conversations -> HTTP 403 (next candidate)
[2026-09-22 03:07:13] GET /api/agents/6aa26c7ce0ac9a5ee05d2b95/conversations/6aa26c825d5b4135ae6b48b5/messages -> HTTP 403 (next candidate)
[2026-09-22 03:07:13] GET /api/agents/6aa26c7ce0ac9a5ee05d2b95/conversations/6aa26c825d5b4135ae6b48b5 -> HTTP 403 (next candidate)
[2026-09-22 03:07:14] GET /api/agents/6aa26c7ce0ac9a5ee05d2b95/conversations -> HTTP 403 (next candidate)
[2026-09-22 03:07:24] GET /api/agents/6aa26c7ce0ac9a5ee05d2b95/conversations/6aa26c825d5b4135ae6b48b5/messages -> HTTP 403 (next candidate)
[2026-09-22 03:07:24] GET /api/agents/6aa26c7ce0ac9a5ee05d2b95/conversations/6aa26c825d5b4135ae6b48b5 -> HTTP 403 (next candidate)
[2026-09-22 03:07:24] GET /api/agents/6aa26c7ce0ac9a5ee05d2b95/conversations -> HTTP 403 (next candidate)
[2026-09-22 03:07:34] GET /api/agents/6aa26c7ce0ac9a5ee05d2b95/conversations/6aa26c825d5b4135ae6b48b5/messages -> HTTP 403 (next candidate)
[2026-09-22 03:07:34] GET /api/agents/6aa26c7ce0ac9a5ee05d2b95/conversations/6aa26c825d5b4135ae6b48b5 -> HTTP 403 (next candidate)
[2026-09-22 03:07:34] GET /api/agents/6aa26c7ce0ac9a5ee05d2b95/conversations -> HTTP 403 (next candidate)
[2026-09-22 03:07:44] GET /api/agents/6aa26c7ce0ac9a5ee05d2b95/conversations/6aa26c825d5b4135ae6b48b5/messages -> HTTP 403 (next candidate)
[2026-09-22 03:07:44] GET /api/agents/6aa26c7ce0ac9a5ee05d2b95/conversations/6aa26c825d5b4135ae6b48b5 -> HTTP 403 (next candidate)
[2026-09-22 03:07:45] GET /api/agents/6aa26c7ce0ac9a5ee05d2b95/conversations -> HTTP 403 (next candidate)
[2026-09-22 03:07:55] GET /api/agents/6aa26c7ce0ac9a5ee05d2b95/conversations/6aa26c825d5b4135ae6b48b5/messages -> HTTP 403 (next candidate)
[2026-09-22 03:07:55] GET /api/agents/6aa26c7ce0ac9a5ee05d2b95/conversations/6aa26c825d5b4135ae6b48b5 -> HTTP 403 (next candidate)
[2026-09-22 03:07:55] GET /api/agents/6aa26c7ce0ac9a5ee05d2b95/conversations -> HTTP 403 (next candidate)
[2026-09-22 03:08:05] GET /api/agents/6aa26c7ce0ac9a5ee05d2b95/conversations/6aa26c825d5b4135ae6b48b5/messages -> HTTP 403 (next candidate)
[2026-09-22 03:08:05] GET /api/agents/6aa26c7ce0ac9a5ee05d2b95/conversations/6aa26c825d5b4135ae6b48b5 -> HTTP 403 (next candidate)
[2026-09-22 03:08:06] GET /api/agents/6aa26c7ce0ac9a5ee05d2b95/conversations -> HTTP 403 (next candidate)
[2026-09-22 03:08:16] GET /api/agents/6aa26c7ce0ac9a5ee05d2b95/conversations/6aa26c825d5b4135ae6b48b5/messages -> HTTP 403 (next candidate)
[2026-09-22 03:08:16] GET /api/agents/6aa26c7ce0ac9a5ee05d2b95/conversations/6aa26c825d5b4135ae6b48b5 -> HTTP 403 (next candidate)
[2026-09-22 03:08:16] GET /api/agents/6aa26c7ce0ac9a5ee05d2b95/conversations -> HTTP 403 (next candidate)
[2026-09-22 03:08:26] GET /api/agents/6aa26c7ce0ac9a5ee05d2b95/conversations/6aa26c825d5b4135ae6b48b5/messages -> HTTP 403 (next candidate)
[2026-09-22 03:08:26] GET /api/agents/6aa26c7ce0ac9a5ee05d2b95/conversations/6aa26c825d5b4135ae6b48b5 -> HTTP 403 (next candidate)
[2026-09-22 03:08:26] GET /api/agents/6aa26c7ce0ac9a5ee05d2b95/conversations -> HTTP 403 (next candidate)
[2026-09-22 03:08:36] GET /api/agents/6aa26c7ce0ac9a5ee05d2b95/conversations/6aa26c825d5b4135ae6b48b5/messages -> HTTP 403 (next candidate)
[2026-09-22 03:08:37] GET /api/agents/6aa26c7ce0ac9a5ee05d2b95/conversations/6aa26c825d5b4135ae6b48b5 -> HTTP 403 (next candidate)
[2026-09-22 03:08:37] GET /api/agents/6aa26c7ce0ac9a5ee05d2b95/conversations -> HTTP 403 (next candidate)
[2026-09-22 03:08:47] GET /api/agents/6aa26c7ce0ac9a5ee05d2b95/conversations/6aa26c825d5b4135ae6b48b5/messages -> HTTP 403 (next candidate)
[2026-09-22 03:08:47] GET /api/agents/6aa26c7ce0ac9a5ee05d2b95/conversations/6aa26c825d5b4135ae6b48b5 -> HTTP 403 (next candidate)
[2026-09-22 03:08:47] GET /api/agents/6aa26c7ce0ac9a5ee05d2b95/conversations -> HTTP 403 (next candidate)
[2026-09-22 03:08:57] GET /api/agents/6aa26c7ce0ac9a5ee05d2b95/conversations/6aa26c825d5b4135ae6b48b5/messages -> HTTP 403 (next candidate)
[2026-09-22 03:08:57] GET /api/agents/6aa26c7ce0ac9a5ee05d2b95/conversations/6aa26c825d5b4135ae6b48b5 -> HTTP 403 (next candidate)
[2026-09-22 03:08:57] GET /api/agents/6aa26c7ce0ac9a5ee05d2b95/conversations -> HTTP 403 (next candidate)
[2026-09-22 03:09:08] GET /api/agents/6aa26c7ce0ac9a5ee05d2b95/conversations/6aa26c825d5b4135ae6b48b5/messages -> HTTP 403 (next candidate)
[2026-09-22 03:09:08] GET /api/agents/6aa26c7ce0ac9a5ee05d2b95/conversations/6aa26c825d5b4135ae6b48b5 -> HTTP 403 (next candidate)
[2026-09-22 03:09:08] GET /api/agents/6aa26c7ce0ac9a5ee05d2b95/conversations -> HTTP 403 (next candidate)
[2026-09-22 03:09:18] GET /api/agents/6aa26c7ce0ac9a5ee05d2b95/conversations/6aa26c825d5b4135ae6b48b5/messages -> HTTP 403 (next candidate)
[2026-09-22 03:09:18] GET /api/agents/6aa26c7ce0ac9a5ee05d2b95/conversations/6aa26c825d5b4135ae6b48b5 -> HTTP 403 (next candidate)
[2026-09-22 03:09:18] GET /api/agents/6aa26c7ce0ac9a5ee05d2b95/conversations -> HTTP 403 (next candidate)
[2026-09-22 03:09:28] GET /api/agents/6aa26c7ce0ac9a5ee05d2b95/conversations/6aa26c825d5b4135ae6b48b5/messages -> HTTP 403 (next candidate)
[2026-09-22 03:09:28] GET /api/agents/6aa26c7ce0ac9a5ee05d2b95/conversations/6aa26c825d5b4135ae6b48b5 -> HTTP 403 (next candidate)
[2026-09-22 03:09:29] GET /api/agents/6aa26c7ce0ac9a5ee05d2b95/conversations -> HTTP 403 (next candidate)
[2026-09-22 03:09:39] GET /api/agents/6aa26c7ce0ac9a5ee05d2b95/conversations/6aa26c825d5b4135ae6b48b5/messages -> HTTP 403 (next candidate)
[2026-09-22 03:09:39] GET /api/agents/6aa26c7ce0ac9a5ee05d2b95/conversations/6aa26c825d5b4135ae6b48b5 -> HTTP 403 (next candidate)
[2026-09-22 03:09:39] GET /api/agents/6aa26c7ce0ac9a5ee05d2b95/conversations -> HTTP 403 (next candidate)
[2026-09-22 03:09:49] GET /api/agents/6aa26c7ce0ac9a5ee05d2b95/conversations/6aa26c825d5b4135ae6b48b5/messages -> HTTP 403 (next candidate)
[2026-09-22 03:09:49] GET /api/agents/6aa26c7ce0ac9a5ee05d2b95/conversations/6aa26c825d5b4135ae6b48b5 -> HTTP 403 (next candidate)
[2026-09-22 03:09:49] GET /api/agents/6aa26c7ce0ac9a5ee05d2b95/conversations -> HTTP 403 (next candidate)
[2026-09-22 03:10:00] GET /api/agents/6aa26c7ce0ac9a5ee05d2b95/conversations/6aa26c825d5b4135ae6b48b5/messages -> HTTP 403 (next candidate)
[2026-09-22 03:10:00] GET /api/agents/6aa26c7ce0ac9a5ee05d2b95/conversations/6aa26c825d5b4135ae6b48b5 -> HTTP 403 (next candidate)
[2026-09-22 03:10:00] GET /api/agents/6aa26c7ce0ac9a5ee05d2b95/conversations -> HTTP 403 (next candidate)
[2026-09-22 03:10:10] GET /api/agents/6aa26c7ce0ac9a5ee05d2b95/conversations/6aa26c825d5b4135ae6b48b5/messages -> HTTP 403 (next candidate)
[2026-09-22 03:10:10] GET /api/agents/6aa26c7ce0ac9a5ee05d2b95/conversations/6aa26c825d5b4135ae6b48b5 -> HTTP 403 (next candidate)
[2026-09-22 03:10:10] GET /api/agents/6aa26c7ce0ac9a5ee05d2b95/conversations -> HTTP 403 (next candidate)
[2026-09-22 03:10:20] GET /api/agents/6aa26c7ce0ac9a5ee05d2b95/conversations/6aa26c825d5b4135ae6b48b5/messages -> HTTP 403 (next candidate)
[2026-09-22 03:10:20] GET /api/agents/6aa26c7ce0ac9a5ee05d2b95/conversations/6aa26c825d5b4135ae6b48b5 -> HTTP 403 (next candidate)
[2026-09-22 03:10:20] GET /api/agents/6aa26c7ce0ac9a5ee05d2b95/conversations -> HTTP 403 (next candidate)
[2026-09-22 03:10:31] GET /api/agents/6aa26c7ce0ac9a5ee05d2b95/conversations/6aa26c825d5b4135ae6b48b5/messages -> HTTP 403 (next candidate)
[2026-09-22 03:10:31] GET /api/agents/6aa26c7ce0ac9a5ee05d2b95/conversations/6aa26c825d5b4135ae6b48b5 -> HTTP 403 (next candidate)
[2026-09-22 03:10:31] GET /api/agents/6aa26c7ce0ac9a5ee05d2b95/conversations -> HTTP 403 (next candidate)
[2026-09-22 03:10:41] GET /api/agents/6aa26c7ce0ac9a5ee05d2b95/conversations/6aa26c825d5b4135ae6b48b5/messages -> HTTP 403 (next candidate)
[2026-09-22 03:10:41] GET /api/agents/6aa26c7ce0ac9a5ee05d2b95/conversations/6aa26c825d5b4135ae6b48b5 -> HTTP 403 (next candidate)
[2026-09-22 03:10:41] GET /api/agents/6aa26c7ce0ac9a5ee05d2b95/conversations -> HTTP 403 (next candidate)
[2026-09-22 03:10:51] GET /api/agents/6aa26c7ce0ac9a5ee05d2b95/conversations/6aa26c825d5b4135ae6b48b5/messages -> HTTP 403 (next candidate)
[2026-09-22 03:10:52] GET /api/agents/6aa26c7ce0ac9a5ee05d2b95/conversations/6aa26c825d5b4135ae6b48b5 -> HTTP 403 (next candidate)
[2026-09-22 03:10:52] GET /api/agents/6aa26c7ce0ac9a5ee05d2b95/conversations -> HTTP 403 (next candidate)
[2026-09-22 03:11:02] GET /api/agents/6aa26c7ce0ac9a5ee05d2b95/conversations/6aa26c825d5b4135ae6b48b5/messages -> HTTP 403 (next candidate)
[2026-09-22 03:11:02] GET /api/agents/6aa26c7ce0ac9a5ee05d2b95/conversations/6aa26c825d5b4135ae6b48b5 -> HTTP 403 (next candidate)
[2026-09-22 03:11:02] GET /api/agents/6aa26c7ce0ac9a5ee05d2b95/conversations -> HTTP 403 (next candidate)
[2026-09-22 03:11:12] GET /api/agents/6aa26c7ce0ac9a5ee05d2b95/conversations/6aa26c825d5b4135ae6b48b5/messages -> HTTP 403 (next candidate)
[2026-09-22 03:11:12] GET /api/agents/6aa26c7ce0ac9a5ee05d2b95/conversations/6aa26c825d5b4135ae6b48b5 -> HTTP 403 (next candidate)
[2026-09-22 03:11:12] GET /api/agents/6aa26c7ce0ac9a5ee05d2b95/conversations -> HTTP 403 (next candidate)
[2026-09-22 03:11:22] GET /api/agents/6aa26c7ce0ac9a5ee05d2b95/conversations/6aa26c825d5b4135ae6b48b5/messages -> HTTP 403 (next candidate)
[2026-09-22 03:11:22] GET /api/agents/6aa26c7ce0ac9a5ee05d2b95/conversations/6aa26c825d5b4135ae6b48b5 -> HTTP 403 (next candidate)
[2026-09-22 03:11:23] GET /api/agents/6aa26c7ce0ac9a5ee05d2b95/conversations -> HTTP 403 (next candidate)
[2026-09-22 03:11:33] GET /api/agents/6aa26c7ce0ac9a5ee05d2b95/conversations/6aa26c825d5b4135ae6b48b5/messages -> HTTP 403 (next candidate)
[2026-09-22 03:11:33] GET /api/agents/6aa26c7ce0ac9a5ee05d2b95/conversations/6aa26c825d5b4135ae6b48b5 -> HTTP 403 (next candidate)
[2026-09-22 03:11:33] GET /api/agents/6aa26c7ce0ac9a5ee05d2b95/conversations -> HTTP 403 (next candidate)
[2026-09-22 03:11:43] GET /api/agents/6aa26c7ce0ac9a5ee05d2b95/conversations/6aa26c825d5b4135ae6b48b5/messages -> HTTP 403 (next candidate)
[2026-09-22 03:11:43] GET /api/agents/6aa26c7ce0ac9a5ee05d2b95/conversations/6aa26c825d5b4135ae6b48b5 -> HTTP 403 (next candidate)
[2026-09-22 03:11:43] GET /api/agents/6aa26c7ce0ac9a5ee05d2b95/conversations -> HTTP 403 (next candidate)
[2026-09-22 03:11:53] GET /api/agents/6aa26c7ce0ac9a5ee05d2b95/conversations/6aa26c825d5b4135ae6b48b5/messages -> HTTP 403 (next candidate)
[2026-09-22 03:11:53] GET /api/agents/6aa26c7ce0ac9a5ee05d2b95/conversations/6aa26c825d5b4135ae6b48b5 -> HTTP 403 (next candidate)
[2026-09-22 03:11:54] GET /api/agents/6aa26c7ce0ac9a5ee05d2b95/conversations -> HTTP 403 (next candidate)
[2026-09-22 03:12:04] GET /api/agents/6aa26c7ce0ac9a5ee05d2b95/conversations/6aa26c825d5b4135ae6b48b5/messages -> HTTP 403 (next candidate)
[2026-09-22 03:12:04] GET /api/agents/6aa26c7ce0ac9a5ee05d2b95/conversations/6aa26c825d5b4135ae6b48b5 -> HTTP 403 (next candidate)
[2026-09-22 03:12:04] GET /api/agents/6aa26c7ce0ac9a5ee05d2b95/conversations -> HTTP 403 (next candidate)
[2026-09-22 03:12:15] GET /api/agents/6aa26c7ce0ac9a5ee05d2b95/conversations/6aa26c825d5b4135ae6b48b5/messages -> HTTP 403 (next candidate)
[2026-09-22 03:12:15] GET /api/agents/6aa26c7ce0ac9a5ee05d2b95/conversations/6aa26c825d5b4135ae6b48b5 -> HTTP 403 (next candidate)
[2026-09-22 03:12:15] GET /api/agents/6aa26c7ce0ac9a5ee05d2b95/conversations -> HTTP 403 (next candidate)
[2026-09-22 03:12:25] GET /api/agents/6aa26c7ce0ac9a5ee05d2b95/conversations/6aa26c825d5b4135ae6b48b5/messages -> HTTP 403 (next candidate)
[2026-09-22 03:12:25] GET /api/agents/6aa26c7ce0ac9a5ee05d2b95/conversations/6aa26c825d5b4135ae6b48b5 -> HTTP 403 (next candidate)
[2026-09-22 03:12:25] GET /api/agents/6aa26c7ce0ac9a5ee05d2b95/conversations -> HTTP 403 (next candidate)
[2026-09-22 03:12:35] GET /api/agents/6aa26c7ce0ac9a5ee05d2b95/conversations/6aa26c825d5b4135ae6b48b5/messages -> HTTP 403 (next candidate)
[2026-09-22 03:12:35] GET /api/agents/6aa26c7ce0ac9a5ee05d2b95/conversations/6aa26c825d5b4135ae6b48b5 -> HTTP 403 (next candidate)
[2026-09-22 03:12:35] GET /api/agents/6aa26c7ce0ac9a5ee05d2b95/conversations -> HTTP 403 (next candidate)
[2026-09-22 03:12:45] GET /api/agents/6aa26c7ce0ac9a5ee05d2b95/conversations/6aa26c825d5b4135ae6b48b5/messages -> HTTP 403 (next candidate)
[2026-09-22 03:12:46] GET /api/agents/6aa26c7ce0ac9a5ee05d2b95/conversations/6aa26c825d5b4135ae6b48b5 -> HTTP 403 (next candidate)
[2026-09-22 03:12:46] GET /api/agents/6aa26c7ce0ac9a5ee05d2b95/conversations -> HTTP 403 (next candidate)
[2026-09-22 03:12:56] GET /api/agents/6aa26c7ce0ac9a5ee05d2b95/conversations/6aa26c825d5b4135ae6b48b5/messages -> HTTP 403 (next candidate)
[2026-09-22 03:12:56] GET /api/agents/6aa26c7ce0ac9a5ee05d2b95/conversations/6aa26c825d5b4135ae6b48b5 -> HTTP 403 (next candidate)
[2026-09-22 03:12:56] GET /api/agents/6aa26c7ce0ac9a5ee05d2b95/conversations -> HTTP 403 (next candidate)
[2026-09-22 03:13:06] GET /api/agents/6aa26c7ce0ac9a5ee05d2b95/conversations/6aa26c825d5b4135ae6b48b5/messages -> HTTP 403 (next candidate)
[2026-09-22 03:13:06] GET /api/agents/6aa26c7ce0ac9a5ee05d2b95/conversations/6aa26c825d5b4135ae6b48b5 -> HTTP 403 (next candidate)
[2026-09-22 03:13:06] GET /api/agents/6aa26c7ce0ac9a5ee05d2b95/conversations -> HTTP 403 (next candidate)
[2026-09-22 03:13:17] GET /api/agents/6aa26c7ce0ac9a5ee05d2b95/conversations/6aa26c825d5b4135ae6b48b5/messages -> HTTP 403 (next candidate)
[2026-09-22 03:13:17] GET /api/agents/6aa26c7ce0ac9a5ee05d2b95/conversations/6aa26c825d5b4135ae6b48b5 -> HTTP 403 (next candidate)
[2026-09-22 03:13:17] GET /api/agents/6aa26c7ce0ac9a5ee05d2b95/conversations -> HTTP 403 (next candidate)
[2026-09-22 03:13:27] GET /api/agents/6aa26c7ce0ac9a5ee05d2b95/conversations/6aa26c825d5b4135ae6b48b5/messages -> HTTP 403 (next candidate)
[2026-09-22 03:13:27] GET /api/agents/6aa26c7ce0ac9a5ee05d2b95/conversations/6aa26c825d5b4135ae6b48b5 -> HTTP 403 (next candidate)
[2026-09-22 03:13:27] GET /api/agents/6aa26c7ce0ac9a5ee05d2b95/conversations -> HTTP 403 (next candidate)
[2026-09-22 03:13:37] GET /api/agents/6aa26c7ce0ac9a5ee05d2b95/conversations/6aa26c825d5b4135ae6b48b5/messages -> HTTP 403 (next candidate)
[2026-09-22 03:13:37] GET /api/agents/6aa26c7ce0ac9a5ee05d2b95/conversations/6aa26c825d5b4135ae6b48b5 -> HTTP 403 (next candidate)
[2026-09-22 03:13:37] GET /api/agents/6aa26c7ce0ac9a5ee05d2b95/conversations -> HTTP 403 (next candidate)
[2026-09-22 03:13:47] GET /api/agents/6aa26c7ce0ac9a5ee05d2b95/conversations/6aa26c825d5b4135ae6b48b5/messages -> HTTP 403 (next candidate)
[2026-09-22 03:13:48] GET /api/agents/6aa26c7ce0ac9a5ee05d2b95/conversations/6aa26c825d5b4135ae6b48b5 -> HTTP 403 (next candidate)
[2026-09-22 03:13:48] GET /api/agents/6aa26c7ce0ac9a5ee05d2b95/conversations -> HTTP 403 (next candidate)
[2026-09-22 03:13:58] GET /api/agents/6aa26c7ce0ac9a5ee05d2b95/conversations/6aa26c825d5b4135ae6b48b5/messages -> HTTP 403 (next candidate)
[2026-09-22 03:13:58] GET /api/agents/6aa26c7ce0ac9a5ee05d2b95/conversations/6aa26c825d5b4135ae6b48b5 -> HTTP 403 (next candidate)
[2026-09-22 03:13:58] GET /api/agents/6aa26c7ce0ac9a5ee05d2b95/conversations -> HTTP 403 (next candidate)
[2026-09-22 03:14:08] GET /api/agents/6aa26c7ce0ac9a5ee05d2b95/conversations/6aa26c825d5b4135ae6b48b5/messages -> HTTP 403 (next candidate)
[2026-09-22 03:14:08] GET /api/agents/6aa26c7ce0ac9a5ee05d2b95/conversations/6aa26c825d5b4135ae6b48b5 -> HTTP 403 (next candidate)
[2026-09-22 03:14:08] GET /api/agents/6aa26c7ce0ac9a5ee05d2b95/conversations -> HTTP 403 (next candidate)
[2026-09-22 03:14:19] GET /api/agents/6aa26c7ce0ac9a5ee05d2b95/conversations/6aa26c825d5b4135ae6b48b5/messages -> HTTP 403 (next candidate)
[2026-09-22 03:14:19] GET /api/agents/6aa26c7ce0ac9a5ee05d2b95/conversations/6aa26c825d5b4135ae6b48b5 -> HTTP 403 (next candidate)
[2026-09-22 03:14:19] GET /api/agents/6aa26c7ce0ac9a5ee05d2b95/conversations -> HTTP 403 (next candidate)
[2026-09-22 03:14:29] GET /api/agents/6aa26c7ce0ac9a5ee05d2b95/conversations/6aa26c825d5b4135ae6b48b5/messages -> HTTP 403 (next candidate)
[2026-09-22 03:14:29] GET /api/agents/6aa26c7ce0ac9a5ee05d2b95/conversations/6aa26c825d5b4135ae6b48b5 -> HTTP 403 (next candidate)
[2026-09-22 03:14:29] GET /api/agents/6aa26c7ce0ac9a5ee05d2b95/conversations -> HTTP 403 (next candidate)
[2026-09-22 03:14:39] GET /api/agents/6aa26c7ce0ac9a5ee05d2b95/conversations/6aa26c825d5b4135ae6b48b5/messages -> HTTP 403 (next candidate)
[2026-09-22 03:14:40] GET /api/agents/6aa26c7ce0ac9a5ee05d2b95/conversations/6aa26c825d5b4135ae6b48b5 -> HTTP 403 (next candidate)
[2026-09-22 03:14:40] GET /api/agents/6aa26c7ce0ac9a5ee05d2b95/conversations -> HTTP 403 (next candidate)
[2026-09-22 03:14:50] GET /api/agents/6aa26c7ce0ac9a5ee05d2b95/conversations/6aa26c825d5b4135ae6b48b5/messages -> HTTP 403 (next candidate)
[2026-09-22 03:14:50] GET /api/agents/6aa26c7ce0ac9a5ee05d2b95/conversations/6aa26c825d5b4135ae6b48b5 -> HTTP 403 (next candidate)
[2026-09-22 03:14:50] GET /api/agents/6aa26c7ce0ac9a5ee05d2b95/conversations -> HTTP 403 (next candidate)
[2026-09-22 03:15:00] GET /api/agents/6aa26c7ce0ac9a5ee05d2b95/conversations/6aa26c825d5b4135ae6b48b5/messages -> HTTP 403 (next candidate)
[2026-09-22 03:15:00] GET /api/agents/6aa26c7ce0ac9a5ee05d2b95/conversations/6aa26c825d5b4135ae6b48b5 -> HTTP 403 (next candidate)
[2026-09-22 03:15:00] GET /api/agents/6aa26c7ce0ac9a5ee05d2b95/conversations -> HTTP 403 (next candidate)
[2026-09-22 03:15:10] GET /api/agents/6aa26c7ce0ac9a5ee05d2b95/conversations/6aa26c825d5b4135ae6b48b5/messages -> HTTP 403 (next candidate)
[2026-09-22 03:15:10] GET /api/agents/6aa26c7ce0ac9a5ee05d2b95/conversations/6aa26c825d5b4135ae6b48b5 -> HTTP 403 (next candidate)
[2026-09-22 03:15:11] GET /api/agents/6aa26c7ce0ac9a5ee05d2b95/conversations -> HTTP 403 (next candidate)
[2026-09-22 03:15:21] GET /api/agents/6aa26c7ce0ac9a5ee05d2b95/conversations/6aa26c825d5b4135ae6b48b5/messages -> HTTP 403 (next candidate)
[2026-09-22 03:15:21] GET /api/agents/6aa26c7ce0ac9a5ee05d2b95/conversations/6aa26c825d5b4135ae6b48b5 -> HTTP 403 (next candidate)
[2026-09-22 03:15:21] GET /api/agents/6aa26c7ce0ac9a5ee05d2b95/conversations -> HTTP 403 (next candidate)
[2026-09-22 03:15:31] GET /api/agents/6aa26c7ce0ac9a5ee05d2b95/conversations/6aa26c825d5b4135ae6b48b5/messages -> HTTP 403 (next candidate)
[2026-09-22 03:15:31] GET /api/agents/6aa26c7ce0ac9a5ee05d2b95/conversations/6aa26c825d5b4135ae6b48b5 -> HTTP 403 (next candidate)
[2026-09-22 03:15:31] GET /api/agents/6aa26c7ce0ac9a5ee05d2b95/conversations -> HTTP 403 (next candidate)
[2026-09-22 03:15:41] GET /api/agents/6aa26c7ce0ac9a5ee05d2b95/conversations/6aa26c825d5b4135ae6b48b5/messages -> HTTP 403 (next candidate)
[2026-09-22 03:15:41] GET /api/agents/6aa26c7ce0ac9a5ee05d2b95/conversations/6aa26c825d5b4135ae6b48b5 -> HTTP 403 (next candidate)
[2026-09-22 03:15:42] GET /api/agents/6aa26c7ce0ac9a5ee05d2b95/conversations -> HTTP 403 (next candidate)
[2026-09-22 03:15:52] GET /api/agents/6aa26c7ce0ac9a5ee05d2b95/conversations/6aa26c825d5b4135ae6b48b5/messages -> HTTP 403 (next candidate)
[2026-09-22 03:15:52] GET /api/agents/6aa26c7ce0ac9a5ee05d2b95/conversations/6aa26c825d5b4135ae6b48b5 -> HTTP 403 (next candidate)
[2026-09-22 03:15:52] GET /api/agents/6aa26c7ce0ac9a5ee05d2b95/conversations -> HTTP 403 (next candidate)
[2026-09-22 03:16:02] GET /api/agents/6aa26c7ce0ac9a5ee05d2b95/conversations/6aa26c825d5b4135ae6b48b5/messages -> HTTP 403 (next candidate)
[2026-09-22 03:16:02] GET /api/agents/6aa26c7ce0ac9a5ee05d2b95/conversations/6aa26c825d5b4135ae6b48b5 -> HTTP 403 (next candidate)
[2026-09-22 03:16:03] GET /api/agents/6aa26c7ce0ac9a5ee05d2b95/conversations -> HTTP 403 (next candidate)
[2026-09-22 03:16:13] GET /api/agents/6aa26c7ce0ac9a5ee05d2b95/conversations/6aa26c825d5b4135ae6b48b5/messages -> HTTP 403 (next candidate)
[2026-09-22 03:16:13] GET /api/agents/6aa26c7ce0ac9a5ee05d2b95/conversations/6aa26c825d5b4135ae6b48b5 -> HTTP 403 (next candidate)
[2026-09-22 03:16:13] GET /api/agents/6aa26c7ce0ac9a5ee05d2b95/conversations -> HTTP 403 (next candidate)
[2026-09-22 03:16:23] GET /api/agents/6aa26c7ce0ac9a5ee05d2b95/conversations/6aa26c825d5b4135ae6b48b5/messages -> HTTP 403 (next candidate)
[2026-09-22 03:16:23] GET /api/agents/6aa26c7ce0ac9a5ee05d2b95/conversations/6aa26c825d5b4135ae6b48b5 -> HTTP 403 (next candidate)
[2026-09-22 03:16:23] GET /api/agents/6aa26c7ce0ac9a5ee05d2b95/conversations -> HTTP 403 (next candidate)
[2026-09-22 03:16:33] GET /api/agents/6aa26c7ce0ac9a5ee05d2b95/conversations/6aa26c825d5b4135ae6b48b5/messages -> HTTP 403 (next candidate)
[2026-09-22 03:16:33] GET /api/agents/6aa26c7ce0ac9a5ee05d2b95/conversations/6aa26c825d5b4135ae6b48b5 -> HTTP 403 (next candidate)
[2026-09-22 03:16:34] GET /api/agents/6aa26c7ce0ac9a5ee05d2b95/conversations -> HTTP 403 (next candidate)
[2026-09-22 03:16:44] GET /api/agents/6aa26c7ce0ac9a5ee05d2b95/conversations/6aa26c825d5b4135ae6b48b5/messages -> HTTP 403 (next candidate)
[2026-09-22 03:16:44] GET /api/agents/6aa26c7ce0ac9a5ee05d2b95/conversations/6aa26c825d5b4135ae6b48b5 -> HTTP 403 (next candidate)
[2026-09-22 03:16:44] GET /api/agents/6aa26c7ce0ac9a5ee05d2b95/conversations -> HTTP 403 (next candidate)
[2026-09-22 03:16:54] GET /api/agents/6aa26c7ce0ac9a5ee05d2b95/conversations/6aa26c825d5b4135ae6b48b5/messages -> HTTP 403 (next candidate)
[2026-09-22 03:16:54] GET /api/agents/6aa26c7ce0ac9a5ee05d2b95/conversations/6aa26c825d5b4135ae6b48b5 -> HTTP 403 (next candidate)
[2026-09-22 03:16:54] GET /api/agents/6aa26c7ce0ac9a5ee05d2b95/conversations -> HTTP 403 (next candidate)
[2026-09-22 03:17:04] GET /api/agents/6aa26c7ce0ac9a5ee05d2b95/conversations/6aa26c825d5b4135ae6b48b5/messages -> HTTP 403 (next candidate)
[2026-09-22 03:17:04] GET /api/agents/6aa26c7ce0ac9a5ee05d2b95/conversations/6aa26c825d5b4135ae6b48b5 -> HTTP 403 (next candidate)
[2026-09-22 03:17:05] GET /api/agents/6aa26c7ce0ac9a5ee05d2b95/conversations -> HTTP 403 (next candidate)
[2026-09-22 03:17:15] GET /api/agents/6aa26c7ce0ac9a5ee05d2b95/conversations/6aa26c825d5b4135ae6b48b5/messages -> HTTP 403 (next candidate)
[2026-09-22 03:17:15] GET /api/agents/6aa26c7ce0ac9a5ee05d2b95/conversations/6aa26c825d5b4135ae6b48b5 -> HTTP 403 (next candidate)
[2026-09-22 03:17:15] GET /api/agents/6aa26c7ce0ac9a5ee05d2b95/conversations -> HTTP 403 (next candidate)
[2026-09-22 03:17:25] GET /api/agents/6aa26c7ce0ac9a5ee05d2b95/conversations/6aa26c825d5b4135ae6b48b5/messages -> HTTP 403 (next candidate)
[2026-09-22 03:17:25] GET /api/agents/6aa26c7ce0ac9a5ee05d2b95/conversations/6aa26c825d5b4135ae6b48b5 -> HTTP 403 (next candidate)
[2026-09-22 03:17:26] GET /api/agents/6aa26c7ce0ac9a5ee05d2b95/conversations -> HTTP 403 (next candidate)
[2026-09-22 03:17:36] GET /api/agents/6aa26c7ce0ac9a5ee05d2b95/conversations/6aa26c825d5b4135ae6b48b5/messages -> HTTP 403 (next candidate)
[2026-09-22 03:17:36] GET /api/agents/6aa26c7ce0ac9a5ee05d2b95/conversations/6aa26c825d5b4135ae6b48b5 -> HTTP 403 (next candidate)
[2026-09-22 03:17:36] GET /api/agents/6aa26c7ce0ac9a5ee05d2b95/conversations -> HTTP 403 (next candidate)
[2026-09-22 03:17:46] GET /api/agents/6aa26c7ce0ac9a5ee05d2b95/conversations/6aa26c825d5b4135ae6b48b5/messages -> HTTP 403 (next candidate)
[2026-09-22 03:17:46] GET /api/agents/6aa26c7ce0ac9a5ee05d2b95/conversations/6aa26c825d5b4135ae6b48b5 -> HTTP 403 (next candidate)
[2026-09-22 03:17:46] GET /api/agents/6aa26c7ce0ac9a5ee05d2b95/conversations -> HTTP 403 (next candidate)
[2026-09-22 03:17:56] GET /api/agents/6aa26c7ce0ac9a5ee05d2b95/conversations/6aa26c825d5b4135ae6b48b5/messages -> HTTP 403 (next candidate)
[2026-09-22 03:17:57] GET /api/agents/6aa26c7ce0ac9a5ee05d2b95/conversations/6aa26c825d5b4135ae6b48b5 -> HTTP 403 (next candidate)
[2026-09-22 03:17:57] GET /api/agents/6aa26c7ce0ac9a5ee05d2b95/conversations -> HTTP 403 (next candidate)
[2026-09-22 03:18:07] GET /api/agents/6aa26c7ce0ac9a5ee05d2b95/conversations/6aa26c825d5b4135ae6b48b5/messages -> HTTP 403 (next candidate)
[2026-09-22 03:18:07] GET /api/agents/6aa26c7ce0ac9a5ee05d2b95/conversations/6aa26c825d5b4135ae6b48b5 -> HTTP 403 (next candidate)
[2026-09-22 03:18:07] GET /api/agents/6aa26c7ce0ac9a5ee05d2b95/conversations -> HTTP 403 (next candidate)
[2026-09-22 03:18:17] GET /api/agents/6aa26c7ce0ac9a5ee05d2b95/conversations/6aa26c825d5b4135ae6b48b5/messages -> HTTP 403 (next candidate)
[2026-09-22 03:18:17] GET /api/agents/6aa26c7ce0ac9a5ee05d2b95/conversations/6aa26c825d5b4135ae6b48b5 -> HTTP 403 (next candidate)
[2026-09-22 03:18:17] GET /api/agents/6aa26c7ce0ac9a5ee05d2b95/conversations -> HTTP 403 (next candidate)
[2026-09-22 03:18:27] GET /api/agents/6aa26c7ce0ac9a5ee05d2b95/conversations/6aa26c825d5b4135ae6b48b5/messages -> HTTP 403 (next candidate)
[2026-09-22 03:18:28] GET /api/agents/6aa26c7ce0ac9a5ee05d2b95/conversations/6aa26c825d5b4135ae6b48b5 -> HTTP 403 (next candidate)
[2026-09-22 03:18:28] GET /api/agents/6aa26c7ce0ac9a5ee05d2b95/conversations -> HTTP 403 (next candidate)
[2026-09-22 03:18:38] GET /api/agents/6aa26c7ce0ac9a5ee05d2b95/conversations/6aa26c825d5b4135ae6b48b5/messages -> HTTP 403 (next candidate)
[2026-09-22 03:18:38] GET /api/agents/6aa26c7ce0ac9a5ee05d2b95/conversations/6aa26c825d5b4135ae6b48b5 -> HTTP 403 (next candidate)
[2026-09-22 03:18:38] GET /api/agents/6aa26c7ce0ac9a5ee05d2b95/conversations -> HTTP 403 (next candidate)
[2026-09-22 03:18:48] GET /api/agents/6aa26c7ce0ac9a5ee05d2b95/conversations/6aa26c825d5b4135ae6b48b5/messages -> HTTP 403 (next candidate)
[2026-09-22 03:18:48] GET /api/agents/6aa26c7ce0ac9a5ee05d2b95/conversations/6aa26c825d5b4135ae6b48b5 -> HTTP 403 (next candidate)
[2026-09-22 03:18:49] GET /api/agents/6aa26c7ce0ac9a5ee05d2b95/conversations -> HTTP 403 (next candidate)
[2026-09-22 03:18:59] GET /api/agents/6aa26c7ce0ac9a5ee05d2b95/conversations/6aa26c825d5b4135ae6b48b5/messages -> HTTP 403 (next candidate)
[2026-09-22 03:18:59] GET /api/agents/6aa26c7ce0ac9a5ee05d2b95/conversations/6aa26c825d5b4135ae6b48b5 -> HTTP 403 (next candidate)
[2026-09-22 03:18:59] GET /api/agents/6aa26c7ce0ac9a5ee05d2b95/conversations -> HTTP 403 (next candidate)
[2026-09-22 03:19:09] GET /api/agents/6aa26c7ce0ac9a5ee05d2b95/conversations/6aa26c825d5b4135ae6b48b5/messages -> HTTP 403 (next candidate)
[2026-09-22 03:19:09] GET /api/agents/6aa26c7ce0ac9a5ee05d2b95/conversations/6aa26c825d5b4135ae6b48b5 -> HTTP 403 (next candidate)
[2026-09-22 03:19:09] GET /api/agents/6aa26c7ce0ac9a5ee05d2b95/conversations -> HTTP 403 (next candidate)
[2026-09-22 03:19:19] GET /api/agents/6aa26c7ce0ac9a5ee05d2b95/conversations/6aa26c825d5b4135ae6b48b5/messages -> HTTP 403 (next candidate)
[2026-09-22 03:19:19] GET /api/agents/6aa26c7ce0ac9a5ee05d2b95/conversations/6aa26c825d5b4135ae6b48b5 -> HTTP 403 (next candidate)
[2026-09-22 03:19:20] GET /api/agents/6aa26c7ce0ac9a5ee05d2b95/conversations -> HTTP 403 (next candidate)
[2026-09-22 03:19:30] GET /api/agents/6aa26c7ce0ac9a5ee05d2b95/conversations/6aa26c825d5b4135ae6b48b5/messages -> HTTP 403 (next candidate)
[2026-09-22 03:19:30] GET /api/agents/6aa26c7ce0ac9a5ee05d2b95/conversations/6aa26c825d5b4135ae6b48b5 -> HTTP 403 (next candidate)
[2026-09-22 03:19:30] GET /api/agents/6aa26c7ce0ac9a5ee05d2b95/conversations -> HTTP 403 (next candidate)
[2026-09-22 03:19:40] GET /api/agents/6aa26c7ce0ac9a5ee05d2b95/conversations/6aa26c825d5b4135ae6b48b5/messages -> HTTP 403 (next candidate)
[2026-09-22 03:19:40] GET /api/agents/6aa26c7ce0ac9a5ee05d2b95/conversations/6aa26c825d5b4135ae6b48b5 -> HTTP 403 (next candidate)
[2026-09-22 03:19:40] GET /api/agents/6aa26c7ce0ac9a5ee05d2b95/conversations -> HTTP 403 (next candidate)
[2026-09-22 03:19:51] GET /api/agents/6aa26c7ce0ac9a5ee05d2b95/conversations/6aa26c825d5b4135ae6b48b5/messages -> HTTP 403 (next candidate)
[2026-09-22 03:19:51] GET /api/agents/6aa26c7ce0ac9a5ee05d2b95/conversations/6aa26c825d5b4135ae6b48b5 -> HTTP 403 (next candidate)
[2026-09-22 03:19:51] GET /api/agents/6aa26c7ce0ac9a5ee05d2b95/conversations -> HTTP 403 (next candidate)
[2026-09-22 03:20:01] GET /api/agents/6aa26c7ce0ac9a5ee05d2b95/conversations/6aa26c825d5b4135ae6b48b5/messages -> HTTP 403 (next candidate)
[2026-09-22 03:20:01] GET /api/agents/6aa26c7ce0ac9a5ee05d2b95/conversations/6aa26c825d5b4135ae6b48b5 -> HTTP 403 (next candidate)
[2026-09-22 03:20:01] GET /api/agents/6aa26c7ce0ac9a5ee05d2b95/conversations -> HTTP 403 (next candidate)
[2026-09-22 03:20:11] GET /api/agents/6aa26c7ce0ac9a5ee05d2b95/conversations/6aa26c825d5b4135ae6b48b5/messages -> HTTP 403 (next candidate)
[2026-09-22 03:20:11] GET /api/agents/6aa26c7ce0ac9a5ee05d2b95/conversations/6aa26c825d5b4135ae6b48b5 -> HTTP 403 (next candidate)
[2026-09-22 03:20:12] GET /api/agents/6aa26c7ce0ac9a5ee05d2b95/conversations -> HTTP 403 (next candidate)
[2026-09-22 03:20:22] GET /api/agents/6aa26c7ce0ac9a5ee05d2b95/conversations/6aa26c825d5b4135ae6b48b5/messages -> HTTP 403 (next candidate)
[2026-09-22 03:20:22] GET /api/agents/6aa26c7ce0ac9a5ee05d2b95/conversations/6aa26c825d5b4135ae6b48b5 -> HTTP 403 (next candidate)
[2026-09-22 03:20:22] GET /api/agents/6aa26c7ce0ac9a5ee05d2b95/conversations -> HTTP 403 (next candidate)
[2026-09-22 03:20:32] GET /api/agents/6aa26c7ce0ac9a5ee05d2b95/conversations/6aa26c825d5b4135ae6b48b5/messages -> HTTP 403 (next candidate)
[2026-09-22 03:20:32] GET /api/agents/6aa26c7ce0ac9a5ee05d2b95/conversations/6aa26c825d5b4135ae6b48b5 -> HTTP 403 (next candidate)
[2026-09-22 03:20:32] GET /api/agents/6aa26c7ce0ac9a5ee05d2b95/conversations -> HTTP 403 (next candidate)
[2026-09-22 03:20:43] GET /api/agents/6aa26c7ce0ac9a5ee05d2b95/conversations/6aa26c825d5b4135ae6b48b5/messages -> HTTP 403 (next candidate)
[2026-09-22 03:20:43] GET /api/agents/6aa26c7ce0ac9a5ee05d2b95/conversations/6aa26c825d5b4135ae6b48b5 -> HTTP 403 (next candidate)
[2026-09-22 03:20:43] GET /api/agents/6aa26c7ce0ac9a5ee05d2b95/conversations -> HTTP 403 (next candidate)
[2026-09-22 03:20:53] GET /api/agents/6aa26c7ce0ac9a5ee05d2b95/conversations/6aa26c825d5b4135ae6b48b5/messages -> HTTP 403 (next candidate)
[2026-09-22 03:20:53] GET /api/agents/6aa26c7ce0ac9a5ee05d2b95/conversations/6aa26c825d5b4135ae6b48b5 -> HTTP 403 (next candidate)
[2026-09-22 03:20:53] GET /api/agents/6aa26c7ce0ac9a5ee05d2b95/conversations -> HTTP 403 (next candidate)
[2026-09-22 03:21:03] GET /api/agents/6aa26c7ce0ac9a5ee05d2b95/conversations/6aa26c825d5b4135ae6b48b5/messages -> HTTP 403 (next candidate)
[2026-09-22 03:21:03] GET /api/agents/6aa26c7ce0ac9a5ee05d2b95/conversations/6aa26c825d5b4135ae6b48b5 -> HTTP 403 (next candidate)
[2026-09-22 03:21:03] GET /api/agents/6aa26c7ce0ac9a5ee05d2b95/conversations -> HTTP 403 (next candidate)
[2026-09-22 03:21:14] GET /api/agents/6aa26c7ce0ac9a5ee05d2b95/conversations/6aa26c825d5b4135ae6b48b5/messages -> HTTP 403 (next candidate)
[2026-09-22 03:21:14] GET /api/agents/6aa26c7ce0ac9a5ee05d2b95/conversations/6aa26c825d5b4135ae6b48b5 -> HTTP 403 (next candidate)
[2026-09-22 03:21:14] GET /api/agents/6aa26c7ce0ac9a5ee05d2b95/conversations -> HTTP 403 (next candidate)
[2026-09-22 03:21:24] GET /api/agents/6aa26c7ce0ac9a5ee05d2b95/conversations/6aa26c825d5b4135ae6b48b5/messages -> HTTP 403 (next candidate)
[2026-09-22 03:21:24] GET /api/agents/6aa26c7ce0ac9a5ee05d2b95/conversations/6aa26c825d5b4135ae6b48b5 -> HTTP 403 (next candidate)
[2026-09-22 03:21:24] GET /api/agents/6aa26c7ce0ac9a5ee05d2b95/conversations -> HTTP 403 (next candidate)
[2026-09-22 03:21:34] GET /api/agents/6aa26c7ce0ac9a5ee05d2b95/conversations/6aa26c825d5b4135ae6b48b5/messages -> HTTP 403 (next candidate)
[2026-09-22 03:21:34] GET /api/agents/6aa26c7ce0ac9a5ee05d2b95/conversations/6aa26c825d5b4135ae6b48b5 -> HTTP 403 (next candidate)
[2026-09-22 03:21:34] GET /api/agents/6aa26c7ce0ac9a5ee05d2b95/conversations -> HTTP 403 (next candidate)
[2026-09-22 03:21:45] GET /api/agents/6aa26c7ce0ac9a5ee05d2b95/conversations/6aa26c825d5b4135ae6b48b5/messages -> HTTP 403 (next candidate)
[2026-09-22 03:21:45] GET /api/agents/6aa26c7ce0ac9a5ee05d2b95/conversations/6aa26c825d5b4135ae6b48b5 -> HTTP 403 (next candidate)
[2026-09-22 03:21:45] GET /api/agents/6aa26c7ce0ac9a5ee05d2b95/conversations -> HTTP 403 (next candidate)
[2026-09-22 03:21:55] GET /api/agents/6aa26c7ce0ac9a5ee05d2b95/conversations/6aa26c825d5b4135ae6b48b5/messages -> HTTP 403 (next candidate)
[2026-09-22 03:21:55] GET /api/agents/6aa26c7ce0ac9a5ee05d2b95/conversations/6aa26c825d5b4135ae6b48b5 -> HTTP 403 (next candidate)
[2026-09-22 03:21:55] GET /api/agents/6aa26c7ce0ac9a5ee05d2b95/conversations -> HTTP 403 (next candidate)
[2026-09-22 03:22:05] GET /api/agents/6aa26c7ce0ac9a5ee05d2b95/conversations/6aa26c825d5b4135ae6b48b5/messages -> HTTP 403 (next candidate)
[2026-09-22 03:22:05] GET /api/agents/6aa26c7ce0ac9a5ee05d2b95/conversations/6aa26c825d5b4135ae6b48b5 -> HTTP 403 (next candidate)
[2026-09-22 03:22:05] GET /api/agents/6aa26c7ce0ac9a5ee05d2b95/conversations -> HTTP 403 (next candidate)
[2026-09-22 03:22:15] GET /api/agents/6aa26c7ce0ac9a5ee05d2b95/conversations/6aa26c825d5b4135ae6b48b5/messages -> HTTP 403 (next candidate)
[2026-09-22 03:22:16] GET /api/agents/6aa26c7ce0ac9a5ee05d2b95/conversations/6aa26c825d5b4135ae6b48b5 -> HTTP 403 (next candidate)
[2026-09-22 03:22:16] GET /api/agents/6aa26c7ce0ac9a5ee05d2b95/conversations -> HTTP 403 (next candidate)
[2026-09-22 03:22:26] GET /api/agents/6aa26c7ce0ac9a5ee05d2b95/conversations/6aa26c825d5b4135ae6b48b5/messages -> HTTP 403 (next candidate)
[2026-09-22 03:22:26] GET /api/agents/6aa26c7ce0ac9a5ee05d2b95/conversations/6aa26c825d5b4135ae6b48b5 -> HTTP 403 (next candidate)
[2026-09-22 03:22:26] GET /api/agents/6aa26c7ce0ac9a5ee05d2b95/conversations -> HTTP 403 (next candidate)
[2026-09-22 03:22:36] GET /api/agents/6aa26c7ce0ac9a5ee05d2b95/conversations/6aa26c825d5b4135ae6b48b5/messages -> HTTP 403 (next candidate)
[2026-09-22 03:22:36] GET /api/agents/6aa26c7ce0ac9a5ee05d2b95/conversations/6aa26c825d5b4135ae6b48b5 -> HTTP 403 (next candidate)
[2026-09-22 03:22:36] GET /api/agents/6aa26c7ce0ac9a5ee05d2b95/conversations -> HTTP 403 (next candidate)
[2026-09-22 03:22:47] GET /api/agents/6aa26c7ce0ac9a5ee05d2b95/conversations/6aa26c825d5b4135ae6b48b5/messages -> HTTP 403 (next candidate)
[2026-09-22 03:22:47] GET /api/agents/6aa26c7ce0ac9a5ee05d2b95/conversations/6aa26c825d5b4135ae6b48b5 -> HTTP 403 (next candidate)
[2026-09-22 03:22:47] GET /api/agents/6aa26c7ce0ac9a5ee05d2b95/conversations -> HTTP 403 (next candidate)
[2026-09-22 03:22:57] GET /api/agents/6aa26c7ce0ac9a5ee05d2b95/conversations/6aa26c825d5b4135ae6b48b5/messages -> HTTP 403 (next candidate)
[2026-09-22 03:22:57] GET /api/agents/6aa26c7ce0ac9a5ee05d2b95/conversations/6aa26c825d5b4135ae6b48b5 -> HTTP 403 (next candidate)
[2026-09-22 03:22:57] GET /api/agents/6aa26c7ce0ac9a5ee05d2b95/conversations -> HTTP 403 (next candidate)
[2026-09-22 03:23:08] GET /api/agents/6aa26c7ce0ac9a5ee05d2b95/conversations/6aa26c825d5b4135ae6b48b5/messages -> HTTP 403 (next candidate)
[2026-09-22 03:23:08] GET /api/agents/6aa26c7ce0ac9a5ee05d2b95/conversations/6aa26c825d5b4135ae6b48b5 -> HTTP 403 (next candidate)
[2026-09-22 03:23:08] GET /api/agents/6aa26c7ce0ac9a5ee05d2b95/conversations -> HTTP 403 (next candidate)
[2026-09-22 03:23:18] GET /api/agents/6aa26c7ce0ac9a5ee05d2b95/conversations/6aa26c825d5b4135ae6b48b5/messages -> HTTP 403 (next candidate)
[2026-09-22 03:23:18] GET /api/agents/6aa26c7ce0ac9a5ee05d2b95/conversations/6aa26c825d5b4135ae6b48b5 -> HTTP 403 (next candidate)
[2026-09-22 03:23:18] GET /api/agents/6aa26c7ce0ac9a5ee05d2b95/conversations -> HTTP 403 (next candidate)
[2026-09-22 03:23:28] GET /api/agents/6aa26c7ce0ac9a5ee05d2b95/conversations/6aa26c825d5b4135ae6b48b5/messages -> HTTP 403 (next candidate)
[2026-09-22 03:23:28] GET /api/agents/6aa26c7ce0ac9a5ee05d2b95/conversations/6aa26c825d5b4135ae6b48b5 -> HTTP 403 (next candidate)
[2026-09-22 03:23:28] GET /api/agents/6aa26c7ce0ac9a5ee05d2b95/conversations -> HTTP 403 (next candidate)
[2026-09-22 03:23:39] GET /api/agents/6aa26c7ce0ac9a5ee05d2b95/conversations/6aa26c825d5b4135ae6b48b5/messages -> HTTP 403 (next candidate)
[2026-09-22 03:23:39] GET /api/agents/6aa26c7ce0ac9a5ee05d2b95/conversations/6aa26c825d5b4135ae6b48b5 -> HTTP 403 (next candidate)
[2026-09-22 03:23:39] GET /api/agents/6aa26c7ce0ac9a5ee05d2b95/conversations -> HTTP 403 (next candidate)
[2026-09-22 03:23:49] GET /api/agents/6aa26c7ce0ac9a5ee05d2b95/conversations/6aa26c825d5b4135ae6b48b5/messages -> HTTP 403 (next candidate)
[2026-09-22 03:23:49] GET /api/agents/6aa26c7ce0ac9a5ee05d2b95/conversations/6aa26c825d5b4135ae6b48b5 -> HTTP 403 (next candidate)
[2026-09-22 03:23:49] GET /api/agents/6aa26c7ce0ac9a5ee05d2b95/conversations -> HTTP 403 (next candidate)
[2026-09-22 03:23:59] GET /api/agents/6aa26c7ce0ac9a5ee05d2b95/conversations/6aa26c825d5b4135ae6b48b5/messages -> HTTP 403 (next candidate)
[2026-09-22 03:23:59] GET /api/agents/6aa26c7ce0ac9a5ee05d2b95/conversations/6aa26c825d5b4135ae6b48b5 -> HTTP 403 (next candidate)
[2026-09-22 03:23:59] GET /api/agents/6aa26c7ce0ac9a5ee05d2b95/conversations -> HTTP 403 (next candidate)
[2026-09-22 03:24:10] GET /api/agents/6aa26c7ce0ac9a5ee05d2b95/conversations/6aa26c825d5b4135ae6b48b5/messages -> HTTP 403 (next candidate)
[2026-09-22 03:24:10] GET /api/agents/6aa26c7ce0ac9a5ee05d2b95/conversations/6aa26c825d5b4135ae6b48b5 -> HTTP 403 (next candidate)
[2026-09-22 03:24:10] GET /api/agents/6aa26c7ce0ac9a5ee05d2b95/conversations -> HTTP 403 (next candidate)
[2026-09-22 03:24:20] GET /api/agents/6aa26c7ce0ac9a5ee05d2b95/conversations/6aa26c825d5b4135ae6b48b5/messages -> HTTP 403 (next candidate)
[2026-09-22 03:24:20] GET /api/agents/6aa26c7ce0ac9a5ee05d2b95/conversations/6aa26c825d5b4135ae6b48b5 -> HTTP 403 (next candidate)
[2026-09-22 03:24:20] GET /api/agents/6aa26c7ce0ac9a5ee05d2b95/conversations -> HTTP 403 (next candidate)
[2026-09-22 03:24:31] GET /api/agents/6aa26c7ce0ac9a5ee05d2b95/conversations/6aa26c825d5b4135ae6b48b5/messages -> HTTP 403 (next candidate)
[2026-09-22 03:24:31] GET /api/agents/6aa26c7ce0ac9a5ee05d2b95/conversations/6aa26c825d5b4135ae6b48b5 -> HTTP 403 (next candidate)
[2026-09-22 03:24:31] GET /api/agents/6aa26c7ce0ac9a5ee05d2b95/conversations -> HTTP 403 (next candidate)
[2026-09-22 03:24:41] GET /api/agents/6aa26c7ce0ac9a5ee05d2b95/conversations/6aa26c825d5b4135ae6b48b5/messages -> HTTP 403 (next candidate)
[2026-09-22 03:24:41] GET /api/agents/6aa26c7ce0ac9a5ee05d2b95/conversations/6aa26c825d5b4135ae6b48b5 -> HTTP 403 (next candidate)
[2026-09-22 03:24:41] GET /api/agents/6aa26c7ce0ac9a5ee05d2b95/conversations -> HTTP 403 (next candidate)
[2026-09-22 03:24:51] GET /api/agents/6aa26c7ce0ac9a5ee05d2b95/conversations/6aa26c825d5b4135ae6b48b5/messages -> HTTP 403 (next candidate)
[2026-09-22 03:24:51] GET /api/agents/6aa26c7ce0ac9a5ee05d2b95/conversations/6aa26c825d5b4135ae6b48b5 -> HTTP 403 (next candidate)
[2026-09-22 03:24:51] GET /api/agents/6aa26c7ce0ac9a5ee05d2b95/conversations -> HTTP 403 (next candidate)
[2026-09-22 03:25:02] GET /api/agents/6aa26c7ce0ac9a5ee05d2b95/conversations/6aa26c825d5b4135ae6b48b5/messages -> HTTP 403 (next candidate)
[2026-09-22 03:25:02] GET /api/agents/6aa26c7ce0ac9a5ee05d2b95/conversations/6aa26c825d5b4135ae6b48b5 -> HTTP 403 (next candidate)
[2026-09-22 03:25:02] GET /api/agents/6aa26c7ce0ac9a5ee05d2b95/conversations -> HTTP 403 (next candidate)
[2026-09-22 03:25:12] GET /api/agents/6aa26c7ce0ac9a5ee05d2b95/conversations/6aa26c825d5b4135ae6b48b5/messages -> HTTP 403 (next candidate)
[2026-09-22 03:25:12] GET /api/agents/6aa26c7ce0ac9a5ee05d2b95/conversations/6aa26c825d5b4135ae6b48b5 -> HTTP 403 (next candidate)
[2026-09-22 03:25:12] GET /api/agents/6aa26c7ce0ac9a5ee05d2b95/conversations -> HTTP 403 (next candidate)
[2026-09-22 03:25:22] GET /api/agents/6aa26c7ce0ac9a5ee05d2b95/conversations/6aa26c825d5b4135ae6b48b5/messages -> HTTP 403 (next candidate)
[2026-09-22 03:25:22] GET /api/agents/6aa26c7ce0ac9a5ee05d2b95/conversations/6aa26c825d5b4135ae6b48b5 -> HTTP 403 (next candidate)
[2026-09-22 03:25:22] GET /api/agents/6aa26c7ce0ac9a5ee05d2b95/conversations -> HTTP 403 (next candidate)
[2026-09-22 03:25:33] GET /api/agents/6aa26c7ce0ac9a5ee05d2b95/conversations/6aa26c825d5b4135ae6b48b5/messages -> HTTP 403 (next candidate)
[2026-09-22 03:25:33] GET /api/agents/6aa26c7ce0ac9a5ee05d2b95/conversations/6aa26c825d5b4135ae6b48b5 -> HTTP 403 (next candidate)
[2026-09-22 03:25:33] GET /api/agents/6aa26c7ce0ac9a5ee05d2b95/conversations -> HTTP 403 (next candidate)
[2026-09-22 03:25:43] GET /api/agents/6aa26c7ce0ac9a5ee05d2b95/conversations/6aa26c825d5b4135ae6b48b5/messages -> HTTP 403 (next candidate)
[2026-09-22 03:25:43] GET /api/agents/6aa26c7ce0ac9a5ee05d2b95/conversations/6aa26c825d5b4135ae6b48b5 -> HTTP 403 (next candidate)
[2026-09-22 03:25:43] GET /api/agents/6aa26c7ce0ac9a5ee05d2b95/conversations -> HTTP 403 (next candidate)
[2026-09-22 03:25:53] GET /api/agents/6aa26c7ce0ac9a5ee05d2b95/conversations/6aa26c825d5b4135ae6b48b5/messages -> HTTP 403 (next candidate)
[2026-09-22 03:25:54] GET /api/agents/6aa26c7ce0ac9a5ee05d2b95/conversations/6aa26c825d5b4135ae6b48b5 -> HTTP 403 (next candidate)
[2026-09-22 03:25:54] GET /api/agents/6aa26c7ce0ac9a5ee05d2b95/conversations -> HTTP 403 (next candidate)
[2026-09-22 03:26:04] GET /api/agents/6aa26c7ce0ac9a5ee05d2b95/conversations/6aa26c825d5b4135ae6b48b5/messages -> HTTP 403 (next candidate)
[2026-09-22 03:26:04] GET /api/agents/6aa26c7ce0ac9a5ee05d2b95/conversations/6aa26c825d5b4135ae6b48b5 -> HTTP 403 (next candidate)
[2026-09-22 03:26:04] GET /api/agents/6aa26c7ce0ac9a5ee05d2b95/conversations -> HTTP 403 (next candidate)
[2026-09-22 03:26:14] GET /api/agents/6aa26c7ce0ac9a5ee05d2b95/conversations/6aa26c825d5b4135ae6b48b5/messages -> HTTP 403 (next candidate)
[2026-09-22 03:26:14] GET /api/agents/6aa26c7ce0ac9a5ee05d2b95/conversations/6aa26c825d5b4135ae6b48b5 -> HTTP 403 (next candidate)
[2026-09-22 03:26:14] GET /api/agents/6aa26c7ce0ac9a5ee05d2b95/conversations -> HTTP 403 (next candidate)
[2026-09-22 03:26:24] GET /api/agents/6aa26c7ce0ac9a5ee05d2b95/conversations/6aa26c825d5b4135ae6b48b5/messages -> HTTP 403 (next candidate)
[2026-09-22 03:26:25] GET /api/agents/6aa26c7ce0ac9a5ee05d2b95/conversations/6aa26c825d5b4135ae6b48b5 -> HTTP 403 (next candidate)
[2026-09-22 03:26:25] GET /api/agents/6aa26c7ce0ac9a5ee05d2b95/conversations -> HTTP 403 (next candidate)
[2026-09-22 03:26:35] GET /api/agents/6aa26c7ce0ac9a5ee05d2b95/conversations/6aa26c825d5b4135ae6b48b5/messages -> HTTP 403 (next candidate)
[2026-09-22 03:26:35] GET /api/agents/6aa26c7ce0ac9a5ee05d2b95/conversations/6aa26c825d5b4135ae6b48b5 -> HTTP 403 (next candidate)
[2026-09-22 03:26:35] GET /api/agents/6aa26c7ce0ac9a5ee05d2b95/conversations -> HTTP 403 (next candidate)
[2026-09-22 03:26:45] GET /api/agents/6aa26c7ce0ac9a5ee05d2b95/conversations/6aa26c825d5b4135ae6b48b5/messages -> HTTP 403 (next candidate)
[2026-09-22 03:26:45] GET /api/agents/6aa26c7ce0ac9a5ee05d2b95/conversations/6aa26c825d5b4135ae6b48b5 -> HTTP 403 (next candidate)
[2026-09-22 03:26:45] GET /api/agents/6aa26c7ce0ac9a5ee05d2b95/conversations -> HTTP 403 (next candidate)
[2026-09-22 03:26:56] GET /api/agents/6aa26c7ce0ac9a5ee05d2b95/conversations/6aa26c825d5b4135ae6b48b5/messages -> HTTP 403 (next candidate)
[2026-09-22 03:26:56] GET /api/agents/6aa26c7ce0ac9a5ee05d2b95/conversations/6aa26c825d5b4135ae6b48b5 -> HTTP 403 (next candidate)
[2026-09-22 03:26:56] GET /api/agents/6aa26c7ce0ac9a5ee05d2b95/conversations -> HTTP 403 (next candidate)
[2026-09-22 03:27:06] GET /api/agents/6aa26c7ce0ac9a5ee05d2b95/conversations/6aa26c825d5b4135ae6b48b5/messages -> HTTP 403 (next candidate)
[2026-09-22 03:27:07] GET /api/agents/6aa26c7ce0ac9a5ee05d2b95/conversations/6aa26c825d5b4135ae6b48b5 -> HTTP 403 (next candidate)
[2026-09-22 03:27:07] GET /api/agents/6aa26c7ce0ac9a5ee05d2b95/conversations -> HTTP 403 (next candidate)
[2026-09-22 03:27:17] GET /api/agents/6aa26c7ce0ac9a5ee05d2b95/conversations/6aa26c825d5b4135ae6b48b5/messages -> HTTP 403 (next candidate)
[2026-09-22 03:27:17] GET /api/agents/6aa26c7ce0ac9a5ee05d2b95/conversations/6aa26c825d5b4135ae6b48b5 -> HTTP 403 (next candidate)
[2026-09-22 03:27:17] GET /api/agents/6aa26c7ce0ac9a5ee05d2b95/conversations -> HTTP 403 (next candidate)
[2026-09-22 03:27:27] GET /api/agents/6aa26c7ce0ac9a5ee05d2b95/conversations/6aa26c825d5b4135ae6b48b5/messages -> HTTP 403 (next candidate)
[2026-09-22 03:27:27] GET /api/agents/6aa26c7ce0ac9a5ee05d2b95/conversations/6aa26c825d5b4135ae6b48b5 -> HTTP 403 (next candidate)
[2026-09-22 03:27:27] GET /api/agents/6aa26c7ce0ac9a5ee05d2b95/conversations -> HTTP 403 (next candidate)
[2026-09-22 03:27:38] GET /api/agents/6aa26c7ce0ac9a5ee05d2b95/conversations/6aa26c825d5b4135ae6b48b5/messages -> HTTP 403 (next candidate)
[2026-09-22 03:27:38] GET /api/agents/6aa26c7ce0ac9a5ee05d2b95/conversations/6aa26c825d5b4135ae6b48b5 -> HTTP 403 (next candidate)
[2026-09-22 03:27:38] GET /api/agents/6aa26c7ce0ac9a5ee05d2b95/conversations -> HTTP 403 (next candidate)
[2026-09-22 03:27:48] GET /api/agents/6aa26c7ce0ac9a5ee05d2b95/conversations/6aa26c825d5b4135ae6b48b5/messages -> HTTP 403 (next candidate)
[2026-09-22 03:27:48] GET /api/agents/6aa26c7ce0ac9a5ee05d2b95/conversations/6aa26c825d5b4135ae6b48b5 -> HTTP 403 (next candidate)
[2026-09-22 03:27:48] GET /api/agents/6aa26c7ce0ac9a5ee05d2b95/conversations -> HTTP 403 (next candidate)
[2026-09-22 03:27:58] GET /api/agents/6aa26c7ce0ac9a5ee05d2b95/conversations/6aa26c825d5b4135ae6b48b5/messages -> HTTP 403 (next candidate)
[2026-09-22 03:27:58] GET /api/agents/6aa26c7ce0ac9a5ee05d2b95/conversations/6aa26c825d5b4135ae6b48b5 -> HTTP 403 (next candidate)
[2026-09-22 03:27:58] GET /api/agents/6aa26c7ce0ac9a5ee05d2b95/conversations -> HTTP 403 (next candidate)
[2026-09-22 03:28:08] GET /api/agents/6aa26c7ce0ac9a5ee05d2b95/conversations/6aa26c825d5b4135ae6b48b5/messages -> HTTP 403 (next candidate)
[2026-09-22 03:28:09] GET /api/agents/6aa26c7ce0ac9a5ee05d2b95/conversations/6aa26c825d5b4135ae6b48b5 -> HTTP 403 (next candidate)
[2026-09-22 03:28:09] GET /api/agents/6aa26c7ce0ac9a5ee05d2b95/conversations -> HTTP 403 (next candidate)
[2026-09-22 03:28:19] GET /api/agents/6aa26c7ce0ac9a5ee05d2b95/conversations/6aa26c825d5b4135ae6b48b5/messages -> HTTP 403 (next candidate)
[2026-09-22 03:28:19] GET /api/agents/6aa26c7ce0ac9a5ee05d2b95/conversations/6aa26c825d5b4135ae6b48b5 -> HTTP 403 (next candidate)
[2026-09-22 03:28:19] GET /api/agents/6aa26c7ce0ac9a5ee05d2b95/conversations -> HTTP 403 (next candidate)
[2026-09-22 03:28:29] GET /api/agents/6aa26c7ce0ac9a5ee05d2b95/conversations/6aa26c825d5b4135ae6b48b5/messages -> HTTP 403 (next candidate)
[2026-09-22 03:28:29] GET /api/agents/6aa26c7ce0ac9a5ee05d2b95/conversations/6aa26c825d5b4135ae6b48b5 -> HTTP 403 (next candidate)
[2026-09-22 03:28:29] GET /api/agents/6aa26c7ce0ac9a5ee05d2b95/conversations -> HTTP 403 (next candidate)
[2026-09-22 03:28:40] GET /api/agents/6aa26c7ce0ac9a5ee05d2b95/conversations/6aa26c825d5b4135ae6b48b5/messages -> HTTP 403 (next candidate)
[2026-09-22 03:28:40] GET /api/agents/6aa26c7ce0ac9a5ee05d2b95/conversations/6aa26c825d5b4135ae6b48b5 -> HTTP 403 (next candidate)
[2026-09-22 03:28:40] GET /api/agents/6aa26c7ce0ac9a5ee05d2b95/conversations -> HTTP 403 (next candidate)
[2026-09-22 03:28:50] GET /api/agents/6aa26c7ce0ac9a5ee05d2b95/conversations/6aa26c825d5b4135ae6b48b5/messages -> HTTP 403 (next candidate)
[2026-09-22 03:28:50] GET /api/agents/6aa26c7ce0ac9a5ee05d2b95/conversations/6aa26c825d5b4135ae6b48b5 -> HTTP 403 (next candidate)
[2026-09-22 03:28:50] GET /api/agents/6aa26c7ce0ac9a5ee05d2b95/conversations -> HTTP 403 (next candidate)
[2026-09-22 03:29:00] GET /api/agents/6aa26c7ce0ac9a5ee05d2b95/conversations/6aa26c825d5b4135ae6b48b5/messages -> HTTP 403 (next candidate)
[2026-09-22 03:29:00] GET /api/agents/6aa26c7ce0ac9a5ee05d2b95/conversations/6aa26c825d5b4135ae6b48b5 -> HTTP 403 (next candidate)
[2026-09-22 03:29:01] GET /api/agents/6aa26c7ce0ac9a5ee05d2b95/conversations -> HTTP 403 (next candidate)
[2026-09-22 03:29:11] GET /api/agents/6aa26c7ce0ac9a5ee05d2b95/conversations/6aa26c825d5b4135ae6b48b5/messages -> HTTP 403 (next candidate)
[2026-09-22 03:29:11] GET /api/agents/6aa26c7ce0ac9a5ee05d2b95/conversations/6aa26c825d5b4135ae6b48b5 -> HTTP 403 (next candidate)
[2026-09-22 03:29:11] GET /api/agents/6aa26c7ce0ac9a5ee05d2b95/conversations -> HTTP 403 (next candidate)
[2026-09-22 03:29:21] GET /api/agents/6aa26c7ce0ac9a5ee05d2b95/conversations/6aa26c825d5b4135ae6b48b5/messages -> HTTP 403 (next candidate)
[2026-09-22 03:29:21] GET /api/agents/6aa26c7ce0ac9a5ee05d2b95/conversations/6aa26c825d5b4135ae6b48b5 -> HTTP 403 (next candidate)
[2026-09-22 03:29:21] GET /api/agents/6aa26c7ce0ac9a5ee05d2b95/conversations -> HTTP 403 (next candidate)
[2026-09-22 03:29:31] GET /api/agents/6aa26c7ce0ac9a5ee05d2b95/conversations/6aa26c825d5b4135ae6b48b5/messages -> HTTP 403 (next candidate)
[2026-09-22 03:29:32] GET /api/agents/6aa26c7ce0ac9a5ee05d2b95/conversations/6aa26c825d5b4135ae6b48b5 -> HTTP 403 (next candidate)
[2026-09-22 03:29:32] GET /api/agents/6aa26c7ce0ac9a5ee05d2b95/conversations -> HTTP 403 (next candidate)
[2026-09-22 03:29:42] GET /api/agents/6aa26c7ce0ac9a5ee05d2b95/conversations/6aa26c825d5b4135ae6b48b5/messages -> HTTP 403 (next candidate)
[2026-09-22 03:29:42] GET /api/agents/6aa26c7ce0ac9a5ee05d2b95/conversations/6aa26c825d5b4135ae6b48b5 -> HTTP 403 (next candidate)
[2026-09-22 03:29:42] GET /api/agents/6aa26c7ce0ac9a5ee05d2b95/conversations -> HTTP 403 (next candidate)
[2026-09-22 03:29:52] GET /api/agents/6aa26c7ce0ac9a5ee05d2b95/conversations/6aa26c825d5b4135ae6b48b5/messages -> HTTP 403 (next candidate)
[2026-09-22 03:29:52] GET /api/agents/6aa26c7ce0ac9a5ee05d2b95/conversations/6aa26c825d5b4135ae6b48b5 -> HTTP 403 (next candidate)
[2026-09-22 03:29:52] GET /api/agents/6aa26c7ce0ac9a5ee05d2b95/conversations -> HTTP 403 (next candidate)
[2026-09-22 03:30:02] GET /api/agents/6aa26c7ce0ac9a5ee05d2b95/conversations/6aa26c825d5b4135ae6b48b5/messages -> HTTP 403 (next candidate)
[2026-09-22 03:30:03] GET /api/agents/6aa26c7ce0ac9a5ee05d2b95/conversations/6aa26c825d5b4135ae6b48b5 -> HTTP 403 (next candidate)
[2026-09-22 03:30:03] GET /api/agents/6aa26c7ce0ac9a5ee05d2b95/conversations -> HTTP 403 (next candidate)
[2026-09-22 03:30:13] GET /api/agents/6aa26c7ce0ac9a5ee05d2b95/conversations/6aa26c825d5b4135ae6b48b5/messages -> HTTP 403 (next candidate)
[2026-09-22 03:30:13] GET /api/agents/6aa26c7ce0ac9a5ee05d2b95/conversations/6aa26c825d5b4135ae6b48b5 -> HTTP 403 (next candidate)
[2026-09-22 03:30:13] GET /api/agents/6aa26c7ce0ac9a5ee05d2b95/conversations -> HTTP 403 (next candidate)
[2026-09-22 03:30:23] GET /api/agents/6aa26c7ce0ac9a5ee05d2b95/conversations/6aa26c825d5b4135ae6b48b5/messages -> HTTP 403 (next candidate)
[2026-09-22 03:30:23] GET /api/agents/6aa26c7ce0ac9a5ee05d2b95/conversations/6aa26c825d5b4135ae6b48b5 -> HTTP 403 (next candidate)
[2026-09-22 03:30:23] GET /api/agents/6aa26c7ce0ac9a5ee05d2b95/conversations -> HTTP 403 (next candidate)
[2026-09-22 03:30:34] GET /api/agents/6aa26c7ce0ac9a5ee05d2b95/conversations/6aa26c825d5b4135ae6b48b5/messages -> HTTP 403 (next candidate)
[2026-09-22 03:30:34] GET /api/agents/6aa26c7ce0ac9a5ee05d2b95/conversations/6aa26c825d5b4135ae6b48b5 -> HTTP 403 (next candidate)
[2026-09-22 03:30:34] GET /api/agents/6aa26c7ce0ac9a5ee05d2b95/conversations -> HTTP 403 (next candidate)
[2026-09-22 03:30:44] GET /api/agents/6aa26c7ce0ac9a5ee05d2b95/conversations/6aa26c825d5b4135ae6b48b5/messages -> HTTP 403 (next candidate)
[2026-09-22 03:30:44] GET /api/agents/6aa26c7ce0ac9a5ee05d2b95/conversations/6aa26c825d5b4135ae6b48b5 -> HTTP 403 (next candidate)
[2026-09-22 03:30:44] GET /api/agents/6aa26c7ce0ac9a5ee05d2b95/conversations -> HTTP 403 (next candidate)
[2026-09-22 03:30:54] GET /api/agents/6aa26c7ce0ac9a5ee05d2b95/conversations/6aa26c825d5b4135ae6b48b5/messages -> HTTP 403 (next candidate)
[2026-09-22 03:30:54] GET /api/agents/6aa26c7ce0ac9a5ee05d2b95/conversations/6aa26c825d5b4135ae6b48b5 -> HTTP 403 (next candidate)
[2026-09-22 03:30:54] GET /api/agents/6aa26c7ce0ac9a5ee05d2b95/conversations -> HTTP 403 (next candidate)
[2026-09-22 03:31:05] GET /api/agents/6aa26c7ce0ac9a5ee05d2b95/conversations/6aa26c825d5b4135ae6b48b5/messages -> HTTP 403 (next candidate)
[2026-09-22 03:31:05] GET /api/agents/6aa26c7ce0ac9a5ee05d2b95/conversations/6aa26c825d5b4135ae6b48b5 -> HTTP 403 (next candidate)
[2026-09-22 03:31:05] GET /api/agents/6aa26c7ce0ac9a5ee05d2b95/conversations -> HTTP 403 (next candidate)
[2026-09-22 03:31:15] GET /api/agents/6aa26c7ce0ac9a5ee05d2b95/conversations/6aa26c825d5b4135ae6b48b5/messages -> HTTP 403 (next candidate)
[2026-09-22 03:31:15] GET /api/agents/6aa26c7ce0ac9a5ee05d2b95/conversations/6aa26c825d5b4135ae6b48b5 -> HTTP 403 (next candidate)
[2026-09-22 03:31:15] GET /api/agents/6aa26c7ce0ac9a5ee05d2b95/conversations -> HTTP 403 (next candidate)
[2026-09-22 03:31:25] GET /api/agents/6aa26c7ce0ac9a5ee05d2b95/conversations/6aa26c825d5b4135ae6b48b5/messages -> HTTP 403 (next candidate)
[2026-09-22 03:31:25] GET /api/agents/6aa26c7ce0ac9a5ee05d2b95/conversations/6aa26c825d5b4135ae6b48b5 -> HTTP 403 (next candidate)
[2026-09-22 03:31:26] GET /api/agents/6aa26c7ce0ac9a5ee05d2b95/conversations -> HTTP 403 (next candidate)
[2026-09-22 03:31:36] GET /api/agents/6aa26c7ce0ac9a5ee05d2b95/conversations/6aa26c825d5b4135ae6b48b5/messages -> HTTP 403 (next candidate)
[2026-09-22 03:31:36] GET /api/agents/6aa26c7ce0ac9a5ee05d2b95/conversations/6aa26c825d5b4135ae6b48b5 -> HTTP 403 (next candidate)
[2026-09-22 03:31:36] GET /api/agents/6aa26c7ce0ac9a5ee05d2b95/conversations -> HTTP 403 (next candidate)
[2026-09-22 03:31:46] GET /api/agents/6aa26c7ce0ac9a5ee05d2b95/conversations/6aa26c825d5b4135ae6b48b5/messages -> HTTP 403 (next candidate)
[2026-09-22 03:31:46] GET /api/agents/6aa26c7ce0ac9a5ee05d2b95/conversations/6aa26c825d5b4135ae6b48b5 -> HTTP 403 (next candidate)
[2026-09-22 03:31:46] GET /api/agents/6aa26c7ce0ac9a5ee05d2b95/conversations -> HTTP 403 (next candidate)
[2026-09-22 03:31:56] GET /api/agents/6aa26c7ce0ac9a5ee05d2b95/conversations/6aa26c825d5b4135ae6b48b5/messages -> HTTP 403 (next candidate)
[2026-09-22 03:31:56] GET /api/agents/6aa26c7ce0ac9a5ee05d2b95/conversations/6aa26c825d5b4135ae6b48b5 -> HTTP 403 (next candidate)
[2026-09-22 03:31:57] GET /api/agents/6aa26c7ce0ac9a5ee05d2b95/conversations -> HTTP 403 (next candidate)
[2026-09-22 03:32:07] GET /api/agents/6aa26c7ce0ac9a5ee05d2b95/conversations/6aa26c825d5b4135ae6b48b5/messages -> HTTP 403 (next candidate)
[2026-09-22 03:32:07] GET /api/agents/6aa26c7ce0ac9a5ee05d2b95/conversations/6aa26c825d5b4135ae6b48b5 -> HTTP 403 (next candidate)
[2026-09-22 03:32:07] GET /api/agents/6aa26c7ce0ac9a5ee05d2b95/conversations -> HTTP 403 (next candidate)
[2026-09-22 03:32:17] GET /api/agents/6aa26c7ce0ac9a5ee05d2b95/conversations/6aa26c825d5b4135ae6b48b5/messages -> HTTP 403 (next candidate)
[2026-09-22 03:32:17] GET /api/agents/6aa26c7ce0ac9a5ee05d2b95/conversations/6aa26c825d5b4135ae6b48b5 -> HTTP 403 (next candidate)
[2026-09-22 03:32:18] GET /api/agents/6aa26c7ce0ac9a5ee05d2b95/conversations -> HTTP 403 (next candidate)
[2026-09-22 03:32:28] GET /api/agents/6aa26c7ce0ac9a5ee05d2b95/conversations/6aa26c825d5b4135ae6b48b5/messages -> HTTP 403 (next candidate)
[2026-09-22 03:32:28] GET /api/agents/6aa26c7ce0ac9a5ee05d2b95/conversations/6aa26c825d5b4135ae6b48b5 -> HTTP 403 (next candidate)
[2026-09-22 03:32:28] GET /api/agents/6aa26c7ce0ac9a5ee05d2b95/conversations -> HTTP 403 (next candidate)
[2026-09-22 03:32:38] GET /api/agents/6aa26c7ce0ac9a5ee05d2b95/conversations/6aa26c825d5b4135ae6b48b5/messages -> HTTP 403 (next candidate)
[2026-09-22 03:32:38] GET /api/agents/6aa26c7ce0ac9a5ee05d2b95/conversations/6aa26c825d5b4135ae6b48b5 -> HTTP 403 (next candidate)
[2026-09-22 03:32:38] GET /api/agents/6aa26c7ce0ac9a5ee05d2b95/conversations -> HTTP 403 (next candidate)
[2026-09-22 03:32:48] GET /api/agents/6aa26c7ce0ac9a5ee05d2b95/conversations/6aa26c825d5b4135ae6b48b5/messages -> HTTP 403 (next candidate)
[2026-09-22 03:32:49] GET /api/agents/6aa26c7ce0ac9a5ee05d2b95/conversations/6aa26c825d5b4135ae6b48b5 -> HTTP 403 (next candidate)
[2026-09-22 03:32:49] GET /api/agents/6aa26c7ce0ac9a5ee05d2b95/conversations -> HTTP 403 (next candidate)
[2026-09-22 03:32:59] GET /api/agents/6aa26c7ce0ac9a5ee05d2b95/conversations/6aa26c825d5b4135ae6b48b5/messages -> HTTP 403 (next candidate)
[2026-09-22 03:32:59] GET /api/agents/6aa26c7ce0ac9a5ee05d2b95/conversations/6aa26c825d5b4135ae6b48b5 -> HTTP 403 (next candidate)
[2026-09-22 03:32:59] GET /api/agents/6aa26c7ce0ac9a5ee05d2b95/conversations -> HTTP 403 (next candidate)
[2026-09-22 03:33:09] GET /api/agents/6aa26c7ce0ac9a5ee05d2b95/conversations/6aa26c825d5b4135ae6b48b5/messages -> HTTP 403 (next candidate)
[2026-09-22 03:33:09] GET /api/agents/6aa26c7ce0ac9a5ee05d2b95/conversations/6aa26c825d5b4135ae6b48b5 -> HTTP 403 (next candidate)
[2026-09-22 03:33:09] GET /api/agents/6aa26c7ce0ac9a5ee05d2b95/conversations -> HTTP 403 (next candidate)
[2026-09-22 03:33:19] GET /api/agents/6aa26c7ce0ac9a5ee05d2b95/conversations/6aa26c825d5b4135ae6b48b5/messages -> HTTP 403 (next candidate)
[2026-09-22 03:33:20] GET /api/agents/6aa26c7ce0ac9a5ee05d2b95/conversations/6aa26c825d5b4135ae6b48b5 -> HTTP 403 (next candidate)
[2026-09-22 03:33:20] GET /api/agents/6aa26c7ce0ac9a5ee05d2b95/conversations -> HTTP 403 (next candidate)
[2026-09-22 03:33:30] GET /api/agents/6aa26c7ce0ac9a5ee05d2b95/conversations/6aa26c825d5b4135ae6b48b5/messages -> HTTP 403 (next candidate)
[2026-09-22 03:33:30] GET /api/agents/6aa26c7ce0ac9a5ee05d2b95/conversations/6aa26c825d5b4135ae6b48b5 -> HTTP 403 (next candidate)
[2026-09-22 03:33:30] GET /api/agents/6aa26c7ce0ac9a5ee05d2b95/conversations -> HTTP 403 (next candidate)
[2026-09-22 03:33:40] GET /api/agents/6aa26c7ce0ac9a5ee05d2b95/conversations/6aa26c825d5b4135ae6b48b5/messages -> HTTP 403 (next candidate)
[2026-09-22 03:33:40] GET /api/agents/6aa26c7ce0ac9a5ee05d2b95/conversations/6aa26c825d5b4135ae6b48b5 -> HTTP 403 (next candidate)
[2026-09-22 03:33:40] GET /api/agents/6aa26c7ce0ac9a5ee05d2b95/conversations -> HTTP 403 (next candidate)
[2026-09-22 03:33:51] GET /api/agents/6aa26c7ce0ac9a5ee05d2b95/conversations/6aa26c825d5b4135ae6b48b5/messages -> HTTP 403 (next candidate)
[2026-09-22 03:33:51] GET /api/agents/6aa26c7ce0ac9a5ee05d2b95/conversations/6aa26c825d5b4135ae6b48b5 -> HTTP 403 (next candidate)
[2026-09-22 03:33:51] GET /api/agents/6aa26c7ce0ac9a5ee05d2b95/conversations -> HTTP 403 (next candidate)
[2026-09-22 03:34:01] GET /api/agents/6aa26c7ce0ac9a5ee05d2b95/conversations/6aa26c825d5b4135ae6b48b5/messages -> HTTP 403 (next candidate)
[2026-09-22 03:34:01] GET /api/agents/6aa26c7ce0ac9a5ee05d2b95/conversations/6aa26c825d5b4135ae6b48b5 -> HTTP 403 (next candidate)
[2026-09-22 03:34:01] GET /api/agents/6aa26c7ce0ac9a5ee05d2b95/conversations -> HTTP 403 (next candidate)
[2026-09-22 03:34:11] GET /api/agents/6aa26c7ce0ac9a5ee05d2b95/conversations/6aa26c825d5b4135ae6b48b5/messages -> HTTP 403 (next candidate)
[2026-09-22 03:34:11] GET /api/agents/6aa26c7ce0ac9a5ee05d2b95/conversations/6aa26c825d5b4135ae6b48b5 -> HTTP 403 (next candidate)
[2026-09-22 03:34:11] GET /api/agents/6aa26c7ce0ac9a5ee05d2b95/conversations -> HTTP 403 (next candidate)
[2026-09-22 03:34:22] GET /api/agents/6aa26c7ce0ac9a5ee05d2b95/conversations/6aa26c825d5b4135ae6b48b5/messages -> HTTP 403 (next candidate)
[2026-09-22 03:34:22] GET /api/agents/6aa26c7ce0ac9a5ee05d2b95/conversations/6aa26c825d5b4135ae6b48b5 -> HTTP 403 (next candidate)
[2026-09-22 03:34:22] GET /api/agents/6aa26c7ce0ac9a5ee05d2b95/conversations -> HTTP 403 (next candidate)
[2026-09-22 03:34:32] GET /api/agents/6aa26c7ce0ac9a5ee05d2b95/conversations/6aa26c825d5b4135ae6b48b5/messages -> HTTP 403 (next candidate)
[2026-09-22 03:34:32] GET /api/agents/6aa26c7ce0ac9a5ee05d2b95/conversations/6aa26c825d5b4135ae6b48b5 -> HTTP 403 (next candidate)
[2026-09-22 03:34:32] GET /api/agents/6aa26c7ce0ac9a5ee05d2b95/conversations -> HTTP 403 (next candidate)
[2026-09-22 03:34:42] GET /api/agents/6aa26c7ce0ac9a5ee05d2b95/conversations/6aa26c825d5b4135ae6b48b5/messages -> HTTP 403 (next candidate)
[2026-09-22 03:34:42] GET /api/agents/6aa26c7ce0ac9a5ee05d2b95/conversations/6aa26c825d5b4135ae6b48b5 -> HTTP 403 (next candidate)
[2026-09-22 03:34:42] GET /api/agents/6aa26c7ce0ac9a5ee05d2b95/conversations -> HTTP 403 (next candidate)
[2026-09-22 03:34:53] GET /api/agents/6aa26c7ce0ac9a5ee05d2b95/conversations/6aa26c825d5b4135ae6b48b5/messages -> HTTP 403 (next candidate)
[2026-09-22 03:34:53] GET /api/agents/6aa26c7ce0ac9a5ee05d2b95/conversations/6aa26c825d5b4135ae6b48b5 -> HTTP 403 (next candidate)
[2026-09-22 03:34:53] GET /api/agents/6aa26c7ce0ac9a5ee05d2b95/conversations -> HTTP 403 (next candidate)
[2026-09-22 03:35:03] GET /api/agents/6aa26c7ce0ac9a5ee05d2b95/conversations/6aa26c825d5b4135ae6b48b5/messages -> HTTP 403 (next candidate)
[2026-09-22 03:35:03] GET /api/agents/6aa26c7ce0ac9a5ee05d2b95/conversations/6aa26c825d5b4135ae6b48b5 -> HTTP 403 (next candidate)
[2026-09-22 03:35:03] GET /api/agents/6aa26c7ce0ac9a5ee05d2b95/conversations -> HTTP 403 (next candidate)
[2026-09-22 03:35:13] GET /api/agents/6aa26c7ce0ac9a5ee05d2b95/conversations/6aa26c825d5b4135ae6b48b5/messages -> HTTP 403 (next candidate)
[2026-09-22 03:35:13] GET /api/agents/6aa26c7ce0ac9a5ee05d2b95/conversations/6aa26c825d5b4135ae6b48b5 -> HTTP 403 (next candidate)
[2026-09-22 03:35:14] GET /api/agents/6aa26c7ce0ac9a5ee05d2b95/conversations -> HTTP 403 (next candidate)
[2026-09-22 03:35:24] GET /api/agents/6aa26c7ce0ac9a5ee05d2b95/conversations/6aa26c825d5b4135ae6b48b5/messages -> HTTP 403 (next candidate)
[2026-09-22 03:35:24] GET /api/agents/6aa26c7ce0ac9a5ee05d2b95/conversations/6aa26c825d5b4135ae6b48b5 -> HTTP 403 (next candidate)
[2026-09-22 03:35:24] GET /api/agents/6aa26c7ce0ac9a5ee05d2b95/conversations -> HTTP 403 (next candidate)
[2026-09-22 03:35:34] GET /api/agents/6aa26c7ce0ac9a5ee05d2b95/conversations/6aa26c825d5b4135ae6b48b5/messages -> HTTP 403 (next candidate)
[2026-09-22 03:35:34] GET /api/agents/6aa26c7ce0ac9a5ee05d2b95/conversations/6aa26c825d5b4135ae6b48b5 -> HTTP 403 (next candidate)
[2026-09-22 03:35:34] GET /api/agents/6aa26c7ce0ac9a5ee05d2b95/conversations -> HTTP 403 (next candidate)
[2026-09-22 03:35:44] GET /api/agents/6aa26c7ce0ac9a5ee05d2b95/conversations/6aa26c825d5b4135ae6b48b5/messages -> HTTP 403 (next candidate)
[2026-09-22 03:35:44] GET /api/agents/6aa26c7ce0ac9a5ee05d2b95/conversations/6aa26c825d5b4135ae6b48b5 -> HTTP 403 (next candidate)
[2026-09-22 03:35:45] GET /api/agents/6aa26c7ce0ac9a5ee05d2b95/conversations -> HTTP 403 (next candidate)
[2026-09-22 03:35:55] GET /api/agents/6aa26c7ce0ac9a5ee05d2b95/conversations/6aa26c825d5b4135ae6b48b5/messages -> HTTP 403 (next candidate)
[2026-09-22 03:35:55] GET /api/agents/6aa26c7ce0ac9a5ee05d2b95/conversations/6aa26c825d5b4135ae6b48b5 -> HTTP 403 (next candidate)
[2026-09-22 03:35:55] GET /api/agents/6aa26c7ce0ac9a5ee05d2b95/conversations -> HTTP 403 (next candidate)
[2026-09-22 03:36:05] GET /api/agents/6aa26c7ce0ac9a5ee05d2b95/conversations/6aa26c825d5b4135ae6b48b5/messages -> HTTP 403 (next candidate)
[2026-09-22 03:36:05] GET /api/agents/6aa26c7ce0ac9a5ee05d2b95/conversations/6aa26c825d5b4135ae6b48b5 -> HTTP 403 (next candidate)
[2026-09-22 03:36:05] GET /api/agents/6aa26c7ce0ac9a5ee05d2b95/conversations -> HTTP 403 (next candidate)
[2026-09-22 03:36:15] GET /api/agents/6aa26c7ce0ac9a5ee05d2b95/conversations/6aa26c825d5b4135ae6b48b5/messages -> HTTP 403 (next candidate)
[2026-09-22 03:36:15] GET /api/agents/6aa26c7ce0ac9a5ee05d2b95/conversations/6aa26c825d5b4135ae6b48b5 -> HTTP 403 (next candidate)
[2026-09-22 03:36:16] GET /api/agents/6aa26c7ce0ac9a5ee05d2b95/conversations -> HTTP 403 (next candidate)
[2026-09-22 03:36:26] GET /api/agents/6aa26c7ce0ac9a5ee05d2b95/conversations/6aa26c825d5b4135ae6b48b5/messages -> HTTP 403 (next candidate)
[2026-09-22 03:36:26] GET /api/agents/6aa26c7ce0ac9a5ee05d2b95/conversations/6aa26c825d5b4135ae6b48b5 -> HTTP 403 (next candidate)
[2026-09-22 03:36:26] GET /api/agents/6aa26c7ce0ac9a5ee05d2b95/conversations -> HTTP 403 (next candidate)
[2026-09-22 03:36:36] GET /api/agents/6aa26c7ce0ac9a5ee05d2b95/conversations/6aa26c825d5b4135ae6b48b5/messages -> HTTP 403 (next candidate)
[2026-09-22 03:36:36] GET /api/agents/6aa26c7ce0ac9a5ee05d2b95/conversations/6aa26c825d5b4135ae6b48b5 -> HTTP 403 (next candidate)
[2026-09-22 03:36:36] GET /api/agents/6aa26c7ce0ac9a5ee05d2b95/conversations -> HTTP 403 (next candidate)
[2026-09-22 03:36:46] GET /api/agents/6aa26c7ce0ac9a5ee05d2b95/conversations/6aa26c825d5b4135ae6b48b5/messages -> HTTP 403 (next candidate)
[2026-09-22 03:36:47] GET /api/agents/6aa26c7ce0ac9a5ee05d2b95/conversations/6aa26c825d5b4135ae6b48b5 -> HTTP 403 (next candidate)
[2026-09-22 03:36:47] GET /api/agents/6aa26c7ce0ac9a5ee05d2b95/conversations -> HTTP 403 (next candidate)
[2026-09-22 03:36:57] GET /api/agents/6aa26c7ce0ac9a5ee05d2b95/conversations/6aa26c825d5b4135ae6b48b5/messages -> HTTP 403 (next candidate)
[2026-09-22 03:36:57] GET /api/agents/6aa26c7ce0ac9a5ee05d2b95/conversations/6aa26c825d5b4135ae6b48b5 -> HTTP 403 (next candidate)
[2026-09-22 03:36:57] GET /api/agents/6aa26c7ce0ac9a5ee05d2b95/conversations -> HTTP 403 (next candidate)
[2026-09-22 03:37:07] GET /api/agents/6aa26c7ce0ac9a5ee05d2b95/conversations/6aa26c825d5b4135ae6b48b5/messages -> HTTP 403 (next candidate)
[2026-09-22 03:37:07] GET /api/agents/6aa26c7ce0ac9a5ee05d2b95/conversations/6aa26c825d5b4135ae6b48b5 -> HTTP 403 (next candidate)
[2026-09-22 03:37:07] GET /api/agents/6aa26c7ce0ac9a5ee05d2b95/conversations -> HTTP 403 (next candidate)
[2026-09-22 03:37:17] GET /api/agents/6aa26c7ce0ac9a5ee05d2b95/conversations/6aa26c825d5b4135ae6b48b5/messages -> HTTP 403 (next candidate)
[2026-09-22 03:37:18] GET /api/agents/6aa26c7ce0ac9a5ee05d2b95/conversations/6aa26c825d5b4135ae6b48b5 -> HTTP 403 (next candidate)
[2026-09-22 03:37:18] GET /api/agents/6aa26c7ce0ac9a5ee05d2b95/conversations -> HTTP 403 (next candidate)
[2026-09-22 03:37:28] GET /api/agents/6aa26c7ce0ac9a5ee05d2b95/conversations/6aa26c825d5b4135ae6b48b5/messages -> HTTP 403 (next candidate)
[2026-09-22 03:37:28] GET /api/agents/6aa26c7ce0ac9a5ee05d2b95/conversations/6aa26c825d5b4135ae6b48b5 -> HTTP 403 (next candidate)
[2026-09-22 03:37:28] GET /api/agents/6aa26c7ce0ac9a5ee05d2b95/conversations -> HTTP 403 (next candidate)
[2026-09-22 03:37:38] GET /api/agents/6aa26c7ce0ac9a5ee05d2b95/conversations/6aa26c825d5b4135ae6b48b5/messages -> HTTP 403 (next candidate)
[2026-09-22 03:37:38] GET /api/agents/6aa26c7ce0ac9a5ee05d2b95/conversations/6aa26c825d5b4135ae6b48b5 -> HTTP 403 (next candidate)
[2026-09-22 03:37:38] GET /api/agents/6aa26c7ce0ac9a5ee05d2b95/conversations -> HTTP 403 (next candidate)
[2026-09-22 03:37:48] GET /api/agents/6aa26c7ce0ac9a5ee05d2b95/conversations/6aa26c825d5b4135ae6b48b5/messages -> HTTP 403 (next candidate)
[2026-09-22 03:37:48] GET /api/agents/6aa26c7ce0ac9a5ee05d2b95/conversations/6aa26c825d5b4135ae6b48b5 -> HTTP 403 (next candidate)
[2026-09-22 03:37:49] GET /api/agents/6aa26c7ce0ac9a5ee05d2b95/conversations -> HTTP 403 (next candidate)
[2026-09-22 03:37:59] GET /api/agents/6aa26c7ce0ac9a5ee05d2b95/conversations/6aa26c825d5b4135ae6b48b5/messages -> HTTP 403 (next candidate)
[2026-09-22 03:37:59] GET /api/agents/6aa26c7ce0ac9a5ee05d2b95/conversations/6aa26c825d5b4135ae6b48b5 -> HTTP 403 (next candidate)
[2026-09-22 03:37:59] GET /api/agents/6aa26c7ce0ac9a5ee05d2b95/conversations -> HTTP 403 (next candidate)
[2026-09-22 03:38:09] GET /api/agents/6aa26c7ce0ac9a5ee05d2b95/conversations/6aa26c825d5b4135ae6b48b5/messages -> HTTP 403 (next candidate)
[2026-09-22 03:38:09] GET /api/agents/6aa26c7ce0ac9a5ee05d2b95/conversations/6aa26c825d5b4135ae6b48b5 -> HTTP 403 (next candidate)
[2026-09-22 03:38:09] GET /api/agents/6aa26c7ce0ac9a5ee05d2b95/conversations -> HTTP 403 (next candidate)
[2026-09-22 03:38:19] GET /api/agents/6aa26c7ce0ac9a5ee05d2b95/conversations/6aa26c825d5b4135ae6b48b5/messages -> HTTP 403 (next candidate)
[2026-09-22 03:38:19] GET /api/agents/6aa26c7ce0ac9a5ee05d2b95/conversations/6aa26c825d5b4135ae6b48b5 -> HTTP 403 (next candidate)
[2026-09-22 03:38:20] GET /api/agents/6aa26c7ce0ac9a5ee05d2b95/conversations -> HTTP 403 (next candidate)
[2026-09-22 03:38:30] GET /api/agents/6aa26c7ce0ac9a5ee05d2b95/conversations/6aa26c825d5b4135ae6b48b5/messages -> HTTP 403 (next candidate)
[2026-09-22 03:38:30] GET /api/agents/6aa26c7ce0ac9a5ee05d2b95/conversations/6aa26c825d5b4135ae6b48b5 -> HTTP 403 (next candidate)
[2026-09-22 03:38:30] GET /api/agents/6aa26c7ce0ac9a5ee05d2b95/conversations -> HTTP 403 (next candidate)
[2026-09-22 03:38:40] GET /api/agents/6aa26c7ce0ac9a5ee05d2b95/conversations/6aa26c825d5b4135ae6b48b5/messages -> HTTP 403 (next candidate)
[2026-09-22 03:38:40] GET /api/agents/6aa26c7ce0ac9a5ee05d2b95/conversations/6aa26c825d5b4135ae6b48b5 -> HTTP 403 (next candidate)
[2026-09-22 03:38:40] GET /api/agents/6aa26c7ce0ac9a5ee05d2b95/conversations -> HTTP 403 (next candidate)
[2026-09-22 03:38:50] GET /api/agents/6aa26c7ce0ac9a5ee05d2b95/conversations/6aa26c825d5b4135ae6b48b5/messages -> HTTP 403 (next candidate)
[2026-09-22 03:38:50] GET /api/agents/6aa26c7ce0ac9a5ee05d2b95/conversations/6aa26c825d5b4135ae6b48b5 -> HTTP 403 (next candidate)
[2026-09-22 03:38:50] GET /api/agents/6aa26c7ce0ac9a5ee05d2b95/conversations -> HTTP 403 (next candidate)
[2026-09-22 03:39:01] GET /api/agents/6aa26c7ce0ac9a5ee05d2b95/conversations/6aa26c825d5b4135ae6b48b5/messages -> HTTP 403 (next candidate)
[2026-09-22 03:39:01] GET /api/agents/6aa26c7ce0ac9a5ee05d2b95/conversations/6aa26c825d5b4135ae6b48b5 -> HTTP 403 (next candidate)
[2026-09-22 03:39:01] GET /api/agents/6aa26c7ce0ac9a5ee05d2b95/conversations -> HTTP 403 (next candidate)
[2026-09-22 03:39:11] GET /api/agents/6aa26c7ce0ac9a5ee05d2b95/conversations/6aa26c825d5b4135ae6b48b5/messages -> HTTP 403 (next candidate)
[2026-09-22 03:39:11] GET /api/agents/6aa26c7ce0ac9a5ee05d2b95/conversations/6aa26c825d5b4135ae6b48b5 -> HTTP 403 (next candidate)
[2026-09-22 03:39:11] GET /api/agents/6aa26c7ce0ac9a5ee05d2b95/conversations -> HTTP 403 (next candidate)
[2026-09-22 03:39:21] GET /api/agents/6aa26c7ce0ac9a5ee05d2b95/conversations/6aa26c825d5b4135ae6b48b5/messages -> HTTP 403 (next candidate)
[2026-09-22 03:39:21] GET /api/agents/6aa26c7ce0ac9a5ee05d2b95/conversations/6aa26c825d5b4135ae6b48b5 -> HTTP 403 (next candidate)
[2026-09-22 03:39:22] GET /api/agents/6aa26c7ce0ac9a5ee05d2b95/conversations -> HTTP 403 (next candidate)
[2026-09-22 03:39:32] GET /api/agents/6aa26c7ce0ac9a5ee05d2b95/conversations/6aa26c825d5b4135ae6b48b5/messages -> HTTP 403 (next candidate)
[2026-09-22 03:39:32] GET /api/agents/6aa26c7ce0ac9a5ee05d2b95/conversations/6aa26c825d5b4135ae6b48b5 -> HTTP 403 (next candidate)
[2026-09-22 03:39:32] GET /api/agents/6aa26c7ce0ac9a5ee05d2b95/conversations -> HTTP 403 (next candidate)
[2026-09-22 03:39:42] GET /api/agents/6aa26c7ce0ac9a5ee05d2b95/conversations/6aa26c825d5b4135ae6b48b5/messages -> HTTP 403 (next candidate)
[2026-09-22 03:39:42] GET /api/agents/6aa26c7ce0ac9a5ee05d2b95/conversations/6aa26c825d5b4135ae6b48b5 -> HTTP 403 (next candidate)
[2026-09-22 03:39:42] GET /api/agents/6aa26c7ce0ac9a5ee05d2b95/conversations -> HTTP 403 (next candidate)
[2026-09-22 03:39:52] GET /api/agents/6aa26c7ce0ac9a5ee05d2b95/conversations/6aa26c825d5b4135ae6b48b5/messages -> HTTP 403 (next candidate)
[2026-09-22 03:39:52] GET /api/agents/6aa26c7ce0ac9a5ee05d2b95/conversations/6aa26c825d5b4135ae6b48b5 -> HTTP 403 (next candidate)
[2026-09-22 03:39:53] GET /api/agents/6aa26c7ce0ac9a5ee05d2b95/conversations -> HTTP 403 (next candidate)
[2026-09-22 03:40:03] GET /api/agents/6aa26c7ce0ac9a5ee05d2b95/conversations/6aa26c825d5b4135ae6b48b5/messages -> HTTP 403 (next candidate)
[2026-09-22 03:40:03] GET /api/agents/6aa26c7ce0ac9a5ee05d2b95/conversations/6aa26c825d5b4135ae6b48b5 -> HTTP 403 (next candidate)
[2026-09-22 03:40:03] GET /api/agents/6aa26c7ce0ac9a5ee05d2b95/conversations -> HTTP 403 (next candidate)
[2026-09-22 03:40:13] GET /api/agents/6aa26c7ce0ac9a5ee05d2b95/conversations/6aa26c825d5b4135ae6b48b5/messages -> HTTP 403 (next candidate)
[2026-09-22 03:40:13] GET /api/agents/6aa26c7ce0ac9a5ee05d2b95/conversations/6aa26c825d5b4135ae6b48b5 -> HTTP 403 (next candidate)
[2026-09-22 03:40:13] GET /api/agents/6aa26c7ce0ac9a5ee05d2b95/conversations -> HTTP 403 (next candidate)
[2026-09-22 03:40:23] GET /api/agents/6aa26c7ce0ac9a5ee05d2b95/conversations/6aa26c825d5b4135ae6b48b5/messages -> HTTP 403 (next candidate)
[2026-09-22 03:40:23] GET /api/agents/6aa26c7ce0ac9a5ee05d2b95/conversations/6aa26c825d5b4135ae6b48b5 -> HTTP 403 (next candidate)
[2026-09-22 03:40:24] GET /api/agents/6aa26c7ce0ac9a5ee05d2b95/conversations -> HTTP 403 (next candidate)
[2026-09-22 03:40:34] GET /api/agents/6aa26c7ce0ac9a5ee05d2b95/conversations/6aa26c825d5b4135ae6b48b5/messages -> HTTP 403 (next candidate)
[2026-09-22 03:40:34] GET /api/agents/6aa26c7ce0ac9a5ee05d2b95/conversations/6aa26c825d5b4135ae6b48b5 -> HTTP 403 (next candidate)
[2026-09-22 03:40:34] GET /api/agents/6aa26c7ce0ac9a5ee05d2b95/conversations -> HTTP 403 (next candidate)
[2026-09-22 03:40:44] GET /api/agents/6aa26c7ce0ac9a5ee05d2b95/conversations/6aa26c825d5b4135ae6b48b5/messages -> HTTP 403 (next candidate)
[2026-09-22 03:40:44] GET /api/agents/6aa26c7ce0ac9a5ee05d2b95/conversations/6aa26c825d5b4135ae6b48b5 -> HTTP 403 (next candidate)
[2026-09-22 03:40:44] GET /api/agents/6aa26c7ce0ac9a5ee05d2b95/conversations -> HTTP 403 (next candidate)
[2026-09-22 03:40:54] GET /api/agents/6aa26c7ce0ac9a5ee05d2b95/conversations/6aa26c825d5b4135ae6b48b5/messages -> HTTP 403 (next candidate)
[2026-09-22 03:40:54] GET /api/agents/6aa26c7ce0ac9a5ee05d2b95/conversations/6aa26c825d5b4135ae6b48b5 -> HTTP 403 (next candidate)
[2026-09-22 03:40:54] GET /api/agents/6aa26c7ce0ac9a5ee05d2b95/conversations -> HTTP 403 (next candidate)
[2026-09-22 03:41:05] GET /api/agents/6aa26c7ce0ac9a5ee05d2b95/conversations/6aa26c825d5b4135ae6b48b5/messages -> HTTP 403 (next candidate)
[2026-09-22 03:41:05] GET /api/agents/6aa26c7ce0ac9a5ee05d2b95/conversations/6aa26c825d5b4135ae6b48b5 -> HTTP 403 (next candidate)
[2026-09-22 03:41:05] GET /api/agents/6aa26c7ce0ac9a5ee05d2b95/conversations -> HTTP 403 (next candidate)
[2026-09-22 03:41:15] GET /api/agents/6aa26c7ce0ac9a5ee05d2b95/conversations/6aa26c825d5b4135ae6b48b5/messages -> HTTP 403 (next candidate)
[2026-09-22 03:41:15] GET /api/agents/6aa26c7ce0ac9a5ee05d2b95/conversations/6aa26c825d5b4135ae6b48b5 -> HTTP 403 (next candidate)
[2026-09-22 03:41:15] GET /api/agents/6aa26c7ce0ac9a5ee05d2b95/conversations -> HTTP 403 (next candidate)
[2026-09-22 03:41:25] GET /api/agents/6aa26c7ce0ac9a5ee05d2b95/conversations/6aa26c825d5b4135ae6b48b5/messages -> HTTP 403 (next candidate)
[2026-09-22 03:41:25] GET /api/agents/6aa26c7ce0ac9a5ee05d2b95/conversations/6aa26c825d5b4135ae6b48b5 -> HTTP 403 (next candidate)
[2026-09-22 03:41:25] GET /api/agents/6aa26c7ce0ac9a5ee05d2b95/conversations -> HTTP 403 (next candidate)
[2026-09-22 03:41:36] GET /api/agents/6aa26c7ce0ac9a5ee05d2b95/conversations/6aa26c825d5b4135ae6b48b5/messages -> HTTP 403 (next candidate)
[2026-09-22 03:41:36] GET /api/agents/6aa26c7ce0ac9a5ee05d2b95/conversations/6aa26c825d5b4135ae6b48b5 -> HTTP 403 (next candidate)
[2026-09-22 03:41:36] GET /api/agents/6aa26c7ce0ac9a5ee05d2b95/conversations -> HTTP 403 (next candidate)
[2026-09-22 03:41:46] GET /api/agents/6aa26c7ce0ac9a5ee05d2b95/conversations/6aa26c825d5b4135ae6b48b5/messages -> HTTP 403 (next candidate)
[2026-09-22 03:41:46] GET /api/agents/6aa26c7ce0ac9a5ee05d2b95/conversations/6aa26c825d5b4135ae6b48b5 -> HTTP 403 (next candidate)
[2026-09-22 03:41:46] GET /api/agents/6aa26c7ce0ac9a5ee05d2b95/conversations -> HTTP 403 (next candidate)
[2026-09-22 03:41:56] GET /api/agents/6aa26c7ce0ac9a5ee05d2b95/conversations/6aa26c825d5b4135ae6b48b5/messages -> HTTP 403 (next candidate)
[2026-09-22 03:41:56] GET /api/agents/6aa26c7ce0ac9a5ee05d2b95/conversations/6aa26c825d5b4135ae6b48b5 -> HTTP 403 (next candidate)
[2026-09-22 03:41:57] GET /api/agents/6aa26c7ce0ac9a5ee05d2b95/conversations -> HTTP 403 (next candidate)
[2026-09-22 03:42:07] GET /api/agents/6aa26c7ce0ac9a5ee05d2b95/conversations/6aa26c825d5b4135ae6b48b5/messages -> HTTP 403 (next candidate)
[2026-09-22 03:42:07] GET /api/agents/6aa26c7ce0ac9a5ee05d2b95/conversations/6aa26c825d5b4135ae6b48b5 -> HTTP 403 (next candidate)
[2026-09-22 03:42:07] GET /api/agents/6aa26c7ce0ac9a5ee05d2b95/conversations -> HTTP 403 (next candidate)
[2026-09-22 03:42:17] GET /api/agents/6aa26c7ce0ac9a5ee05d2b95/conversations/6aa26c825d5b4135ae6b48b5/messages -> HTTP 403 (next candidate)
[2026-09-22 03:42:17] GET /api/agents/6aa26c7ce0ac9a5ee05d2b95/conversations/6aa26c825d5b4135ae6b48b5 -> HTTP 403 (next candidate)
[2026-09-22 03:42:17] GET /api/agents/6aa26c7ce0ac9a5ee05d2b95/conversations -> HTTP 403 (next candidate)
[2026-09-22 03:42:27] GET /api/agents/6aa26c7ce0ac9a5ee05d2b95/conversations/6aa26c825d5b4135ae6b48b5/messages -> HTTP 403 (next candidate)
[2026-09-22 03:42:27] GET /api/agents/6aa26c7ce0ac9a5ee05d2b95/conversations/6aa26c825d5b4135ae6b48b5 -> HTTP 403 (next candidate)
[2026-09-22 03:42:28] GET /api/agents/6aa26c7ce0ac9a5ee05d2b95/conversations -> HTTP 403 (next candidate)
[2026-09-22 03:42:38] GET /api/agents/6aa26c7ce0ac9a5ee05d2b95/conversations/6aa26c825d5b4135ae6b48b5/messages -> HTTP 403 (next candidate)
[2026-09-22 03:42:38] GET /api/agents/6aa26c7ce0ac9a5ee05d2b95/conversations/6aa26c825d5b4135ae6b48b5 -> HTTP 403 (next candidate)
[2026-09-22 03:42:38] GET /api/agents/6aa26c7ce0ac9a5ee05d2b95/conversations -> HTTP 403 (next candidate)
[2026-09-22 03:42:48] GET /api/agents/6aa26c7ce0ac9a5ee05d2b95/conversations/6aa26c825d5b4135ae6b48b5/messages -> HTTP 403 (next candidate)
[2026-09-22 03:42:48] GET /api/agents/6aa26c7ce0ac9a5ee05d2b95/conversations/6aa26c825d5b4135ae6b48b5 -> HTTP 403 (next candidate)
[2026-09-22 03:42:48] GET /api/agents/6aa26c7ce0ac9a5ee05d2b95/conversations -> HTTP 403 (next candidate)
[2026-09-22 03:42:59] GET /api/agents/6aa26c7ce0ac9a5ee05d2b95/conversations/6aa26c825d5b4135ae6b48b5/messages -> HTTP 403 (next candidate)
[2026-09-22 03:42:59] GET /api/agents/6aa26c7ce0ac9a5ee05d2b95/conversations/6aa26c825d5b4135ae6b48b5 -> HTTP 403 (next candidate)
[2026-09-22 03:42:59] GET /api/agents/6aa26c7ce0ac9a5ee05d2b95/conversations -> HTTP 403 (next candidate)
[2026-09-22 03:43:09] GET /api/agents/6aa26c7ce0ac9a5ee05d2b95/conversations/6aa26c825d5b4135ae6b48b5/messages -> HTTP 403 (next candidate)
[2026-09-22 03:43:09] GET /api/agents/6aa26c7ce0ac9a5ee05d2b95/conversations/6aa26c825d5b4135ae6b48b5 -> HTTP 403 (next candidate)
[2026-09-22 03:43:09] GET /api/agents/6aa26c7ce0ac9a5ee05d2b95/conversations -> HTTP 403 (next candidate)
[2026-09-22 03:43:19] GET /api/agents/6aa26c7ce0ac9a5ee05d2b95/conversations/6aa26c825d5b4135ae6b48b5/messages -> HTTP 403 (next candidate)
[2026-09-22 03:43:19] GET /api/agents/6aa26c7ce0ac9a5ee05d2b95/conversations/6aa26c825d5b4135ae6b48b5 -> HTTP 403 (next candidate)
[2026-09-22 03:43:19] GET /api/agents/6aa26c7ce0ac9a5ee05d2b95/conversations -> HTTP 403 (next candidate)
[2026-09-22 03:43:29] GET /api/agents/6aa26c7ce0ac9a5ee05d2b95/conversations/6aa26c825d5b4135ae6b48b5/messages -> HTTP 403 (next candidate)
[2026-09-22 03:43:30] GET /api/agents/6aa26c7ce0ac9a5ee05d2b95/conversations/6aa26c825d5b4135ae6b48b5 -> HTTP 403 (next candidate)
[2026-09-22 03:43:30] GET /api/agents/6aa26c7ce0ac9a5ee05d2b95/conversations -> HTTP 403 (next candidate)
[2026-09-22 03:43:40] GET /api/agents/6aa26c7ce0ac9a5ee05d2b95/conversations/6aa26c825d5b4135ae6b48b5/messages -> HTTP 403 (next candidate)
[2026-09-22 03:43:40] GET /api/agents/6aa26c7ce0ac9a5ee05d2b95/conversations/6aa26c825d5b4135ae6b48b5 -> HTTP 403 (next candidate)
[2026-09-22 03:43:40] GET /api/agents/6aa26c7ce0ac9a5ee05d2b95/conversations -> HTTP 403 (next candidate)
[2026-09-22 03:43:50] GET /api/agents/6aa26c7ce0ac9a5ee05d2b95/conversations/6aa26c825d5b4135ae6b48b5/messages -> HTTP 403 (next candidate)
[2026-09-22 03:43:50] GET /api/agents/6aa26c7ce0ac9a5ee05d2b95/conversations/6aa26c825d5b4135ae6b48b5 -> HTTP 403 (next candidate)
[2026-09-22 03:43:50] GET /api/agents/6aa26c7ce0ac9a5ee05d2b95/conversations -> HTTP 403 (next candidate)
[2026-09-22 03:44:00] GET /api/agents/6aa26c7ce0ac9a5ee05d2b95/conversations/6aa26c825d5b4135ae6b48b5/messages -> HTTP 403 (next candidate)
[2026-09-22 03:44:01] GET /api/agents/6aa26c7ce0ac9a5ee05d2b95/conversations/6aa26c825d5b4135ae6b48b5 -> HTTP 403 (next candidate)
[2026-09-22 03:44:01] GET /api/agents/6aa26c7ce0ac9a5ee05d2b95/conversations -> HTTP 403 (next candidate)
[2026-09-22 03:44:11] GET /api/agents/6aa26c7ce0ac9a5ee05d2b95/conversations/6aa26c825d5b4135ae6b48b5/messages -> HTTP 403 (next candidate)
[2026-09-22 03:44:11] GET /api/agents/6aa26c7ce0ac9a5ee05d2b95/conversations/6aa26c825d5b4135ae6b48b5 -> HTTP 403 (next candidate)
[2026-09-22 03:44:11] GET /api/agents/6aa26c7ce0ac9a5ee05d2b95/conversations -> HTTP 403 (next candidate)
[2026-09-22 03:44:21] GET /api/agents/6aa26c7ce0ac9a5ee05d2b95/conversations/6aa26c825d5b4135ae6b48b5/messages -> HTTP 403 (next candidate)
[2026-09-22 03:44:21] GET /api/agents/6aa26c7ce0ac9a5ee05d2b95/conversations/6aa26c825d5b4135ae6b48b5 -> HTTP 403 (next candidate)
[2026-09-22 03:44:21] GET /api/agents/6aa26c7ce0ac9a5ee05d2b95/conversations -> HTTP 403 (next candidate)
[2026-09-22 03:44:31] GET /api/agents/6aa26c7ce0ac9a5ee05d2b95/conversations/6aa26c825d5b4135ae6b48b5/messages -> HTTP 403 (next candidate)
[2026-09-22 03:44:32] GET /api/agents/6aa26c7ce0ac9a5ee05d2b95/conversations/6aa26c825d5b4135ae6b48b5 -> HTTP 403 (next candidate)
[2026-09-22 03:44:32] GET /api/agents/6aa26c7ce0ac9a5ee05d2b95/conversations -> HTTP 403 (next candidate)
[2026-09-22 03:44:42] GET /api/agents/6aa26c7ce0ac9a5ee05d2b95/conversations/6aa26c825d5b4135ae6b48b5/messages -> HTTP 403 (next candidate)
[2026-09-22 03:44:42] GET /api/agents/6aa26c7ce0ac9a5ee05d2b95/conversations/6aa26c825d5b4135ae6b48b5 -> HTTP 403 (next candidate)
[2026-09-22 03:44:42] GET /api/agents/6aa26c7ce0ac9a5ee05d2b95/conversations -> HTTP 403 (next candidate)
[2026-09-22 03:44:52] GET /api/agents/6aa26c7ce0ac9a5ee05d2b95/conversations/6aa26c825d5b4135ae6b48b5/messages -> HTTP 403 (next candidate)
[2026-09-22 03:44:52] GET /api/agents/6aa26c7ce0ac9a5ee05d2b95/conversations/6aa26c825d5b4135ae6b48b5 -> HTTP 403 (next candidate)
[2026-09-22 03:44:52] GET /api/agents/6aa26c7ce0ac9a5ee05d2b95/conversations -> HTTP 403 (next candidate)
[2026-09-22 03:45:02] GET /api/agents/6aa26c7ce0ac9a5ee05d2b95/conversations/6aa26c825d5b4135ae6b48b5/messages -> HTTP 403 (next candidate)
[2026-09-22 03:45:03] GET /api/agents/6aa26c7ce0ac9a5ee05d2b95/conversations/6aa26c825d5b4135ae6b48b5 -> HTTP 403 (next candidate)
[2026-09-22 03:45:03] GET /api/agents/6aa26c7ce0ac9a5ee05d2b95/conversations -> HTTP 403 (next candidate)
[2026-09-22 03:45:13] GET /api/agents/6aa26c7ce0ac9a5ee05d2b95/conversations/6aa26c825d5b4135ae6b48b5/messages -> HTTP 403 (next candidate)
[2026-09-22 03:45:13] GET /api/agents/6aa26c7ce0ac9a5ee05d2b95/conversations/6aa26c825d5b4135ae6b48b5 -> HTTP 403 (next candidate)
[2026-09-22 03:45:13] GET /api/agents/6aa26c7ce0ac9a5ee05d2b95/conversations -> HTTP 403 (next candidate)
[2026-09-22 03:45:23] GET /api/agents/6aa26c7ce0ac9a5ee05d2b95/conversations/6aa26c825d5b4135ae6b48b5/messages -> HTTP 403 (next candidate)
[2026-09-22 03:45:23] GET /api/agents/6aa26c7ce0ac9a5ee05d2b95/conversations/6aa26c825d5b4135ae6b48b5 -> HTTP 403 (next candidate)
[2026-09-22 03:45:23] GET /api/agents/6aa26c7ce0ac9a5ee05d2b95/conversations -> HTTP 403 (next candidate)
[2026-09-22 03:45:33] GET /api/agents/6aa26c7ce0ac9a5ee05d2b95/conversations/6aa26c825d5b4135ae6b48b5/messages -> HTTP 403 (next candidate)
[2026-09-22 03:45:34] GET /api/agents/6aa26c7ce0ac9a5ee05d2b95/conversations/6aa26c825d5b4135ae6b48b5 -> HTTP 403 (next candidate)
[2026-09-22 03:45:34] GET /api/agents/6aa26c7ce0ac9a5ee05d2b95/conversations -> HTTP 403 (next candidate)
[2026-09-22 03:45:44] GET /api/agents/6aa26c7ce0ac9a5ee05d2b95/conversations/6aa26c825d5b4135ae6b48b5/messages -> HTTP 403 (next candidate)
[2026-09-22 03:45:44] GET /api/agents/6aa26c7ce0ac9a5ee05d2b95/conversations/6aa26c825d5b4135ae6b48b5 -> HTTP 403 (next candidate)
[2026-09-22 03:45:44] GET /api/agents/6aa26c7ce0ac9a5ee05d2b95/conversations -> HTTP 403 (next candidate)
[2026-09-22 03:45:54] GET /api/agents/6aa26c7ce0ac9a5ee05d2b95/conversations/6aa26c825d5b4135ae6b48b5/messages -> HTTP 403 (next candidate)
[2026-09-22 03:45:54] GET /api/agents/6aa26c7ce0ac9a5ee05d2b95/conversations/6aa26c825d5b4135ae6b48b5 -> HTTP 403 (next candidate)
[2026-09-22 03:45:54] GET /api/agents/6aa26c7ce0ac9a5ee05d2b95/conversations -> HTTP 403 (next candidate)
[2026-09-22 03:46:04] GET /api/agents/6aa26c7ce0ac9a5ee05d2b95/conversations/6aa26c825d5b4135ae6b48b5/messages -> HTTP 403 (next candidate)
[2026-09-22 03:46:04] GET /api/agents/6aa26c7ce0ac9a5ee05d2b95/conversations/6aa26c825d5b4135ae6b48b5 -> HTTP 403 (next candidate)
[2026-09-22 03:46:05] GET /api/agents/6aa26c7ce0ac9a5ee05d2b95/conversations -> HTTP 403 (next candidate)
[2026-09-22 03:46:15] GET /api/agents/6aa26c7ce0ac9a5ee05d2b95/conversations/6aa26c825d5b4135ae6b48b5/messages -> HTTP 403 (next candidate)
[2026-09-22 03:46:15] GET /api/agents/6aa26c7ce0ac9a5ee05d2b95/conversations/6aa26c825d5b4135ae6b48b5 -> HTTP 403 (next candidate)
[2026-09-22 03:46:15] GET /api/agents/6aa26c7ce0ac9a5ee05d2b95/conversations -> HTTP 403 (next candidate)
[2026-09-22 03:46:25] GET /api/agents/6aa26c7ce0ac9a5ee05d2b95/conversations/6aa26c825d5b4135ae6b48b5/messages -> HTTP 403 (next candidate)
[2026-09-22 03:46:25] GET /api/agents/6aa26c7ce0ac9a5ee05d2b95/conversations/6aa26c825d5b4135ae6b48b5 -> HTTP 403 (next candidate)
[2026-09-22 03:46:25] GET /api/agents/6aa26c7ce0ac9a5ee05d2b95/conversations -> HTTP 403 (next candidate)
[2026-09-22 03:46:35] GET /api/agents/6aa26c7ce0ac9a5ee05d2b95/conversations/6aa26c825d5b4135ae6b48b5/messages -> HTTP 403 (next candidate)
[2026-09-22 03:46:36] GET /api/agents/6aa26c7ce0ac9a5ee05d2b95/conversations/6aa26c825d5b4135ae6b48b5 -> HTTP 403 (next candidate)
[2026-09-22 03:46:36] GET /api/agents/6aa26c7ce0ac9a5ee05d2b95/conversations -> HTTP 403 (next candidate)
[2026-09-22 03:46:46] GET /api/agents/6aa26c7ce0ac9a5ee05d2b95/conversations/6aa26c825d5b4135ae6b48b5/messages -> HTTP 403 (next candidate)
[2026-09-22 03:46:46] GET /api/agents/6aa26c7ce0ac9a5ee05d2b95/conversations/6aa26c825d5b4135ae6b48b5 -> HTTP 403 (next candidate)
[2026-09-22 03:46:46] GET /api/agents/6aa26c7ce0ac9a5ee05d2b95/conversations -> HTTP 403 (next candidate)
[2026-09-22 03:46:56] GET /api/agents/6aa26c7ce0ac9a5ee05d2b95/conversations/6aa26c825d5b4135ae6b48b5/messages -> HTTP 403 (next candidate)
[2026-09-22 03:46:56] GET /api/agents/6aa26c7ce0ac9a5ee05d2b95/conversations/6aa26c825d5b4135ae6b48b5 -> HTTP 403 (next candidate)
[2026-09-22 03:46:56] GET /api/agents/6aa26c7ce0ac9a5ee05d2b95/conversations -> HTTP 403 (next candidate)
